HIP,HD,HR,Bayer,Fl,Cst
14135,18884,911,"alf",92,"Cet"
14143,18883,910," ",93,"Cet"
14915,19926,958,"g",,"Tau"
13954,18604,896,"lam",91,"Cet"
15900,21120,1030,"omi",1,"Tau"
16511,21933,1079,"t",6,"Tau"
16083,21364,1038,"ksi",2,"Tau"
16322,21686,1061,"s",4,"Tau"
12093,16161,754,"nu.",78,"Cet"
12828,17094,813,"mu.",87,"Cet"
11484,15318,718,"ksi02",73,"Cet"
11427,15228,," ",25,"Ari"
11249,14951,702,"ksi",24,"Ari"
12647,16861,797," ",85,"Cet"
12832,17093,812," ",38,"Ari"
12153,16234,763," ",31,"Ari"
12803,17036,809,"omi",37,"Ari"
13327,17769,847,"sig",43,"Ari"
13579,18091,,"rho01",44,"Ari"
13702,18256,869,"rho",46,"Ari"
13654,18191,867," ",45,"Ari"
17771,23793,1174,"e",30,"Tau"
16369,21754,1066,"f",5,"Tau"
20889,28305,1409,"eps",74,"Tau"
19388,26162,1283," ",43,"Tau"
19990,27045,1329,"ome",50,"Tau"
20171,27295,1339," ",53,"Tau"
20087,27176,1331," ",51,"Tau"
20186,27309,1341," ",56,"Tau"
19076,25680,1262,"A02",39,"Tau"
19038,25604,1256,"A01",37,"Tau"
17408,23183,1132," ",14,"Tau"
17309,23016,1126," ",13,"Tau"
14514,19374,938," ",53,"Ari"
14586,19460,940," ",54,"Ari"
14838,19787,951,"del",57,"Ari"
15110,20150,972,"zet",58,"Ari"
15870,21050,1027," ",65,"Ari"
15737,20893,1015," ",63,"Ari"
15627,20756,1005,"tau",61,"Ari"
16181,21467,1048," ",66,"Ari"
17608,23480,1156," ",23,"Tau"
17499,23302,1142," ",17,"Tau"
17573,23408,1149," ",20,"Tau"
17489,23288,1140," ",16,"Tau"
17531,23338,1145,"q",19,"Tau"
18471,24740,1218," ",32,"Tau"
18485,24769,1221," ",33,"Tau"
19009,25555,1252," ",36,"Tau"
17832,23822,," ",26,"Tau"
17847,23850,1178," ",27,"Tau"
17851,23862,1180," ",28,"Tau"
17702,23630,1165,"eta",25,"Tau"
17588,23441,1152," ",22,"Tau"
17579,23432,1151," ",21,"Tau"
16859,22374,," ",9,"Tau"
16664,22091,1086," ",7,"Tau"
17181,22805,1118," ",11,"Tau"
15861,21017,1022," ",64,"Ari"
17527,23324,1144," ",18,"Tau"
11843,15814,741," ",29,"Ari"
10328,13596,648," ",19,"Ari"
12784,17017,808," ",36,"Ari"
11698,15596,731," ",27,"Ari"
13165,17543,836,"pi.",42,"Ari"
13108,17459,828," ",40,"Ari"
12640,16811,793,"mu.",34,"Ari"
11678,15550,729," ",26,"Ari"
10732,14191,669,"the",22,"Ari"
12332,16432,773,"nu.",32,"Ari"
9110,11909,563,"iot",8,"Ari"
8387,10982,522," ",4,"Ari"
8271,10845,515," ",3,"Ari"
10155,13325,631," ",15,"Ari"
8832,11502,546,"gam01",5,"Ari"
8159,10697,508," ",109,"Psc"
7981,10476,493," ",107,"Psc"
8903,11636,553,"bet",6,"Ari"
8544,11154,530," ",1,"Ari"
8993,11763,559," ",7,"Ari"
10306,13555,646,"eta",17,"Ari"
9836,12869,613,"kap",12,"Ari"
12189,16246,765," ",30,"Ari"
12184,16232,764," ",30,"Ari"
9884,12929,617,"alf",13,"Ari"
9153,11973,569,"lam",9,"Ari"
9859,12885,615," ",11,"Ari"
9621,12558,605," ",10,"Ari"
10535,13872,657," ",21,"Ari"
10540,13871,656," ",20,"Ari"
10203,13363,633," ",16,"Ari"
10053,13174,623," ",14,"Ari"
10793,14252,675," ",10,"Tri"
13834,18404,878," ",47,"Ari"
13914,18519,887,"eps",48,"Ari"
14376,19134,927," ",52,"Ari"
14109,18769,905," ",49,"Ari"
14150,18803,," ",51,"Ari"
13209,17573,838,"c",41,"Ari"
15557,20663,1000," ",60,"Ari"
15514,20618,995," ",59,"Ari"
14893,19832,954," ",56,"Ari"
15696,20825,1012," ",62,"Ari"
14677,19548,944," ",55,"Ari"
12489,16628,782," ",33,"Ari"
12719,16908,801," ",35,"Ari"
13061,17361,824," ",39,"Ari"
11486,15257,717," ",12,"Tri"
11548,15335,720," ",13,"Tri"
11432,15176,712," ",11,"Tri"
12086,16058,750," ",15,"Tri"
13775,18296,873," ",21,"Per"
13905,18449,882," ",24,"Per"
13328,17709,843," ",17,"Per"
14354,19058,921,"rho",25,"Per"
13490,17904,855," ",20,"Per"
13254,17584,840," ",16,"Per"
13879,18411,879,"pi.",22,"Per"
20641,27946,1388," ",67,"Tau"
20635,27934,1387,"kap",65,"Tau"
20711,28024,1392,"ups",69,"Tau"
20789,28149,1399," ",72,"Tau"
21881,29763,1497,"tau",94,"Tau"
21961,29859,1499," ",95,"Tau"
20533,27778,1378," ",62,"Tau"
20430,27638,1369,"chi",59,"Tau"
20250,27382,1348,"phi",52,"Tau"
23015,31398,1577,"iot",3,"Aur"
19513,26322,1287,"p",44,"Tau"
19171,25823,1268," ",41,"Tau"
19205,25867,1269,"psi",42,"Tau"
18350,24534,1209,"X",,"Per"
18246,24398,1203,"zet",44,"Per"
20591,27786,1379," ",56,"Per"
20579,27777,1377," ",55,"Per"
20252,27348,1343," ",54,"Per"
24504,33959,1706," ",14,"Aur"
24727,34334,1726," ",16,"Aur"
24879,34578,1740," ",19,"Aur"
24740,34364,1728,"AR",17,"Aur"
24832,34499,1734," ",18,"Aur"
24575,34078,1712,"AE",,"Aur"
25541,35620,1805,"phi",24,"Aur"
25292,35186,1773,"sig",21,"Aur"
24340,33641,1689,"mu.",11,"Aur"
24813,34411,1729,"lam",15,"Aur"
27483,38656,1995,"tau",29,"Aur"
25048,34759,1749,"rho",20,"Aur"
28360,40183,2088,"bet",34,"Aur"
28404,40239,2091,"pi.",35,"Aur"
22678,30834,1551," ",2,"Aur"
22453,30504,1533," ",1,"Aur"
23179,31647,1592," ",4,"Aur"
23261,31761,1599," ",5,"Aur"
23268,31780,1602," ",6,"Aur"
23453,32068,1612,"zet",8,"Aur"
23767,32630,1641,"eta",10,"Aur"
21476,29094,1454,"e",58,"Per"
21928,29722,1494," ",59,"Per"
23416,31964,1605,"eps",7,"Aur"
24608,34029,1708,"alf",13,"Aur"
27196,38104,1971,"omi",27,"Aur"
28358,40035,2077,"del",33,"Aur"
17448,23180,1131,"omi",38,"Per"
17886,23848,1177,"n",42,"Per"
17313,22951,1123,"o",40,"Per"
18614,24912,1228,"ksi",46,"Per"
19302,25975,1277," ",49,"Per"
19335,25998,1278," ",50,"Per"
19811,26673,1306,"f",52,"Per"
18532,24760,1220,"eps",45,"Per"
14817,19656,947,"ome",28,"Per"
14576,19356,936,"bet",26,"Per"
15648,20677,1002,"l",32,"Per"
16499,21770,1069," ",36,"Per"
15338,20315,982," ",30,"Per"
17529,23230,1135,"nu.",41,"Per"
19343,25940,1273,"c",48,"Per"
19812,26630,1303,"mu.",51,"Per"
19167,25642,1261,"lam",47,"Per"
17358,22928,1122,"del",39,"Per"
16826,22192,1087,"psi",37,"Per"
16335,21552,1052,"sig",35,"Per"
18453,24546,1210,"A",43,"Per"
21242,28704,1434,"m",57,"Per"
20354,27396,1350,"d",53,"Per"
23216,31579,1588," ",8,"Cam"
23040,31278,1568," ",7,"Cam"
27949,39283,2029,"ksi",30,"Aur"
23783,32537,1637," ",9,"Aur"
26587,37070,," ",22,"Cam"
26942,37601,1941," ",24,"Cam"
27249,38091,1969," ",26,"Cam"
27283,38129,," ",28,"Cam"
27592,38618,1992," ",29,"Cam"
25973,36066,1828," ",18,"Cam"
27731,38831,2006," ",30,"Cam"
27971,39220,2027," ",31,"Cam"
20070,26961,1324,"b",,"Per"
20234,27192,1333,"b02",,"Per"
21727,29317,1467," ",3,"Cam"
21730,29316,1466," ",2,"Cam"
22854,30958,1555," ",5,"Cam"
21148,28446,1417," ",1,"Cam"
22287,30121,1511," ",4,"Cam"
25197,34787,1751," ",16,"Cam"
24836,34233,1719," ",15,"Cam"
27046,37638,1943," ",23,"Cam"
23734,32343,1622," ",11,"Cam"
23743,32357,1623," ",12,"Cam"
23522,31910,1603,"bet",10,"Cam"
24348,33296,1678," ",14,"Cam"
25769,35583,1802," ",17,"Cam"
26408,36570,1857," ",19,"Cam"
5742,7318,360,"phi",85,"Psc"
6193,7964,383,"ups",90,"Psc"
9383,12211,,"chi",,"Tri"
8796,11443,544,"alf",2,"Tri"
10280,13480,642," ",6,"Tri"
6315,8126,389,"l",91,"Psc"
5586,7106,352,"tau",83,"Psc"
4510,5575,274,"h",68,"Psc"
5544,7034,349,"g",82,"Psc"
5319,6680,327," ",78,"Psc"
5175,6476,," ",76,"Psc"
4889,6118,291,"sig",69,"Psc"
5447,6860,337,"bet",43,"And"
6514,8374,395," ",47,"And"
10220,13372,634," ",5,"Tri"
10559,13869,655," ",7,"Tri"
10670,14055,664,"gam",9,"Tri"
10644,13974,660,"del",8,"Tri"
11784,15656,736," ",14,"Tri"
9570,12471,599,"eps",3,"Tri"
10064,13161,622,"bet",4,"Tri"
9977,13041,620," ",58,"And"
10176,13294,628," ",59,"And"
10180,13295,629," ",59,"And"
12623,16739,788," ",12,"Per"
12768,16901,800," ",14,"Per"
9021,11749,557," ",56,"And"
8814,11428,543," ",55,"And"
9640,12533,603,"gam01",57,"And"
7818,10205,477,"tau",53,"And"
7513,9826,458,"ups",50,"And"
7719,10072,469,"chi",52,"And"
10340,13520,643,"b",60,"And"
10819,14212,670,"c",62,"And"
11220,14770,694," ",64,"And"
10944,14392,682," ",63,"And"
9222,11949,568," ",3,"Per"
8714,11291,536," ",2,"Per"
10366,13530,645," ",6,"Per"
4436,5448,269,"mu.",37,"And"
2912,3369,154,"pi.",29,"And"
3231,3817,175," ",32,"And"
5550,7019,348," ",45,"And"
5493,6920,340," ",44,"And"
4903,6116,290," ",39,"And"
3881,4727,226,"nu.",35,"And"
5317,6658,324," ",41,"And"
1473,1404,68,"sig",25,"And"
1686,1671,82,"rho",27,"And"
1366,1280,63,"the",24,"And"
1086,905,41," ",23,"And"
1501,1438,70," ",26,"And"
63,224801,9080,"CG",,"And"
841,571,27," ",22,"And"
3414,4058,184,"pi.",20,"Cas"
3478,4142,189," ",68,"Cas"
3504,4180,193,"omi",22,"Cas"
1415,1337,65,"AO",,"Cas"
6813,8799,417,"ome",48,"And"
6411,8207,390,"ksi",46,"And"
6999,9057,430,"A",49,"And"
7607,9927,464," ",51,"And"
5434,6811,335,"phi",42,"And"
8068,10516,496,"phi",,"Per"
8704,11241,533," ",1,"Per"
5336,6582,321,"mu.",30,"Cas"
5542,6961,343,"the",33,"Cas"
6242,7927,382,"phi",34,"Cas"
3300,3901,179,"ksi",19,"Cas"
3801,4636,223,"nu.",25,"Cas"
2920,3360,153,"zet",17,"Cas"
2505,2772,123,"lam",14,"Cas"
3179,3712,168,"alf",18,"Cas"
746,432,21,"bet",11,"Cas"
3821,4614,219,"eta",24,"Cas"
4422,5395,265,"ups02",28,"Cas"
4292,5234,253,"ups01",26,"Cas"
4427,5394,264,"gam",27,"Cas"
330,225180,9100," ",9,"Cas"
1960,2011,93," ",12,"Cas"
2599,2905,130,"kap",15,"Cas"
531,144,7," ",10,"Cas"
14668,19476,941,"kap",27,"Per"
14632,19373,937,"iot",,"Per"
12777,16895,799,"the",13,"Per"
13531,17878,854,"tau",18,"Per"
16244,21428,1044," ",34,"Per"
15863,20902,1017,"alf",33,"Per"
15444,20418,989," ",31,"Per"
15404,20365,987," ",29,"Per"
14328,18925,915,"gam",23,"Per"
11313,14872,699," ",65,"And"
11465,15138,709," ",66,"And"
12692,16727,785," ",11,"Per"
13268,17506,834,"eta",15,"Per"
9505,12303,590,"g",4,"Per"
11060,14489,685,"i",9,"Per"
11279,14818,696," ",10,"Per"
10729,13994,662,"chi",7,"Per"
10718,13982,661," ",8,"Per"
14382,18970,918,"k",,"Per"
22783,30614,1542,"alf",9,"Cam"
17959,23401,1148,"gam",,"Cam"
10227,13267,627," ",5,"Per"
7294,9408,442,"chi",39,"Cas"
8046,10425,491," ",44,"Cas"
6686,8538,403,"del",37,"Cas"
8886,11415,542,"eps",45,"Cas"
11569,15089,707,"iot",,"Cas"
9573,12301,589," ",53,"Cas"
9564,12279,586," ",52,"Cas"
7965,10221,478," ",43,"Cas"
10438,13474,640," ",55,"Cas"
9009,11529,548,"ome",46,"Cas"
10031,12800,," ",54,"Cas"
9480,12111,575,"A",48,"Cas"
6312,8003,384," ",35,"Cas"
5589,6972,345," ",32,"Cas"
2707,3038,137," ",16,"Cas"
2474,2729,121," ",13,"Cas"
6692,8491,399,"psi",36,"Cas"
7078,9021,427," ",38,"Cas"
5518,6829,336," ",31,"Cas"
8016,10250,480," ",42,"Cas"
7650,9774,456," ",40,"Cas"
3721,4382,208," ",23,"Cas"
3572,4161,192,"YZ",21,"Cas"
13367,17463,829,"SU",,"Cas"
13133,17138,815,"RZ",,"Cas"
9598,12216,580," ",50,"Cas"
9763,12339,592," ",49,"Cas"
9727,12230,581," ",47,"Cas"
4843,5679,,"ups",,"Cep"
5372,5848,285," ",2,"UMi"
11767,8890,424,"alf",1,"UMi"
44659,77996,3613,"ome",18,"Hya"
43234,75137,3492,"rho",13,"Hya"
42931,74591,3469," ",10,"Hya"
43109,74874,3482,"eps",11,"Hya"
43813,76294,3547,"zet",16,"Hya"
46457,81873,3755," ",3,"Leo"
47508,83808,3852,"omi",14,"Leo"
46454,81858,3754,"ome",2,"Leo"
46774,82381,3779,"h",6,"Leo"
46771,82395,3782,"ksi",5,"Leo"
44798,78316,3623,"kap",76,"Cnc"
42313,73262,3410,"del",4,"Hya"
42353,73316,3412," ",37,"Cnc"
42917,74521,3465,"b",49,"Cnc"
42265,73143,3406,"c",36,"Cnc"
41904,72359,3372," ",34,"Cnc"
41163,70734,3290," ",21,"Cnc"
43121,74873,3481,"A02",50,"Cnc"
42795,74228,3450,"A01",45,"Cnc"
43851,76351,3550," ",60,"Cnc"
44066,76756,3572,"alf",65,"Cnc"
45410,79554,3669,"pi.",82,"Cnc"
44838,78347,," ",74,"Cnc"
45170,79096,3650," ",81,"Cnc"
43454,75528,3510," ",54,"Cnc"
43463,75558,," ",52,"Cnc"
43970,76543,3561,"omi01",62,"Cnc"
44001,76582,3565,"omi02",63,"Cnc"
43811,76221,3541,"X",,"Cnc"
48029,84722,3880," ",19,"Leo"
47959,84561,3877," ",18,"Leo"
48324,85268,3896," ",23,"Leo"
47723,84194,3866,"psi",16,"Leo"
47266,83343,," ",11,"Leo"
47096,83023,3818," ",7,"Leo"
47189,83189,3826," ",8,"Leo"
49583,87737,3975,"eta",30,"Leo"
50564,89449,4054," ",40,"Leo"
50583,89484,4057,"gam01",41,"Leo"
45699,80218,," ",83,"Cnc"
45153,79009,," ",80,"Cnc"
48218,85040,3889," ",20,"Leo"
47908,84441,3873,"eps",17,"Leo"
48390,85376,3900,"g",22,"Leo"
48455,85503,3905,"mu.",24,"Leo"
46750,82308,3773,"lam",4,"Leo"
47247,83273,," ",9,"Leo"
47550,83821,3853," ",13,"Leo"
41400,71250,3319," ",27,"Cnc"
41578,71555,3333," ",29,"Cnc"
39567,66664,3163," ",8,"Cnc"
39874,67483,3184," ",12,"Cnc"
39236,65873,3134," ",5,"Cnc"
41319,71030,3299,"d02",25,"Cnc"
40167,68256,3209,"zet02",16,"Cnc"
40167,68257,3208,"zet01",16,"Cnc"
41822,72094,3357,"the",31,"Cnc"
42911,74442,3461,"del",47,"Cnc"
42556,73731,3429,"eps",41,"Cnc"
42578,73785,," ",42,"Cnc"
42485,73575,," ",38,"Cnc"
42523,73666,," ",40,"Cnc"
42516,73665,3427," ",39,"Cnc"
41117,70569,3284,"d01",20,"Cnc"
42133,72779,3387," ",35,"Cnc"
41909,72292,3366,"eta",33,"Cnc"
42806,74198,3449,"gam",43,"Cnc"
38848,64960,3095," ",1,"Cnc"
39177,65759,3128," ",3,"Cnc"
38722,64648,3086," ",85,"Gem"
37300,61338,2938,"f",74,"Gem"
37908,62721,3003,"g",81,"Gem"
37811,62510,2991," ",79,"Gem"
38106,63208,3021," ",82,"Gem"
39780,67228,3176,"mu.",10,"Cnc"
41940,72324,3369,"ups02",32,"Cnc"
41816,72041,3355,"ups01",30,"Cnc"
41574,71496,3329," ",28,"Cnc"
41389,71152,3312," ",24,"Cnc"
40881,70011,3268,"lam",19,"Cnc"
41404,71150,3310,"phi02",23,"Cnc"
39659,66875,3169," ",9,"Cnc"
40023,67767,3191,"psi",14,"Cnc"
39263,65856,3132," ",4,"Cnc"
39191,65714,3124,"ome",2,"Cnc"
40007,67690,,"psi01",13,"Cnc"
40843,69897,3262,"chi",18,"Cnc"
45033,78715,3640," ",79,"Cnc"
44946,78515,3627,"ksi",77,"Cnc"
44405,77350,3595,"nu.",69,"Cnc"
44892,78418,3626," ",75,"Cnc"
44512,77557,3601," ",70,"Cnc"
43834,76219,3540,"rho02",58,"Cnc"
44342,77190,3589," ",67,"Cnc"
46146,81146,3731,"kap",1,"Leo"
47701,84107,3861,"f",15,"Leo"
44818,78235,3621,"tau",72,"Cnc"
45058,78712,3639,"RS",,"Cnc"
45860,80493,3705,"alf",40,"Lyn"
43575,75716,3521," ",53,"Cnc"
43587,75732,3522,"rho01",55,"Cnc"
43103,74739,3475,"iot",48,"Cnc"
43100,74738,3474,"iot",48,"Cnc"
44031,76572,3563," ",61,"Cnc"
43721,75959,3532," ",57,"Cnc"
42954,74485,3464," ",46,"Cnc"
41377,71093,3304,"phi01",22,"Cnc"
44307,77104,3587," ",66,"Cnc"
44154,76813,3575,"sig03",64,"Cnc"
43932,76398,3555,"sig02",59,"Cnc"
43584,75698,3519,"sig01",51,"Cnc"
52457,92825,4192," ",41,"LMi"
52422,92769,4189," ",40,"LMi"
50384,89125,4039," ",39,"Leo"
50335,89025,4031,"zet",36,"Leo"
50319,89010,4030," ",35,"Leo"
53355,94480,4254," ",48,"LMi"
52959,93765,4230," ",44,"LMi"
52882,93636,4223," ",43,"LMi"
52638,93152,4203," ",42,"LMi"
52098,92125,4166," ",37,"LMi"
53426,94600,4258," ",46,"UMa"
53377,94497,4256," ",47,"LMi"
53229,94264,4247," ",46,"LMi"
50316,88986,4027," ",24,"LMi"
50303,88960,4024," ",23,"LMi"
50218,88786,4014," ",22,"LMi"
48742,86012,," ",18,"LMi"
49081,86728,3951," ",20,"LMi"
49593,87696,3974," ",21,"LMi"
51556,91130,4124," ",33,"LMi"
51056,90277,4090," ",30,"LMi"
50935,90040,4081," ",28,"LMi"
52032,92000,," ",36,"LMi"
51685,91365,4137," ",34,"LMi"
51914,91752,4150," ",35,"LMi"
52139,92168,4168," ",38,"LMi"
50860,89904,4075," ",27,"LMi"
51047,90250,," ",29,"LMi"
51233,90537,4100,"bet",31,"LMi"
51420,90840,4113," ",32,"LMi"
55203,98230,4374,"ksi",53,"UMa"
55219,98262,4377,"nu.",54,"UMa"
54136,95934,4309," ",51,"UMa"
55266,98353,4380," ",55,"UMa"
56034,99787,4422," ",57,"UMa"
56148,99984,4431," ",58,"UMa"
56770,101107,4477," ",59,"UMa"
58117,103498,4561," ",65,"UMa"
58112,103483,4560," ",65,"UMa"
53838,95310,4288," ",49,"UMa"
53721,95128,4277," ",47,"UMa"
54539,96833,4335,"psi",52,"UMa"
53295,94334,4248,"ome",45,"UMa"
55560,98839,4392," ",56,"UMa"
56789,101133,4480," ",60,"UMa"
57399,102224,4518,"chi",63,"UMa"
58001,103287,4554,"gam",64,"UMa"
46652,82087,3764," ",7,"LMi"
46735,82198,3769," ",8,"LMi"
47631,83951,3857," ",13,"LMi"
47080,82885,3815," ",11,"LMi"
46952,82635,3800," ",10,"LMi"
46904,82522,3791," ",9,"LMi"
48256,85029,," ",16,"LMi"
47570,83805,3851," ",43,"Lyn"
50801,89758,4069,"mu.",34,"UMa"
50372,89021,4033,"lam",33,"UMa"
48833,86146,3928," ",19,"LMi"
45688,80081,3690," ",38,"Lyn"
47300,83287,3829," ",42,"Lyn"
44248,76943,3579," ",10,"UMa"
45290,79158,3652," ",36,"Lyn"
46471,81688,3743," ",41,"Lyn"
47973,84453,," ",14,"LMi"
48113,84737,3881," ",15,"LMi"
48682,85795,3917," ",31,"UMa"
58181,103605,4566," ",66,"UMa"
53261,94247,4246," ",44,"UMa"
53043,93859,4235," ",43,"UMa"
51459,90839,4112," ",36,"UMa"
52650,93075,," ",40,"UMa"
52685,93132,4202," ",41,"UMa"
52478,92728,4187," ",39,"UMa"
51814,91480,4141," ",37,"UMa"
53910,95418,4295,"bet",48,"UMa"
53064,93875,4236," ",42,"UMa"
54061,95689,4301,"alf",50,"UMa"
36156,58579,2837," ",61,"Gem"
36238,58728,2846," ",63,"Gem"
35550,56986,2777,"del",55,"Gem"
35842,57744,2810," ",58,"Gem"
37740,62345,2985,"kap",77,"Gem"
37704,62285,2983,"c",76,"Gem"
35846,57727,2808,"A",57,"Gem"
34819,55052,2706," ",48,"Gem"
35025,55621,2725," ",52,"Gem"
34861,55156,," ",49,"Gem"
36962,60522,2905,"ups",69,"Gem"
35941,57927,2816," ",59,"Gem"
36046,58207,2821,"iot",60,"Gem"
36429,59148,2861,"b",65,"Gem"
36393,59037,2857," ",64,"Gem"
38538,64145,3067,"phi",83,"Gem"
37826,62509,2990,"bet",78,"Gem"
39424,66216,3149,"chi",,"Gem"
40240,68351,3215," ",15,"Cnc"
37629,62044,2973,"sig",75,"Gem"
38016,62898,3013,"pi.",80,"Gem"
34722,54801,2700," ",47,"Gem"
35152,55870,2738," ",53,"Gem"
34693,54719,2697,"tau",46,"Gem"
36366,58946,2852,"rho",62,"Gem"
36850,60179,2891,"alf",66,"Gem"
37265,61110,2930,"omi",71,"Gem"
37204,60986,2924," ",70,"Gem"
35710,57264,2793," ",65,"Aur"
41975,72291,3365," ",32,"Lyn"
42090,72524,3377," ",33,"Lyn"
43531,75506,3508," ",35,"Lyn"
41075,70272,3275," ",31,"Lyn"
42604,73593,3422," ",34,"Lyn"
39722,66824,3167," ",28,"Lyn"
38623,64106,3065," ",25,"Lyn"
38639,64144,3066," ",26,"Lyn"
39847,67006,3173," ",27,"Lyn"
33018,50019,2540,"the",34,"Gem"
33133,50204,2547,"psi08",61,"Aur"
33064,50037,2541," ",60,"Aur"
33041,50018,2539," ",59,"Aur"
31579,46687,2405,"UU",,"Aur"
31771,47070,2419," ",51,"Aur"
31789,47100,2420,"psi03",52,"Aur"
34752,54716,2696," ",63,"Aur"
33614,51440,2600," ",62,"Aur"
35341,56221,2753," ",64,"Aur"
35907,57669,2805," ",66,"Aur"
32844,49520,2516,"psi07",58,"Aur"
32480,48682,2483,"psi05",56,"Aur"
33485,50973,2585," ",16,"Lyn"
33377,50658,2568,"psi09",,"Aur"
31832,47174,2427,"psi02",50,"Aur"
28677,40801,2119," ",38,"Aur"
28823,41074,2132," ",39,"Aur"
28499,40394,2101," ",36,"Aur"
32173,47914,2459,"psi04",55,"Aur"
30972,45466,2338," ",47,"Aur"
29949,43380,2239," ",43,"Aur"
29884,43244,2228," ",42,"Aur"
29388,42126,2175," ",41,"Aur"
30520,44537,2289,"psi01",46,"Aur"
28765,40873,2123," ",35,"Cam"
36145,58142,2818," ",21,"Lyn"
36439,58855,2849," ",22,"Lyn"
35726,57066,," ",20,"Lyn"
35785,57103,2784," ",19,"Lyn"
35783,57102,2783," ",19,"Lyn"
35146,55280,2715," ",18,"Lyn"
32562,48781,2487,"psi06",57,"Aur"
31359,46101,2376," ",7,"Lyn"
31665,46590,2402," ",11,"Lyn"
30247,43905,2264," ",45,"Aur"
30651,44691,2291,"RR",,"Lyn"
29246,41597,2152," ",37,"Cam"
32489,48432,2477," ",13,"Lyn"
32438,48250,2470," ",12,"Lyn"
33449,50522,2560," ",15,"Lyn"
33048,49618,2520," ",14,"Lyn"
31676,46480,2394," ",8,"Lyn"
31039,45410,2331," ",6,"Lyn"
30679,44708,2293," ",5,"Lyn"
30060,43378,2238," ",2,"Lyn"
30272,43812,2257," ",4,"Lyn"
29730,42633,2201," ",40,"Cam"
29919,42973,2215," ",1,"Lyn"
30278,43749,," ",3,"Lyn"
44471,77327,3594,"kap",12,"UMa"
44127,76644,3569,"iot",9,"UMa"
44901,78209,3619,"f",15,"UMa"
46853,82328,3775,"the",25,"UMa"
47006,82621,3799," ",26,"UMa"
45836,80290,3697," ",37,"Lyn"
48402,85235,3894,"phi",30,"UMa"
45493,79439,3662,"e",18,"UMa"
45455,79354,3660," ",17,"UMa"
47965,84335,3870," ",44,"Lyn"
40875,69548,3254," ",30,"Lyn"
45333,79028,3648,"c",16,"UMa"
41704,71369,3323,"omi",1,"UMa"
43644,75486,3505,"b",5,"UMa"
45075,78362,3624,"tau",14,"UMa"
43903,75958,3531," ",6,"UMa"
50222,88651,4008,"U",,"UMa"
48319,84999,3888,"ups",29,"UMa"
50448,88983,4026," ",32,"UMa"
51401,90633,4106," ",35,"UMa"
57111,101673,4504," ",3,"Dra"
52353,92424,4178," ",38,"UMa"
56583,100696,4461," ",2,"Dra"
56211,100029,4434,"lam",1,"Dra"
47911,84179,3865," ",28,"UMa"
46733,81937,3757,"h",23,"UMa"
44857,77800,3609,"sig01",11,"UMa"
45038,78154,3616,"sig02",13,"UMa"
46977,82210,3771,"d",24,"UMa"
39348,65626,3119," ",54,"Cam"
37406,61106,2929," ",23,"Lyn"
37609,61497,2946," ",24,"Lyn"
40646,68930,3235," ",29,"Lyn"
40474,68457,3221," ",56,"Cam"
39261,65339,3109," ",53,"Cam"
35735,56820,2772," ",47,"Cam"
37934,62140,2977," ",49,"Cam"
40772,69148,3245," ",57,"Cam"
42527,73108,3403,"pi.02",4,"UMa"
42080,72037,3354,"A",2,"UMa"
42438,72905,3391,"pi.01",3,"UMa"
37949,62066,2975," ",51,"Cam"
40215,67447,3182," ",55,"Cam"
34572,53633,," ",17,"Lyn"
32864,48879,2490," ",42,"Cam"
33104,49340,2511," ",43,"Cam"
29490,41927,2165," ",36,"Cam"
44390,76827,3576,"rho",8,"UMa"
47654,83506,3839," ",27,"UMa"
47013,82189,3768," ",22,"UMa"
36547,55966,2742,"VZ",,"Cam"
73620,133165,5601," ",110,"Vir"
74649,135482,5675," ",3,"Ser"
76425,139195,5802," ",16,"Ser"
76276,138917,5788,"del",13,"Ser"
75230,136831,5717," ",7,"Ser"
71832,129312,5480," ",31,"Boo"
71837,129336,5481," ",32,"Boo"
71795,129246,5477,"zet",30,"Boo"
76866,140160,5843,"chi",20,"Ser"
77801,142267,5911," ",39,"Ser"
78132,142980,5940,"phi",,"Ser"
77336,141187,5870,"ups",31,"Ser"
78072,142860,5933,"gam",41,"Ser"
76423,139216,,"tau04",17,"Ser"
76424,139225,5804,"tau05",18,"Ser"
76069,138527,5770,"tau02",12,"Ser"
77233,141003,5867,"bet",28,"Ser"
76810,140027,5840,"tau06",19,"Ser"
77111,140729,5858,"tau08",26,"Ser"
77450,141477,5879,"kap",35,"Ser"
76878,140232,5845,"tau07",22,"Ser"
79332,145647,6035,"q",,"Her"
79043,145001,6008,"kap",7,"Her"
79045,145000,6009,"kap",7,"Her"
79102,145122,6013," ",8,"Her"
78481,143666,5966,"r",5,"Her"
80170,147547,6095,"gam",20,"Her"
79666,146388,6065," ",16,"Her"
78554,143894,5972,"pi.",44,"Ser"
79349,145713,6039," ",10,"Her"
75530,137471,5739,"tau01",9,"Ser"
76337,139074,5795,"tau03",15,"Ser"
76852,140159,5842,"iot",21,"Ser"
77661,141992,5899,"rho",38,"Ser"
78159,143107,5947,"eps",13,"CrB"
76267,139006,5793,"alf",5,"CrB"
77512,141714,5889,"del",10,"CrB"
76952,140436,5849,"gam",8,"CrB"
77442,141527,5880,"R",,"CrB"
69612,124679,5330," ",15,"Boo"
69536,124570,5323," ",14,"Boo"
69989,125451,5365," ",18,"Boo"
69829,125180,5352," ",101,"Vir"
70027,125560,5370," ",20,"Boo"
69673,124897,5340,"alf",16,"Boo"
71762,129174,5475,"pi.01",29,"Boo"
72125,129972,5502,"omi",35,"Boo"
72659,131156,5544,"ksi",37,"Boo"
70602,126661,5405,"f",22,"Boo"
71115,127739,5434," ",26,"Boo"
67459,120477,5200,"ups",5,"Boo"
67275,120136,5185,"tau",4,"Boo"
67787,121107,5225," ",7,"Boo"
67927,121370,5235,"eta",8,"Boo"
66727,119055,5144," ",1,"Boo"
67480,120539,5201,"e",6,"Boo"
68276,121996,5255," ",10,"Boo"
69226,123999,5304,"d",12,"Boo"
73996,134083,5634,"c",45,"Boo"
73568,133124,5600,"ome",41,"Boo"
74087,134320,5638,"b",46,"Boo"
73745,133582,5616,"psi",43,"Boo"
75695,137909,5747,"bet",3,"CrB"
76127,138749,5778,"the",4,"CrB"
74596,135502,5676,"chi",48,"Boo"
75049,136512,5709,"omi",1,"CrB"
75312,137107,5727,"eta",2,"CrB"
75178,136849,5718," ",50,"Boo"
74666,135722,5681,"del",49,"Boo"
71995,129712,5490,"W",34,"Boo"
72105,129988,5505,"eps",36,"Boo"
71284,128167,5447,"sig",28,"Boo"
71053,127665,5429,"rho",25,"Boo"
73369,132772,5588," ",40,"Boo"
73555,133208,5602,"bet",42,"Boo"
80843,148897,6152,"s",,"Her"
80816,148856,6148,"bet",27,"Her"
82504,152326,6270," ",51,"Her"
81729,150682,6213," ",39,"Her"
79889,147025,," ",19,"Her"
82780,152863,6292," ",56,"Her"
83207,153808,6324,"eps",58,"Her"
82422,152173,6258," ",50,"Her"
82324,151937,," ",48,"Her"
81066,149420,," ",32,"Her"
81693,150680,6212,"zet",40,"Her"
82587,152598,6279," ",53,"Her"
79757,146738,6074,"ups",18,"CrB"
80181,147677,6103,"ksi",19,"CrB"
78493,143807,5971,"iot",14,"CrB"
78459,143761,5968,"rho",15,"CrB"
80247,147835,6110," ",23,"Her"
80214,147767,6108,"nu.02",21,"CrB"
80927,149141,," ",31,"Her"
80197,147749,6107,"nu.01",20,"CrB"
79607,146361,6063,"sig",17,"CrB"
80460,148283,6123," ",25,"Her"
84862,157214,6458,"w",72,"Her"
84573,156633,6431,"u",68,"Her"
85112,157778,6484,"rho",75,"Her"
83313,154029,6332,"d",59,"Her"
83462,154356,6346," ",61,"Her"
83838,155103,6377,"c",,"Her"
84380,156283,6418,"pi.",67,"Her"
84606,156729,6436,"e",69,"Her"
87563,163217,6677,"f",90,"Her"
87850,163990,6702,"OP",,"Her"
81833,150997,6220,"eta",44,"Her"
81126,149630,6168,"sig",35,"Her"
86414,160762,6588,"iot",85,"Her"
87280,162732,6664,"z",88,"Her"
84835,157325,6464," ",74,"Her"
85379,158414,6509,"x",77,"Her"
86182,160290,6574,"y",82,"Her"
87212,162579,6656," ",30,"Dra"
87833,164058,6705,"gam",33,"Dra"
77048,140716,5855,"pi.",9,"CrB"
77655,142091,5901,"kap",11,"CrB"
78012,142908,5936,"lam",12,"CrB"
76669,139892,5834,"zet02",7,"CrB"
76669,139891,5833,"zet01",7,"CrB"
76307,139153,5800,"mu.",6,"CrB"
79119,145328,6018,"tau",16,"CrB"
80704,148783,6146,"g",30,"Her"
77760,142373,5914,"chi",1,"Her"
77986,142926,5938," ",4,"Her"
77907,142780,5932," ",2,"Her"
79248,145675,," ",14,"Her"
79992,147394,6092,"tau",22,"Her"
79101,145389,6023,"phi",11,"Her"
75415,137392,5734,"mu.02",51,"Boo"
75411,137391,5733,"mu.01",51,"Boo"
76534,139641,5823,"phi",54,"Boo"
75973,138481,5763,"nu.01",52,"Boo"
76041,138629,5774,"nu.02",53,"Boo"
78592,144206,5982,"ups",6,"Her"
78574,144205,,"X",,"Her"
82321,152107,6254," ",52,"Her"
81497,150450,6200," ",42,"Her"
80809,149081,6156," ",34,"Her"
85670,159181,6536,"bet",23,"Dra"
83608,154905,6369,"mu.",21,"Dra"
85819,159541,6554,"nu.01",24,"Dra"
85829,159560,6555,"nu.02",25,"Dra"
87585,163588,6688,"ksi",32,"Dra"
81290,150100,6184," ",16,"Dra"
81292,150117,6185," ",17,"Dra"
84496,156947,6448,"VW",,"Dra"
86036,160269,6573," ",26,"Dra"
66763,119126,5149," ",2,"Boo"
67239,120064,5182," ",3,"Boo"
68478,122405,5263," ",11,"Boo"
68103,121710,5247," ",9,"Boo"
64394,114710,4983,"bet",43,"Com"
64022,113996,4954," ",41,"Com"
63462,112989,4924," ",37,"Com"
66458,118623,5127," ",25,"CVn"
69879,125351,5361,"A",,"Boo"
71075,127762,5435,"gam",27,"Boo"
71618,129002,5468," ",33,"Boo"
69732,125162,5351,"lam",19,"Boo"
67301,120315,5191,"eta",85,"UMa"
69068,123782,5300," ",13,"Boo"
69713,125161,5350,"iot",21,"Boo"
69483,124675,5329,"kap02",17,"Boo"
69481,124674,5328,"kap01",17,"Boo"
63901,113797,4943," ",14,"CVn"
63121,112412,4914,"alf01",12,"CVn"
63125,112413,4915,"alf02",12,"CVn"
62207,110897,4845," ",10,"CVn"
64246,114447,4971," ",17,"CVn"
64217,114376,4967," ",15,"CVn"
65072,116010,5032," ",23,"CVn"
64692,115271,5004," ",19,"CVn"
64844,115604,5017," ",20,"CVn"
63024,112264,4909,"TU",,"CVn"
60646,108225,4728," ",6,"CVn"
61317,109358,4785,"bet",8,"CVn"
61692,109980,4811," ",9,"CVn"
60467,107904,4715," ",4,"CVn"
59831,106690,4666," ",2,"CVn"
58684,104513,4594," ",67,"UMa"
62223,110914,4846,"Y",,"CVn"
62516,111421,4866," ",11,"CVn"
60122,107274,4690," ",3,"CVn"
60485,107950,4716," ",5,"CVn"
66234,118232,5112," ",24,"CVn"
64906,115735,5023," ",21,"CVn"
66634,119024,5142," ",82,"UMa"
67848,121409,5238," ",86,"UMa"
67231,120198,5187," ",84,"UMa"
66738,119228,5154," ",83,"UMa"
66198,118214,5109," ",81,"UMa"
65378,116656,5054,"zet",79,"UMa"
65477,116842,5062,"g",80,"UMa"
60988,108845,4761," ",7,"CVn"
59708,106478,4654," ",1,"CVn"
60712,108346,," ",72,"UMa"
60795,108502,4745," ",73,"UMa"
60584,108135,4726," ",71,"UMa"
60212,107465,4701," ",70,"UMa"
59458,106002,4641," ",68,"UMa"
59774,106591,4660,"del",69,"UMa"
62956,112185,4905,"eps",77,"UMa"
63503,113139,4931," ",78,"UMa"
61936,110462,4833," ",76,"UMa"
60978,108844,4760," ",74,"UMa"
60992,108861,4762," ",75,"UMa"
73695,133640,5618,"i",44,"Boo"
73841,133962,5627,"k",47,"Boo"
72487,130945,5533,"h",38,"Boo"
72524,131041,5538," ",39,"Boo"
70791,127243,5420,"g",24,"Boo"
70497,126660,5404,"the",23,"Boo"
75458,137759,5744,"iot",12,"Dra"
73199,132813,5589,"RR",,"UMi"
78527,144284,5986,"the",13,"Dra"
80331,148387,6132,"eta",14,"Dra"
83895,155763,6396,"zet",22,"Dra"
81660,151101,6223,"g",18,"Dra"
82898,153697,6319," ",20,"Dra"
82860,153597,6315,"h",19,"Dra"
85805,159966,6566,"f",27,"Dra"
86201,160922,6596,"ome",28,"Dra"
87728,164613,6725," ",34,"Dra"
80650,149212,6161,"A",15,"Dra"
86614,162003,6636,"psi",31,"Dra"
86620,162004,6637,"psi",31,"Dra"
85852,160538,," ",29,"Dra"
87234,163989,6701," ",35,"Dra"
68756,123299,5291,"alf",11,"Dra"
67627,121130,5226,"i",10,"Dra"
63076,112429,4916," ",8,"Dra"
63152,112559,,"RY",,"Dra"
63432,113092,4928," ",9,"Dra"
62423,111335,4863," ",7,"Dra"
60998,108907,4765," ",4,"Dra"
61281,109387,4787,"kap",5,"Dra"
61384,109551,4795," ",6,"Dra"
73440,133621,," ",9,"UMi"
74793,136726,5714," ",11,"UMi"
75097,137422,5735,"gam",13,"UMi"
75152,137686,," ",14,"UMi"
72607,131873,5563,"bet",7,"UMi"
73136,133086,," ",8,"UMi"
79420,147142,6082," ",20,"UMi"
79822,148048,6116,"eta",21,"UMi"
79280,146926,6079," ",19,"UMi"
78661,145622,6034," ",18,"UMi"
76008,139669,5826,"the",15,"UMi"
77055,142105,5903,"zet",16,"UMi"
76695,141652,,"pi.02",,"UMi"
82080,153751,6322,"eps",22,"UMi"
68956,124063,5305," ",3,"UMi"
70692,127700,5430," ",5,"UMi"
69112,124547,5321," ",4,"UMi"
75829,139813,,"pi.01",,"UMi"
75809,139777,5829,"pi.01",,"UMi"
85822,166205,6789,"del",23,"UMi"
85699,166926,6811," ",24,"UMi"
84535,183030,7394,"lam",,"UMi"
103569,199766,8034,"eps",1,"Equ"
104987,202447,8131,"alf",8,"Equ"
104031,200644,8066," ",3,"Equ"
102633,198069,7953," ",13,"Del"
104101,200790,8077," ",4,"Equ"
103813,200256,,"lam",2,"Equ"
105570,203562,8178,"bet",10,"Equ"
105413,203291,8163," ",9,"Equ"
104858,202275,8123,"del",7,"Equ"
104538,201616,8098," ",6,"Equ"
104521,201601,8097,"gam",5,"Equ"
102819,198391,7974," ",14,"Del"
101160,195325,7836," ",1,"Del"
101916,196755,7896,"kap",7,"Del"
101800,196544,7883,"iot",5,"Del"
101421,195810,7852,"eps",2,"Del"
101882,196725,7892,"the",8,"Del"
101483,195943,7858,"eta",3,"Del"
103527,199665,8030," ",18,"Del"
103298,199254,8012," ",16,"Del"
102805,198390,7973," ",15,"Del"
103294,199253,8011," ",17,"Del"
102080,197121,7918," ",10,"Del"
102281,197461,7928,"del",11,"Del"
102532,197964,7948,"gam02",12,"Del"
102531,197963,7947,"gam01",12,"Del"
107315,206778,8308,"eps",8,"Peg"
108693,209166,8392," ",20,"Peg"
107788,207652,8344," ",13,"Peg"
107348,206859,8313," ",9,"Peg"
110548,212395,8532," ",33,"Peg"
109458,210516,8459," ",28,"Peg"
109240,210129,8438," ",25,"Peg"
106787,205852,8267," ",5,"Peg"
105502,203504,8173," ",1,"Peg"
105411,203344,8165," ",34,"Vul"
107472,207089,8321," ",12,"Peg"
108022,208057,8356," ",16,"Peg"
106140,204724,8225," ",2,"Peg"
107354,206901,8315,"kap",10,"Peg"
107310,206826,8309,"mu.01",78,"Cyg"
101589,196180,7871,"zet",4,"Del"
98754,190229,7664," ",14,"Sge"
99742,192425,7724,"rho",67,"Aql"
101769,196524,7882,"bet",6,"Del"
101958,196867,7906,"alf",9,"Del"
102440,197812,7941,"U",,"Del"
101867,196724,7891," ",29,"Vul"
101868,196740,7894," ",28,"Vul"
98234,189090,7622," ",11,"Sge"
98085,188727,7609,"S",10,"Sge"
98438,189577,7645," ",13,"Sge"
97796,188001,7574," ",9,"Sge"
98819,190406,7672," ",15,"Sge"
98337,189319,7635,"gam",12,"Sge"
98920,190608,7679,"eta",16,"Sge"
96837,185958,7488,"bet",6,"Sge"
96757,185758,7479,"alf",5,"Sge"
97365,187076,7536,"del",7,"Sge"
97496,187362,7546,"zet",8,"Sge"
96275,184606,7437," ",9,"Vul"
97679,187811,7565," ",12,"Vul"
97886,188260,7592," ",13,"Vul"
99913,192836,7746," ",18,"Sge"
99352,191570,7705,"the",17,"Sge"
99853,192713,7741," ",22,"Vul"
100435,193911,7789," ",25,"Vul"
99951,192944,7753," ",24,"Vul"
99080,190993,7688," ",17,"Vul"
98375,189410,7641," ",14,"Vul"
98636,190004,7657," ",16,"Vul"
99531,192044,7719," ",20,"Vul"
99404,191747,7711," ",18,"Vul"
99518,192004,7718," ",19,"Vul"
99874,192806,7744," ",23,"Vul"
99738,192518,7731," ",21,"Vul"
103511,199697,8032," ",33,"Vul"
102388,197752,7939," ",30,"Vul"
103004,198809,7995," ",31,"Vul"
103200,199169,8008," ",32,"Vul"
103191,199140,8007,"BW",,"Vul"
105966,204414,8217," ",35,"Vul"
104732,202109,8115,"zet",64,"Cyg"
104371,201433,8094,"V389",,"Cyg"
104185,201078,8084,"DT",,"Cyg"
101641,196362,7874," ",26,"Vul"
101716,196504,7880," ",27,"Vul"
102949,198726,7988,"T",,"Vul"
102453,197912,7942," ",52,"Cyg"
101076,195295,7834," ",41,"Cyg"
100587,194317,7806," ",39,"Cyg"
101765,196606,7885," ",48,"Cyg"
102066,197177,7921," ",49,"Cyg"
105138,202904,8146,"ups",66,"Cyg"
102488,197989,7949,"eps",53,"Cyg"
102571,198134,7956,"T",,"Cyg"
102276,197572,7932,"X",,"Cyg"
102589,198183,7963,"lam",54,"Cyg"
104217,201092,8086," ",61,"Cyg"
104214,201091,8085," ",61,"Cyg"
111278,213617,8586," ",39,"Peg"
112440,215665,8667,"lam",47,"Peg"
112748,216131,8684,"mu.",48,"Peg"
113881,217906,8775,"bet",53,"Peg"
112051,214994,8641,"omi",43,"Peg"
112158,215182,8650,"eta",44,"Peg"
109176,210027,8430,"iot",24,"Peg"
109056,209833,8419," ",23,"Peg"
110371,212097,8522," ",32,"Peg"
107975,207978,8354," ",15,"Peg"
107763,207650,8343," ",14,"Peg"
109410,210459,8454,"pi.",29,"Peg"
109352,210354,8449,"pi.01",27,"Peg"
111068,213323,8574," ",38,"Peg"
109937,211388,8498," ",1,"Lac"
111841,214680,8622," ",10,"Lac"
111544,214168,8603," ",8,"Lac"
111546,214167,," ",8,"Lac"
115355,220222,8887," ",64,"Peg"
115280,220117,8885," ",12,"And"
116076,221345,8930," ",14,"And"
116354,221756,8947," ",15,"And"
115065,219815,8864," ",9,"And"
115191,219981,8876," ",10,"And"
115755,220885,8913," ",13,"And"
116631,222173,8965,"iot",17,"And"
116805,222439,8976,"kap",19,"And"
113726,217675,8762,"omi",1,"And"
113281,216916,8725," ",16,"Lac"
113788,217782,8766," ",2,"And"
114430,218804,8825," ",6,"And"
112031,214993,8640," ",12,"Lac"
112778,216200,8690," ",14,"Lac"
112242,215373,8656," ",13,"Lac"
112917,216397,8699," ",15,"Lac"
114200,218452,8804," ",4,"And"
117221,223047,9003,"psi",20,"And"
116584,222107,8961,"lam",16,"And"
115152,219945,8874," ",11,"And"
115022,219734,8860," ",8,"And"
116709,222304,8967," ",18,"And"
107129,206570,8297,"V460",,"Cyg"
107253,206774,8307," ",79,"Cyg"
106551,205512,8255," ",72,"Cyg"
107097,206538,8291," ",76,"Cyg"
109303,210334,8448,"AR",,"Lac"
105811,204172,8209," ",69,"Cyg"
105942,204403,8215," ",70,"Cyg"
104887,202444,8130,"tau",65,"Cyg"
105102,202850,8143,"sig",67,"Cyg"
106711,205835,8266," ",74,"Cyg"
107162,206644,8300," ",77,"Cyg"
106999,206330,8284," ",75,"Cyg"
106481,205435,8252,"rho",73,"Cyg"
105186,203064,8154,"A",68,"Cyg"
106093,204771,8228,"g",71,"Cyg"
106752,205939,8272,"CP",,"Cyg"
106642,205730,8262,"W",,"Cyg"
107533,207330,8335,"pi.02",81,"Cyg"
107136,206672,8301,"pi.01",80,"Cyg"
111104,213420,8579," ",6,"Lac"
111944,214868,8632," ",11,"Lac"
113327,217050,8731,"EW",,"Lac"
113919,218031,8780," ",3,"And"
110351,212120,8523," ",2,"Lac"
111022,213310,8572," ",5,"Lac"
111169,213558,8585,"alf",7,"Lac"
114570,219080,8830," ",7,"And"
114210,218470,8805," ",5,"And"
118243,224572,9071,"sig",8,"Cas"
117957,224151,9052,"V373",,"Cas"
117863,224014,9045,"rho",7,"Cas"
117301,223165,9008,"tau",5,"Cas"
110609,212593,8541," ",4,"Lac"
110538,212496,8538,"bet",3,"Lac"
111674,214454,8613," ",9,"Lac"
110504,212466,,"RW",,"Cep"
115990,221253,8926,"AR",,"Cas"
117447,223385,9018," ",6,"Cas"
114104,218376,8797," ",1,"Cas"
114365,218753,8822," ",2,"Cas"
115590,220652,8904," ",4,"Cas"
95818,183537,7409," ",7,"Vul"
97077,186486,7506," ",10,"Vul"
94827,180968,7318," ",2,"Vul"
95771,183439,7405,"alf",6,"Vul"
95785,183491,7406," ",8,"Vul"
95260,182255,7358," ",3,"Vul"
95951,183914,7418,"bet02",6,"Cyg"
95947,183912,7417,"bet01",6,"Cyg"
98543,189849,7653," ",15,"Vul"
96302,184759,7441," ",9,"Cyg"
96683,185734,7478,"phi",12,"Cyg"
97629,187796,7564,"chi",,"Cyg"
97295,187013,7534," ",17,"Cyg"
95372,182568,7372," ",2,"Cyg"
94311,179527,7283," ",19,"Lyr"
93917,178449,7261," ",17,"Lyr"
93279,176670,7192,"lam",15,"Lyr"
93194,176437,7178,"gam",14,"Lyr"
96052,184171,7426," ",8,"Cyg"
96387,185037,7457," ",11,"Cyg"
97118,186675,7517," ",15,"Cyg"
95556,183056,7395," ",4,"Cyg"
101474,196093,7866," ",47,"Cyg"
101067,195324,7835," ",42,"Cyg"
100122,193370,7770," ",35,"Cyg"
101214,195593,7847," ",44,"Cyg"
99031,191026,7689,"b01",27,"Cyg"
99303,191610,7708,"b02",28,"Cyg"
98110,188947,7615,"eta",21,"Cyg"
98425,189687,7647," ",25,"Cyg"
99770,192640,7736,"b03",29,"Cyg"
100108,193369,7769," ",36,"Cyg"
100044,193237,7763,"P",34,"Cyg"
100907,195050,7826," ",40,"Cyg"
103413,199629,8028,"nu.",58,"Cyg"
102843,198639,7984," ",56,"Cyg"
100453,194093,7796,"gam",37,"Cyg"
102098,197345,7924,"alf",50,"Cyg"
98068,188892,7613," ",22,"Cyg"
97630,187849,7566," ",19,"Cyg"
97634,187879,7567,"V380",,"Cyg"
96693,185872,7483," ",14,"Cyg"
97165,186882,7528,"del",18,"Cyg"
99675,192577,7735,"omi01",31,"Cyg"
99639,192514,7730," ",30,"Cyg"
101138,195556,7844,"ome01",45,"Cyg"
100859,195068,7828," ",43,"Cyg"
99848,192909,7751,"omi02",32,"Cyg"
98571,190147,7660,"e",26,"Cyg"
98055,189037,7619,"psi",24,"Cyg"
92405,174602,7102,"nu.",9,"Lyr"
92398,174585,7100,"nu.01",8,"Lyr"
92420,174638,7106,"bet",10,"Lyr"
92728,175426,7131,"del01",11,"Lyr"
92791,175588,7139,"del02",12,"Lyr"
91973,173649,7057,"zet02",7,"Lyr"
91971,173648,7056,"zet01",6,"Lyr"
91262,172167,7001,"alf",3,"Lyr"
91373,172380,7009,"XY",,"Lyr"
91926,173607,7053,"eps02",5,"Lyr"
91919,173582,7051,"eps01",4,"Lyr"
93903,178475,7262,"iot",18,"Lyr"
94713,180809,7314,"the",21,"Lyr"
94481,180163,7298,"eta",20,"Lyr"
92862,175865,7157,"R",13,"Lyr"
90191,169702,6903,"mu.",2,"Lyr"
93408,177196,7215," ",16,"Lyr"
93713,178207,7251," ",51,"Dra"
96441,185395,7469,"the",13,"Cyg"
96901,186427,7504,"c",16,"Cyg"
96895,186408,7503,"c",16,"Cyg"
95853,184006,7420,"iot",10,"Cyg"
95656,183534,7408," ",7,"Cyg"
97635,188056,7576,"d",20,"Cyg"
94779,181276,7328,"kap",1,"Cyg"
94302,180006,7295," ",53,"Dra"
94490,180610,7309," ",54,"Dra"
92204,174343,," ",205,"Dra"
91755,173524,7049,"c",46,"Dra"
90905,171635,6978,"d",45,"Dra"
93340,177249,7218," ",49,"Dra"
92997,176408,7175," ",48,"Dra"
92512,175306,7125,"omi",47,"Dra"
90156,170073,6923,"b",39,"Dra"
89348,168151,6850," ",36,"Dra"
104060,200905,8079,"ksi",62,"Cyg"
103089,199081,8001," ",57,"Cyg"
103732,200310,8053," ",60,"Cyg"
103632,200120,8047,"f01",59,"Cyg"
104194,201251,8089,"f02",63,"Cyg"
102724,198478,7977," ",55,"Cyg"
101243,195774,7851,"ome02",46,"Cyg"
102177,197511,7929," ",51,"Cyg"
99655,192696,7740," ",33,"Cyg"
102431,198084,7955,"ups01",,"Cep"
105199,203280,8162,"alf",5,"Cep"
102422,198149,7957,"eta",3,"Cep"
109857,211336,8494,"eps",23,"Cep"
108165,208501,8371," ",13,"Cep"
108772,209481,8406," ",14,"Cep"
109492,210745,8465,"zet",21,"Cep"
109556,210839,8469,"lam",22,"Cep"
110988,213307,,"del",27,"Cep"
110991,213306,8571,"del",27,"Cep"
107259,206936,8316,"mu.",,"Cep"
108925,209744,," ",15,"Cep"
107586,207528,8339," ",12,"Cep"
107418,207260,8334,"nu.",10,"Cep"
110103,211833,8511," ",25,"Cep"
111797,214734,8627," ",30,"Cep"
109017,209975,8428," ",19,"Cep"
109005,209960,8426," ",20,"Cep"
108924,209772,8416," ",18,"Cep"
110817,213087,8561," ",26,"Cep"
112724,216228,8694,"iot",32,"Cep"
115088,219916,8872,"omi",34,"Cep"
106801,206165,8279," ",9,"Cep"
108317,208816,8383,"VV",,"Cep"
108917,209790,8417,"ksi",17,"Cep"
105268,203467,8171," ",6,"Cep"
105972,204770,8227," ",7,"Cep"
109400,210807,8468," ",24,"Cep"
111532,214470,8615," ",31,"Cep"
114222,218658,8819,"pi.",33,"Cep"
97870,188665,7608," ",23,"Cyg"
98962,191277,7701," ",66,"Dra"
100221,193964,7792," ",71,"Dra"
101093,195725,7850,"the",2,"Cep"
99500,192455,7727," ",68,"Dra"
102253,197950,7945," ",4,"Cep"
98658,190713,7682," ",65,"Dra"
98583,190544,7676,"e",64,"Dra"
98702,190940,7685,"rho",67,"Dra"
100261,194258,7804,"AC",,"Dra"
97433,188119,7582,"eps",63,"Dra"
94140,179933,7290," ",55,"Dra"
95081,182564,7371,"pi.",58,"Dra"
94376,180711,7310,"del",57,"Dra"
90344,170693,6945," ",42,"Dra"
89594,169027,," ",38,"Dra"
89448,168653,6865," ",37,"Dra"
96100,185144,7462,"sig",61,"Dra"
94648,181984,7352,"tau",60,"Dra"
92782,176524,7180,"ups",52,"Dra"
89908,170000,6920,"phi",43,"Dra"
89937,170153,6927,"chi",44,"Dra"
92112,175286,7124," ",50,"Dra"
106032,205021,8238,"bet",8,"Cep"
107119,206952,8317," ",11,"Cep"
107230,207130,8324," ",78,"Dra"
101260,196502,7879," ",73,"Dra"
108535,209369,8400," ",16,"Cep"
116727,222404,8974,"gam",35,"Cep"
104105,201908,8112," ",77,"Dra"
111056,213798,8591,"rho",29,"Cep"
110787,213403,8578," ",28,"Cep"
118027,224309,9056,"V",,"Cep"
98401,190960,7686," ",69,"Dra"
95154,183556,,"UX",,"Dra"
99255,192907,7750,"kap",1,"Cep"
94083,180777,7312," ",59,"Dra"
88127,166865,6809," ",40,"Dra"
88136,166866,6810," ",41,"Dra"
101082,196925,7908," ",74,"Dra"
100965,196787,7901," ",75,"Dra"
102208,199095,8002," ",76,"Dra"
950,739,35,"the",,"Scl"
2210,2429,105,"eta",,"Scl"
183,224990,9091,"zet",,"Scl"
761,493,24,"kap01",,"Scl"
930,720,34,"kap02",,"Scl"
1708,1737,84,"iot",,"Scl"
116820,222433,8975,"mu.",,"Scl"
117452,223352,9016,"del",,"Scl"
1728,1760,85,"T",,"Cet"
1170,1038,48," ",7,"Cet"
3419,4128,188,"bet",16,"Cet"
3559,4307,203," ",18,"Cet"
3455,4188,194,"phi01",17,"Cet"
114119,218240,8789,"c01",86,"Aqr"
114375,218640,8817,"c03",89,"Aqr"
114341,218594,8812,"c02",88,"Aqr"
116118,221357,8932," ",100,"Aqr"
116247,221565,8939,"b03",101,"Aqr"
117629,223640,9031,"i03",108,"Aqr"
117218,223024,9002,"i02",107,"Aqr"
117089,222847,8998,"i01",106,"Aqr"
115669,220704,8906,"b02",99,"Aqr"
115438,220321,8892,"b01",98,"Aqr"
116889,222547,8980,"A01",103,"Aqr"
116901,222574,8982,"A02",104,"Aqr"
116904,222561,,"A02",104,"Aqr"
112529,215721,8670," ",68,"Aqr"
112211,215167,8649,"g",66,"Aqr"
113148,216640,8711," ",77,"Aqr"
113136,216627,8709,"del",76,"Aqr"
115404,220278,8890," ",97,"Aqr"
115126,219834,8866," ",94,"Aqr"
301,225132,9098," ",2,"Cet"
118178,224481,9065," ",1,"Cet"
910,693,33," ",6,"Cet"
116971,222661,8988,"ome02",105,"Aqr"
116758,222345,8968,"ome01",102,"Aqr"
1803,1835,88," ",9,"Cet"
355,225212,9103," ",3,"Cet"
1562,1522,74,"iot",8,"Cet"
117756,223807,9040,"h",,"Aqr"
115115,219832,8865,"psi03",95,"Aqr"
115033,219688,8858,"psi02",93,"Aqr"
154,224935,9089," ",30,"Psc"
443,28,3," ",33,"Psc"
117375,223252,9012," ",20,"Psc"
118209,224533,9067," ",27,"Psc"
145,224926,9087," ",29,"Psc"
635,315,11," ",4,"Cet"
664,352,14," ",5,"Cet"
117761,223825,9041," ",24,"Psc"
7345,9672,451," ",49,"Cet"
8102,10700,509,"tau",52,"Cet"
7450,9856,459," ",50,"Cet"
6670,8705,412," ",46,"Cet"
6748,8829,421," ",47,"Cet"
8497,11171,531,"chi",53,"Cet"
8645,11353,539,"zet",55,"Cet"
5364,6805,334,"eta",31,"Cet"
5296,6706,329," ",30,"Cet"
4587,5722,279,"phi04",23,"Cet"
4371,5437,267,"phi03",22,"Cet"
5121,6482,315," ",27,"Cet"
5164,6530,317," ",28,"Cet"
3909,4813,235,"phi02",19,"Cet"
4257,5268,255," ",21,"Cet"
5485,6976,346," ",32,"Cet"
5799,7439,366," ",37,"Cet"
6537,8512,402,"the",45,"Cet"
6539,8511,401," ",44,"Cet"
10642,14129,666," ",67,"Cet"
11261,15004,704," ",71,"Cet"
10826,14386,681,"omi",68,"Cet"
10305,13612,650," ",66,"Cet"
10234,13468,639," ",63,"Cet"
12048,16141,," ",79,"Cet"
12247,16400,771," ",81,"Cet"
12530,16765,790," ",84,"Cet"
12387,16582,779,"del",82,"Cet"
11046,14690,691," ",70,"Cet"
11791,15779,739," ",75,"Cet"
11021,14652,689," ",69,"Cet"
12706,16970,804,"gam",86,"Cet"
9155,12021,," ",58,"Cet"
9165,12020,," ",58,"Cet"
9631,12641,610," ",61,"Cet"
9589,12573,607," ",60,"Cet"
9353,12235,582," ",112,"Psc"
8833,11559,549,"ksi",111,"Psc"
9487,12446,595,"alf",113,"Psc"
10212,13421,635," ",64,"Cet"
10324,13611,649,"ksi01",65,"Cet"
4914,6203,296," ",25,"Cet"
2762,3196,142," ",13,"Cet"
2353,2637,117," ",12,"Cet"
5951,7672,373," ",39,"Cet"
5985,7727,," ",40,"Cet"
5594,7147,353," ",34,"Cet"
5833,7476,368," ",38,"Cet"
6226,8036,385," ",42,"Cet"
6429,8335,393," ",43,"Cet"
4147,5112,248," ",20,"Cet"
4979,6288,301," ",26,"Cet"
5315,6734,," ",29,"Cet"
5646,7218,," ",35,"Cet"
5510,7014,347," ",33,"Cet"
2787,3229,143," ",14,"Cet"
2994,3512,," ",15,"Cet"
2100,2273,101," ",10,"Cet"
2006,2114,97," ",44,"Psc"
5141,6479,313," ",77,"Psc"
5144,6480,314," ",77,"Psc"
3697,4526,216," ",60,"Psc"
3760,4627,221," ",62,"Psc"
3786,4656,224,"del",63,"Psc"
7884,10380,489,"nu.",106,"Psc"
6061,7804,378,"f",89,"Psc"
6815,8875,," ",95,"Psc"
7007,9138,434,"mu.",98,"Psc"
8198,10761,510,"omi",110,"Psc"
8588,11257,534," ",54,"Cet"
5346,6763,330,"e",80,"Psc"
5074,6386,307," ",73,"Psc"
5824,7446,367," ",88,"Psc"
5737,7344,361,"zet",86,"Psc"
5743,7345,362,"zet",86,"Psc"
4906,6186,294,"eps",71,"Psc"
5204,6557,319," ",75,"Psc"
7535,9919,463,"pi.",102,"Psc"
7364,9656,," ",100,"Psc"
7710,10135,," ",104,"Psc"
7436,9766,455," ",101,"Psc"
7740,10164,475," ",105,"Psc"
7097,9270,437,"eta",99,"Psc"
6981,9100,432," ",97,"Psc"
110778,212697,8544,"f",53,"Aqr"
111086,213236,8567," ",56,"Aqr"
112542,215766,8673,"tau01",69,"Aqr"
110602,212430,8534," ",50,"Aqr"
109624,210705,8462," ",39,"Aqr"
110179,211676,8508," ",45,"Aqr"
110000,211361,8496," ",42,"Aqr"
111200,213464,8583," ",58,"Aqr"
111123,213320,8573,"sig",57,"Aqr"
112716,216032,8679,"tau02",71,"Aqr"
113031,216494,8704," ",74,"Aqr"
112615,215874,8676," ",70,"Aqr"
113996,218060,8782,"h",83,"Aqr"
112961,216386,8698,"lam",73,"Aqr"
113674,217531,8757," ",81,"Aqr"
113127,216637,8710," ",78,"Aqr"
112179,215143,8647," ",67,"Aqr"
109139,209819,8418,"iot",33,"Aqr"
109472,210424,8452,"e",38,"Aqr"
109460,210422,," ",37,"Aqr"
110273,211838,8512,"rho",46,"Aqr"
110003,211391,8499,"the",43,"Aqr"
108868,209396,8401," ",30,"Aqr"
111710,214376,8610,"kap",63,"Aqr"
110023,211434,8504," ",44,"Aqr"
110578,212404,8533," ",51,"Aqr"
111394,213789,8590," ",60,"Aqr"
114855,219449,8841,"psi01",91,"Aqr"
114939,219576,8850,"chi",92,"Aqr"
114724,219215,8834,"phi",90,"Aqr"
115142,219877,8868," ",96,"Aqr"
113781,217701,8763," ",82,"Aqr"
116323,221675,8944," ",14,"Psc"
117491,223438,9022," ",21,"Psc"
116146,221409,8934," ",13,"Psc"
115768,220858,8912," ",9,"Psc"
115738,220825,8911,"kap",8,"Psc"
116422,221833,," ",15,"Psc"
116495,221950,8954," ",16,"Psc"
116928,222603,8984,"lam",18,"Psc"
113610,217428,8750," ",3,"Psc"
113521,217264,8742," ",2,"Psc"
111497,213998,8597,"eta",62,"Aqr"
113167,216701,8715," ",1,"Psc"
114273,218527,8807,"A",5,"Psc"
114971,219615,8852,"gam",6,"Psc"
115227,220009,8878,"b",7,"Psc"
115830,220954,8916,"the",10,"Psc"
113889,217891,8773,"bet",4,"Psc"
114520,218918,8826," ",59,"Peg"
107487,207005,8318," ",47,"Cap"
107382,206834,8311,"c",46,"Cap"
106786,205767,8264,"ksi",23,"Aqr"
106278,204867,8232,"bet",22,"Aqr"
108874,209409,8402,"omi",31,"Aqr"
108991,209625,8410," ",32,"Aqr"
110395,212061,8518,"gam",48,"Aqr"
110960,213051,8558,"zet01",55,"Aqr"
109074,209750,8414,"alf",34,"Aqr"
108691,209128,8390," ",28,"Aqr"
105767,203926,8199," ",21,"Aqr"
105729,203843,8192," ",20,"Aqr"
106942,206058,," ",24,"Aqr"
107144,206445,8287," ",26,"Aqr"
107575,207203,8328," ",11,"Peg"
106944,206067,8277,"d",25,"Aqr"
109068,209747,8413,"nu.",22,"Peg"
106856,205924,8270," ",4,"Peg"
107151,206487,8289," ",7,"Peg"
106783,205811,8265," ",3,"Peg"
110672,212571,8539,"pi.",52,"Aqr"
111062,213235,8566," ",37,"Peg"
110785,212754,8548," ",34,"Peg"
110882,212943,8551," ",35,"Peg"
110298,211924,8513," ",30,"Peg"
110986,213119,8562," ",36,"Peg"
113186,216735,8717,"rho",50,"Peg"
114347,218634,8815," ",57,"Peg"
114144,218329,8795," ",55,"Peg"
114389,218700,8821," ",58,"Peg"
112029,214923,8634,"zet",42,"Peg"
112935,216385,8697,"sig",49,"Peg"
113503,217232,8739," ",52,"Peg"
112447,215648,8665,"ksi",46,"Peg"
109427,210418,8450,"the",26,"Peg"
108612,209008,8385," ",18,"Peg"
108699,209167,8393," ",19,"Peg"
108875,209459,8404," ",21,"Peg"
108339,208565,8373," ",17,"Peg"
110386,212076,8520," ",31,"Peg"
117774,223855,9042," ",25,"Psc"
117683,223719,9033," ",22,"Psc"
117245,223075,9004,"TX",19,"Psc"
118268,224617,9072,"ome",28,"Psc"
117927,224103,9048," ",26,"Psc"
194,225003,9093,"c",32,"Psc"
186,224995,9092," ",31,"Psc"
2548,2913,132," ",51,"Psc"
2025,2140,," ",45,"Psc"
1319,1227,59," ",36,"Psc"
1645,1635,80,"d",41,"Psc"
1392,1317,," ",38,"Psc"
1196,1061,50," ",35,"Psc"
813,560,26," ",34,"Psc"
1772,1796,86," ",42,"Psc"
116771,222368,8969,"iot",17,"Psc"
117628,223637,9030," ",80,"Peg"
117020,222764,8991," ",77,"Peg"
117730,223781,9039," ",82,"Peg"
476,87,4," ",86,"Peg"
1067,886,39,"gam",88,"Peg"
3675,4482,213," ",58,"Psc"
5081,6397,308," ",72,"Psc"
2903,3379,155," ",53,"Psc"
3632,4408,211," ",57,"Psc"
3810,4676,225," ",64,"Psc"
5778,7374,364," ",87,"Psc"
6706,8723,413,"rho",93,"Psc"
6732,8763,414," ",94,"Psc"
5454,6903,339,"psi03",81,"Psc"
4267,5267,254," ",66,"Psc"
3685,4490,214," ",59,"Psc"
5310,6695,328,"psi02",79,"Psc"
5571,7087,351,"chi",84,"Psc"
5132,6457,311,"psi01",74,"Psc"
5131,6456,310,"psi01",74,"Psc"
1595,1563,," ",40,"Psc"
2224,2436,106," ",48,"Psc"
2219,2411,103,"TV",47,"Psc"
2213,2410,," ",46,"Psc"
2568,2910,131," ",52,"Psc"
729,448,22," ",87,"Peg"
1168,1013,45,"chi",89,"Peg"
3730,4568,217," ",61,"Psc"
3093,3651,166," ",54,"Psc"
3138,3690,167," ",55,"Psc"
4463,5516,271,"eta",38,"And"
4288,5286,258," ",36,"And"
3693,4502,215,"zet",34,"And"
4366,5382,262,"k",67,"Psc"
3885,4757,230,"i",65,"Psc"
115444,220363,8893," ",66,"Peg"
115919,221115,8923," ",70,"Peg"
113963,218045,8781,"alf",54,"Peg"
116592,222098,8960," ",74,"Peg"
116972,222683,," ",76,"Peg"
116611,222133,8963," ",75,"Peg"
117718,223768,9036,"phi",81,"Peg"
115407,220318,8891," ",65,"Peg"
116264,221615,8940," ",71,"Peg"
112358,215510,8660," ",45,"Peg"
111810,214567,8618," ",40,"Peg"
111884,214698,8624," ",41,"Peg"
113357,217014,8729," ",51,"Peg"
115623,220657,8905,"ups",68,"Peg"
115250,220061,8880,"tau",62,"Peg"
115806,220933,8915," ",69,"Peg"
114155,218356,8796," ",56,"Peg"
114526,218935,8827," ",60,"Peg"
114844,219477,8842," ",61,"Peg"
118131,224427,9064,"psi",84,"Peg"
171,224930,9088," ",85,"Peg"
3031,3546,163,"eps",30,"And"
3092,3627,165,"del",31,"And"
2355,2628,114," ",28,"And"
677,358,15,"alf",21,"And"
117500,223461,9025," ",79,"Peg"
117073,222842,8997," ",78,"Peg"
115271,220088,8882," ",63,"Peg"
115591,220599,8903," ",67,"Peg"
116310,221673,8943," ",72,"Peg"
116355,221758,8948," ",73,"Peg"
28010,40176,2087,"ksi",,"Col"
29034,42167,2177,"the",,"Col"
29807,43785,2256,"kap",,"Col"
28199,40494,2106,"gam",,"Col"
27628,39425,2040,"bet",,"Col"
28756,41534,2149," ",72,"Col"
27810,39764,2056,"lam",,"Col"
28098,40248,2092,"sig",,"Col"
30277,44762,2296,"del",,"Col"
30788,45813,2361,"lam",,"CMa"
30122,44402,2282,"zet",1,"CMa"
26634,37795,1956,"alf",,"Col"
27204,38666,1996,"mu.",,"Col"
26460,37495,1935,"nu.02",,"Col"
26412,37430,1926,"nu.01",,"Col"
28874,41698,2156,"S",,"Lep"
33977,53138,2653,"omi02",24,"CMa"
33152,50877,2580,"omi01",16,"CMa"
31125,46328,2387,"ksi01",4,"CMa"
31416,46933,2414,"ksi02",5,"CMa"
32504,49333,2509," ",12,"CMa"
33092,50707,2571," ",15,"CMa"
33248,51055,2588," ",17,"CMa"
33302,51199,2590,"pi.",19,"CMa"
33347,51309,2596,"iot",20,"CMa"
34045,53244,2657,"gam",23,"CMa"
31592,47205,2429,"nu.02",7,"CMa"
31564,47138,2423,"nu.01",6,"CMa"
31700,47442,2443,"nu.03",8,"CMa"
29048,42042,2168," ",19,"Lep"
30324,44743,2294,"bet",2,"CMa"
32349,48915,2491,"alf",9,"CMa"
32492,49229,2504," ",11,"CMa"
33345,51250,2593,"mu.",18,"CMa"
33160,50778,2574,"the",14,"CMa"
23474,32503,1634," ",1,"Lep"
23685,32887,1654,"eps",2,"Lep"
27072,38393,1983,"gam",13,"Lep"
26865,38090,1968," ",12,"Lep"
27654,39364,2035,"del",15,"Lep"
25853,36473,1849," ",10,"Lep"
25606,36079,1829,"bet",9,"Lep"
25985,36673,1865,"alf",11,"Lep"
21763,29755,1496," ",54,"Eri"
22881,31444,1581,"R",,"Eri"
22263,30495,1532," ",58,"Eri"
22325,30606,1538," ",59,"Eri"
22479,30814,1549," ",60,"Eri"
24305,33904,1702,"mu.",5,"Lep"
25202,35337,1783," ",8,"Lep"
24845,34816,1756,"lam",6,"Lep"
24327,33949,1705,"kap",4,"Lep"
24873,34863,1757,"nu.",7,"Lep"
24244,33802,1696,"iot",3,"Lep"
28816,41511,2148," ",17,"Lep"
28910,41695,2155,"the",18,"Lep"
28103,40136,2085,"eta",16,"Lep"
27288,38678,1998,"zet",14,"Lep"
28574,40967,2128," ",3,"Mon"
29885,43760,2255," ",6,"Mon"
30073,44112,2273," ",7,"Mon"
30867,45725,2356,"bet",11,"Mon"
28325,40536,2108," ",2,"Mon"
27366,38771,2004,"kap",53,"Ori"
25247,35369,1784,"e",29,"Ori"
26563,37507,1937,"d",49,"Ori"
25923,36512,1855,"ups",36,"Ori"
26241,37043,1899,"iot",44,"Ori"
26235,37041,1897,"the02",43,"Ori"
26224,37023,1896,"the01",41,"Ori"
26221,37022,1895,"the01",41,"Ori"
26220,37020,1893,"the01",41,"Ori"
28321,40535,2107," ",1,"Mon"
27658,39291,2031," ",55,"Ori"
29651,43232,2227,"gam",5,"Mon"
37379,61772,2959," ",140,"Pup"
37843,62864,3010," ",2,"Pup"
37842,62863,3009," ",2,"Pup"
37891,62952,3015," ",4,"Pup"
35487,57167,2788,"R",,"CMa"
36521,59693,,"U",,"Mon"
38382,64096,3064," ",9,"Pup"
38372,64077,3063," ",8,"Pup"
38048,63336,3029," ",5,"Pup"
37447,61935,2970,"alf",26,"Mon"
37088,61064,2927," ",25,"Mon"
34622,54810,2701," ",20,"Mon"
41375,71297,3321," ",2,"Hya"
41307,71155,3314,"C",,"Hya"
41211,70958,3297," ",1,"Hya"
39079,65695,3122," ",27,"Mon"
39863,67594,3188,"zet",29,"Mon"
42799,74280,3454,"eta",7,"Hya"
42402,73471,3418,"sig",5,"Hya"
39211,65953,3141," ",28,"Mon"
38373,63975,3059,"zet",13,"CMi"
38962,65345,3110," ",14,"CMi"
39311,66141,3145,"G",,"CMi"
40526,69267,3249,"bet",17,"Cnc"
33971,52918,2648," ",19,"Mon"
30772,45546,2344," ",10,"Mon"
30700,45418,," ",9,"Mon"
34769,55185,2714,"del",22,"Mon"
35080,56003,2744," ",24,"Mon"
34724,55057,2707," ",21,"Mon"
30720,45433,2335," ",78,"Ori"
30717,45416,2334," ",77,"Ori"
32578,49293,2506," ",18,"Mon"
31159,46241,2382," ",12,"Mon"
30419,44769,2298,"eps",8,"Mon"
30422,44770,2299,"eps",8,"Mon"
32533,49161,2503," ",17,"Mon"
32463,48977,2494," ",16,"Mon"
36641,59881,2880,"del01",7,"CMi"
36723,60111,2887,"del02",8,"CMi"
36812,60357,2901,"del03",9,"CMi"
37279,61421,2943,"alf",10,"CMi"
36265,58923,2851,"eta",5,"CMi"
36188,58715,2845,"bet",3,"CMi"
36284,58972,2854,"gam",4,"CMi"
37921,62832,3008," ",11,"CMi"
36041,58367,2828,"eps",2,"CMi"
35987,58187,2820," ",1,"CMi"
36425,59294,2864," ",6,"CMi"
35350,56537,2763,"lam",54,"Gem"
36760,60107,2886," ",68,"Gem"
21594,29503,1481,"l",53,"Eri"
23231,32045,1611,"S",64,"Eri"
23972,33328,1679,"lam",69,"Eri"
23221,32008,1608," ",63,"Eri"
21986,30020,1505," ",55,"Eri"
22024,30076,1508," ",56,"Eri"
23364,32249,1617,"psi",65,"Eri"
22701,31109,1560,"ome",61,"Eri"
19777,26846,1318,"A",39,"Eri"
19849,26965,1325,"omi02",40,"Eri"
19483,26409,1290," ",37,"Eri"
19587,26574,1298,"omi01",38,"Eri"
21296,29064,1451," ",47,"Eri"
21278,29009,1449," ",46,"Eri"
20271,27563,1363,"d",,"Eri"
20507,27861,1383,"ksi",42,"Eri"
21444,29248,1463,"nu.",48,"Eri"
21547,29391,1474,"c",51,"Eri"
24436,34085,1713,"bet",19,"Ori"
24674,34503,1735,"tau",20,"Ori"
26268,37077,1901," ",45,"Ori"
26237,37018,1892,"c",42,"Ori"
23875,33111,1666,"bet",67,"Eri"
23794,32964,1657," ",66,"Eri"
23941,33256,1673," ",68,"Eri"
22958,31512,1582,"b",62,"Eri"
25281,35411,1788,"eta",28,"Ori"
26549,37468,1931,"sig",48,"Ori"
26727,37742,1948,"zet",50,"Ori"
26311,37128,1903,"eps",46,"Ori"
26063,36695,1868,"VV",,"Ori"
25737,36167,1834," ",31,"Ori"
25282,35410,1787,"p",27,"Ori"
25930,36486,1852,"del",34,"Ori"
25044,35039,1765,"o",22,"Ori"
25302,35439,1789," ",25,"Ori"
26885,37984,1963,"b",51,"Ori"
25861,36351,1842,"n01",33,"Ori"
26126,36777,1872,"n02",38,"Ori"
26594,37490,1934,"ome",47,"Ori"
22109,30211,1520,"mu.",57,"Eri"
23680,32736,1648,"W",,"Ori"
21139,28749,1437," ",45,"Eri"
21515,29335,1469," ",49,"Eri"
23123,31767,1601,"pi.06",10,"Ori"
22797,31237,1567,"pi.05",8,"Ori"
22730,31139,1562," ",5,"Ori"
24817,34658,1746," ",21,"Ori"
24331,33856,1698,"rho",17,"Ori"
25473,35715,1811,"psi",30,"Ori"
25142,35149,1770,"m",23,"Ori"
25145,35148,,"m",23,"Ori"
25785,36217,1837,"CK",,"Ori"
25813,36267,1839,"A",32,"Ori"
25336,35468,1790,"gam",24,"Ori"
18141,24388,1202," ",30,"Eri"
18255,24554,1211,"w",32,"Eri"
17027,22713,1111," ",21,"Eri"
17167,22920,1121," ",22,"Eri"
16341,21790,1070,"v",17,"Eri"
17457,23363,1146," ",24,"Eri"
17506,23413,1150," ",25,"Eri"
18788,25340,1244," ",35,"Eri"
15383,20559,992," ",95,"Cet"
16852,22484,1101," ",10,"Tau"
14954,19994,962," ",94,"Cet"
15457,20630,996,"kap",96,"Cet"
15619,20791,1007," ",97,"Cet"
17103,22796,1115," ",12,"Tau"
18957,25558,1253," ",40,"Tau"
17563,23466,1153,"u",29,"Tau"
18089,24263,1199," ",31,"Tau"
20884,28375,1415," ",44,"Eri"
19554,26462,1292," ",45,"Tau"
22549,30836,1552,"pi.04",3,"Ori"
22449,30652,1543,"pi.03",1,"Ori"
22509,30739,1544,"pi.02",2,"Ori"
23879,33054,1664,"i",14,"Ori"
23852,33021,1662," ",13,"Ori"
23983,33254,1672,"h",16,"Ori"
21402,29140,1458,"d",88,"Tau"
22845,31295,1570,"pi.01",7,"Ori"
22833,31283,1569,"g",6,"Ori"
22957,31421,1580,"omi02",9,"Ori"
22667,30959,1556,"omi01",4,"Ori"
18907,25490,1251,"nu.",38,"Tau"
19719,26690,1309," ",46,"Tau"
19860,26912,1320,"mu.",49,"Tau"
20522,27820,1381,"r",66,"Tau"
19740,26722,1311," ",47,"Tau"
18724,25204,1239,"lam",35,"Tau"
21735,29589,1484," ",93,"Tau"
21589,29388,1473,"c01",90,"Tau"
20901,28355,1414,"b",79,"Tau"
21036,28556,1430," ",83,"Tau"
21273,28910,1444,"rho",86,"Tau"
21673,29479,1478,"sig01",91,"Tau"
21683,29488,1479,"sig02",92,"Tau"
21588,29375,1472," ",89,"Tau"
20219,27397,1351,"h",57,"Tau"
20873,28294,1408," ",76,"Tau"
20732,28100,1396,"pi.",73,"Tau"
20400,27628,1368," ",60,"Tau"
20261,27459,1356," ",58,"Tau"
20205,27371,1346,"gam",54,"Tau"
19877,26911,1319," ",48,"Tau"
20215,27383,," ",55,"Tau"
21082,28595,," ",84,"Tau"
20995,28485,1422," ",80,"Tau"
21039,28546,1428," ",81,"Tau"
21137,28677,1432," ",85,"Tau"
20894,28319,1412,"the02",78,"Tau"
20885,28307,1411,"the01",77,"Tau"
20713,28052,1394," ",71,"Tau"
20661,27991,1391," ",70,"Tau"
20877,28292,1407," ",75,"Tau"
21421,29139,1457,"alf",87,"Tau"
20484,27749,1376," ",63,"Tau"
20542,27819,1380," ",64,"Tau"
20455,27697,1373,"del",61,"Tau"
20648,27962,1389," ",68,"Tau"
28296,40446,2103," ",60,"Ori"
28271,40372,2100," ",59,"Ori"
27750,39400,2037," ",56,"Ori"
28814,41380,2145," ",66,"Ori"
28812,41361,2144," ",63,"Ori"
27386,38710,1999," ",52,"Ori"
27989,39801,2061,"alf",58,"Ori"
31216,46300,2385," ",13,"Mon"
30541,44990,2310,"T",,"Mon"
31385,46642,2404," ",14,"Mon"
31978,47839,2456,"S",15,"Mon"
29850,43525,2247,"l",75,"Ori"
28614,40932,2124,"mu.",61,"Ori"
29800,43386,2241,"k",74,"Ori"
29736,43247,2229," ",73,"Ori"
26366,37160,1907,"phi02",40,"Ori"
26176,36822,1876,"phi01",37,"Ori"
26207,36861,1879,"lam",39,"Ori"
29426,42560,2199,"ksi",70,"Ori"
29038,41753,2159,"nu.",67,"Ori"
29434,42545,2198,"f01",69,"Ori"
27511,38899,2010," ",134,"Tau"
27364,38622,1993," ",133,"Tau"
27743,39317,2033," ",137,"Tau"
27581,39019,2016," ",135,"Tau"
27316,38545,1989," ",131,"Tau"
27265,38478,1985," ",129,"Tau"
32404,48843,2489," ",32,"Gem"
32362,48737,2484,"ksi",31,"Gem"
32249,48433,2478," ",30,"Gem"
33202,50635,2564,"e",38,"Gem"
32814,49738,2525," ",35,"Gem"
30564,44984,2308,"BL",,"Ori"
31105,46031,2371," ",19,"Gem"
32753,49606,2519," ",33,"Gem"
31681,47105,2421,"gam",24,"Gem"
31525,46781,," ",23,"Gem"
32104,48097,2466," ",26,"Gem"
34440,54131,2684," ",45,"Gem"
34909,55383,2717," ",51,"Gem"
33715,52005,2615," ",41,"Gem"
35699,57423,2795," ",56,"Gem"
34088,52973,2650,"zet",43,"Gem"
34182,53257,2659," ",44,"Gem"
29704,43153,2223,"f02",72,"Ori"
31158,46136,," ",20,"Gem"
30883,45542,2343,"nu.",18,"Gem"
30769,45394,2330," ",16,"Gem"
29650,43042,2220," ",71,"Ori"
28691,41040,2130," ",64,"Ori"
28716,41117,2135,"chi02",62,"Ori"
29433,42509,2193," ",68,"Ori"
30756,257498,," ",15,"Gem"
30757,45352,," ",15,"Gem"
29655,42995,2216,"eta",7,"Gem"
30343,44478,2286,"mu.",13,"Gem"
30049,43836,," ",12,"Gem"
30046,43818,," ",11,"Gem"
30003,43740,," ",10,"Gem"
32921,49908,2529,"d",36,"Gem"
33927,52497,2630,"ome",42,"Gem"
33277,50692,2569," ",37,"Gem"
33650,51688,2605," ",40,"Gem"
33595,51530,2601," ",39,"Gem"
32246,48329,2473,"eps",27,"Gem"
31852,47395,2438," ",54,"Aur"
32019,47731,2453," ",25,"Gem"
32311,48450,2480," ",28,"Gem"
24555,34203,1718," ",18,"Ori"
26093,36653,1864," ",35,"Ori"
25555,35770,1814," ",116,"Tau"
25410,35532,1798," ",113,"Tau"
24010,33276,1676," ",15,"Ori"
23607,32549,1638," ",11,"Ori"
23214,31845,," ",101,"Tau"
25216,35189,1774," ",110,"Tau"
26777,37711,1946," ",126,"Tau"
26382,37147,1905," ",122,"Tau"
25583,35802,1816," ",117,"Tau"
26064,36576,1858," ",120,"Tau"
27338,38558,1990," ",130,"Tau"
27965,39698,2052," ",57,"Ori"
27913,39587,2047,"chi01",54,"Ori"
25278,35296,1780," ",111,"Tau"
25499,35671,1808," ",115,"Tau"
25945,36389,1845,"CE",119,"Tau"
26451,37202,1910,"zet",123,"Tau"
25539,35708,1810,"o",114,"Tau"
26248,36819,1875," ",121,"Tau"
22441,30605,1537," ",96,"Tau"
22565,30780,1547,"i",97,"Tau"
23835,32923,1656,"m",104,"Tau"
23871,32977,1658,"l",106,"Tau"
23497,32301,1620,"iot",102,"Tau"
24822,34559,1739,"n",109,"Tau"
23883,32991,1660," ",105,"Tau"
24512,34053,1711," ",108,"Tau"
25695,35943,1821," ",118,"Tau"
23900,32990,1659," ",103,"Tau"
23068,31553,1586," ",99,"Tau"
23088,31592,1590,"k",98,"Tau"
28561,40724,2116," ",141,"Tau"
28734,41116,2134," ",1,"Gem"
29450,42543,2197,"BU",6,"Gem"
29288,42216,," ",4,"Gem"
29225,42087,2173," ",3,"Gem"
29379,42398,2185," ",5,"Gem"
29840,43384,2240," ",9,"Gem"
29789,43261,2230," ",8,"Gem"
28969,41543,," ",2,"Gem"
27468,38751,2002," ",132,"Tau"
28237,40111,2084," ",139,"Tau"
27830,39357,2034," ",136,"Tau"
31434,46553,2398," ",49,"Aur"
31737,47152,2425," ",53,"Aur"
30827,45412,2332,"RT",48,"Aur"
31173,46052,2372,"WW",,"Aur"
29696,43039,2219,"kap",44,"Aur"
26640,37438,1928," ",125,"Tau"
25428,35497,1791,"bet",112,"Tau"
25192,35076,1768," ",22,"Aur"
26536,37269,1914," ",26,"Aur"
25984,36371,1843,"chi",25,"Aur"
27639,38944,2011,"ups",31,"Aur"
28380,40312,2095,"the",37,"Aur"
28946,41357,2143," ",40,"Aur"
27673,39003,2012,"nu.",32,"Aur"
58799,104747,," ",89,"Cen"
57936,103192,4552,"bet",,"Hya"
60425,107815,4711," ",6,"Crv"
56922,101431,4494,"omi",,"Hya"
56343,100407,4450,"ksi",,"Hya"
56280,100286,4443," ",17,"Crt"
59199,105452,4623,"alf",1,"Crv"
59394,105850,4635," ",3,"Crv"
59316,105707,4630,"eps",2,"Crv"
61359,109379,4786,"bet",9,"Crv"
64166,114149,4958,"psi",45,"Hya"
64577,114946,4995," ",55,"Vir"
64725,115202,5001," ",57,"Vir"
64520,114846,4990," ",54,"Vir"
64924,115617,5019," ",61,"Vir"
64407,114642,4981," ",53,"Vir"
60189,107348,4696,"zet",5,"Crv"
58587,104337,4590," ",31,"Crt"
60965,108767,4757,"del",7,"Crv"
59803,106625,4662,"gam",4,"Crv"
61174,109085,4775,"eta",8,"Crv"
54255,96314,4317,"chi02",,"Hya"
54204,96202,4314,"chi01",,"Hya"
54682,97277,4343,"bet",11,"Crt"
57283,102070,4514,"zet",27,"Crt"
55598,98991,4395,"lam",13,"Crt"
55705,99211,4405,"gam",15,"Crt"
53252,94388,4251,"b03",,"Hya"
53740,95272,4287,"alf",7,"Crt"
52737,93397,4214,"b01",,"Hya"
52943,93813,4232,"nu.",,"Hya"
54742,97411,4347,"psi",,"Crt"
55282,98430,4382,"del",12,"Crt"
55874,99564,4416,"kap",16,"Crt"
58188,103632,4567,"eta",30,"Crt"
61318,109309,4781,"q",21,"Vir"
56802,101198,4488,"iot",24,"Crt"
56633,100889,4468,"the",21,"Crt"
55687,99167,4402,"eps",14,"Crt"
66015,117661,5094," ",73,"Vir"
65301,116292,5044," ",63,"Vir"
66091,117789,5099," ",75,"Vir"
65639,116976,5068," ",69,"Vir"
67057,119605,5165," ",83,"Vir"
67139,119786,5170," ",85,"Vir"
66247,118054,5106,"y",,"Vir"
65581,116870,5064,"i",68,"Vir"
65474,116658,5056,"alf",67,"Vir"
67172,119853,5173," ",86,"Vir"
69127,123630,5298," ",96,"Vir"
68940,123255,5290," ",95,"Vir"
68888,123177,," ",94,"Vir"
66098,117818,5100,"h",76,"Vir"
66803,119149,5150,"m",82,"Vir"
64078,114038,4955," ",49,"Vir"
64224,114287,4961," ",50,"Vir"
65074,115903,," ",62,"Vir"
64625,115062,," ",56,"Vir"
62985,112142,4902,"psi",40,"Vir"
64122,114113,4957,"g",,"Vir"
64238,114330,4963,"the",51,"Vir"
66131,117878,," ",77,"Vir"
65892,117436,5088," ",72,"Vir"
66006,117675,5095,"l",74,"Vir"
66320,118219,5111," ",80,"Vir"
65420,116568,5050," ",66,"Vir"
65323,116365,5047," ",65,"Vir"
69701,124850,5338,"iot",99,"Vir"
70680,126722,5406," ",104,"Vir"
70012,125454,5366,"ups",102,"Vir"
70755,126868,5409,"phi",105,"Vir"
73193,132132,5573,"M",1,"Ser"
72154,129956,5501," ",108,"Vir"
72220,130109,5511," ",109,"Vir"
67929,121299,5232,"p",90,"Vir"
68520,122408,5264,"tau",93,"Vir"
66249,118098,5107,"zet",79,"Vir"
68092,121607,5244," ",92,"Vir"
61740,110014,4813,"chi",26,"Vir"
61969,110418,," ",28,"Vir"
63414,112846,4921,"k",44,"Vir"
63494,112992,4925," ",46,"Vir"
62875,111998,4891," ",38,"Vir"
61558,109704,4799,"f",25,"Vir"
61941,110379,4825,"gam",29,"Vir"
63750,113459,4937," ",48,"Vir"
60129,107259,4689,"eta",15,"Vir"
60030,107070,4681," ",13,"Vir"
59285,105639,4626," ",10,"Vir"
60172,107328,4695,"c",16,"Vir"
62757,111765,4878," ",37,"Vir"
62443,111239,4858," ",35,"Vir"
63090,112300,4910,"del",43,"Vir"
61968,110423,4829,"d01",31,"Vir"
62267,110951,4847,"d02",32,"Vir"
66200,118022,5105,"o",78,"Vir"
66936,119425,5159," ",84,"Vir"
65241,116235,5040," ",64,"Vir"
64852,115521,5015,"sig",60,"Vir"
64792,115383,5011,"e",59,"Vir"
62325,111028,4849," ",33,"Vir"
63608,113226,4932,"eps",47,"Vir"
65790,117304,5081," ",71,"Vir"
65721,117176,5072," ",70,"Vir"
52085,92214,4171,"phi",,"Hya"
51614,91369,,"phi01",,"Hya"
51905,91880,4156,"phi02",,"Hya"
51069,90432,4094,"mu.",42,"Hya"
52009,92055,4163,"U",,"Hya"
52980,93903,4237," ",41,"Sex"
49402,87504,3970,"ups02",40,"Hya"
49841,88284,3994,"lam",41,"Hya"
50414,89254,4042,"eps",22,"Sex"
48437,85558,3909,"gam",8,"Sex"
49865,88333,3996," ",18,"Sex"
49812,88195,3989," ",17,"Sex"
50140,88764,," ",21,"Sex"
50100,88697,," ",20,"Sex"
51135,90485,," ",27,"Sex"
50885,90044,4082," ",25,"Sex"
51362,90882,4116,"del",29,"Sex"
51117,90473,," ",26,"Sex"
51437,90994,4119,"bet",30,"Sex"
55084,98058,4368,"phi",74,"Leo"
56127,99998,4432,"e",87,"Leo"
56647,100920,4471,"ups",91,"Leo"
57757,102870,4540,"bet",5,"Vir"
55650,99055,4400," ",79,"Leo"
56445,100563,4455," ",89,"Leo"
52913,93742,4229," ",40,"Sex"
53907,95578,4299,"p02",61,"Leo"
53273,94402,4253,"p01",,"Leo"
54849,97585,4356,"p05",69,"Leo"
54049,95849,4306,"p03",62,"Leo"
52316,92588,4182," ",33,"Sex"
53423,94672,4265," ",55,"Leo"
52584,93102,4201," ",36,"Sex"
55249,98366,4381," ",76,"Leo"
55137,98118,4371," ",75,"Leo"
54336,96436,4319,"p04",65,"Leo"
55945,99648,4418,"tau",84,"Leo"
55846,99491,4414," ",83,"Leo"
55791,99329,4410," ",80,"Leo"
55434,98664,4386,"sig",77,"Leo"
53807,95345,4291,"d",58,"Leo"
53824,95382,4294,"c",59,"Leo"
54182,96097,4310,"chi",63,"Leo"
48341,85364,3899," ",6,"Sex"
46982,82870,3814,"A",33,"Hya"
46221,81420,3738," ",28,"Hya"
47431,83618,3845,"iot",35,"Hya"
49641,87887,3981,"alf",15,"Sex"
49329,87301,3961," ",13,"Sex"
46509,81997,3759,"tau01",31,"Hya"
46776,82446,3787,"tau02",32,"Hya"
45336,79469,3665,"the",22,"Hya"
48414,85504,3906," ",7,"Sex"
48990,86611,3945," ",12,"Sex"
48273,85217,3893," ",4,"Sex"
48552,85762,," ",9,"Sex"
47310,83425,3834," ",2,"Sex"
47205,83240,3827," ",10,"Leo"
51451,91011,," ",31,"Sex"
50684,89688,4064," ",23,"Sex"
52401,92749,," ",34,"Sex"
52452,92841,4193," ",35,"Sex"
50027,88547,4004," ",19,"Sex"
51775,91612,4146," ",48,"Leo"
50851,89962,4077," ",43,"Leo"
53449,94705,4267," ",56,"Leo"
52660,93244,4207," ",37,"Sex"
51802,91636,4148," ",49,"Leo"
51624,91316,4133,"rho",47,"Leo"
52911,93702,4227,"l",53,"Leo"
49530,87682,3973," ",14,"Sex"
51008,90254,4088," ",44,"Leo"
51213,90569,4101," ",45,"Leo"
49029,86663,3950,"pi.",29,"Leo"
49637,87837,3980,"A",31,"Leo"
49669,87901,3982,"alf",32,"Leo"
48883,86360,3937,"nu.",27,"Leo"
49929,88355,3998," ",34,"Leo"
52689,93291,4209,"k",52,"Leo"
51585,91232,4127," ",46,"Leo"
50333,89056,4035," ",37,"Leo"
50755,89774,4070," ",42,"Leo"
58510,104181,4585,"b",7,"Vir"
59309,105702,4629," ",11,"Vir"
57380,102212,4517,"nu.",3,"Vir"
58590,104321,4589,"pi.",8,"Vir"
58110,103484,4559,"A02",6,"Vir"
60353,107705,4708," ",17,"Vir"
61960,110411,4828,"rho",30,"Vir"
61246,109217,4777," ",20,"Vir"
58948,104979,4608,"omi",9,"Vir"
59608,106251,4650," ",12,"Vir"
56779,101153,4483,"ome",1,"Vir"
57562,102510,4528,"A01",4,"Vir"
57328,102124,4515,"ksi",2,"Vir"
55642,99028,4399,"iot",78,"Leo"
59819,106661,4663," ",6,"Com"
57632,102647,4534,"bet",94,"Leo"
58159,103578,4564,"o",95,"Leo"
59352,105778,4632," ",3,"Com"
61937,110377,4824," ",27,"Vir"
62933,112097,4900," ",41,"Vir"
62394,111164,4855," ",34,"Vir"
62478,111308,4861," ",28,"Com"
62541,111397,4865," ",29,"Com"
62356,111067,4851," ",27,"Com"
62807,111862,4884," ",32,"Com"
61571,109742,4801," ",25,"Com"
63355,112769,4920," ",36,"Com"
63533,113095,4929," ",38,"Com"
64241,114378,4968,"alf",42,"Com"
62886,112033,4894," ",35,"Com"
63948,113848,4946," ",39,"Com"
63950,113866,4949," ",40,"Com"
60202,107383,4697," ",11,"Com"
61415,109510,4791," ",24,"Com"
61418,109511,4792," ",24,"Com"
60957,108765,4756," ",20,"Com"
59501,106057,4643," ",5,"Com"
60087,107168,4685," ",8,"Com"
61724,110024,4815," ",26,"Com"
61394,109485,4789," ",23,"Com"
61295,109307,4780," ",22,"Com"
60941,108722,4753," ",18,"Com"
61071,108945,4766," ",21,"Com"
60904,108662,4752," ",17,"Com"
60891,108651,4751," ",17,"Com"
62576,111469,4869," ",30,"Com"
62763,111812,4883," ",31,"Com"
55016,97907,4365,"n",73,"Leo"
56242,100180,4437," ",88,"Leo"
56080,99902,4426," ",85,"Leo"
55765,99285,4408," ",81,"Leo"
54879,97633,4359,"the",70,"Leo"
55533,98824,," ",71,"Leo"
56473,100600,4456," ",90,"Leo"
57565,102509,4527," ",93,"Leo"
56146,100006,4433," ",86,"Leo"
56975,101484,4495," ",92,"Leo"
53954,95608,4300,"b",60,"Leo"
52686,93257,4208,"m",51,"Leo"
54872,97603,4357,"del",68,"Leo"
54951,97778,4362," ",72,"Leo"
54388,96528,4322," ",64,"Leo"
54487,96738,4332," ",67,"Leo"
53417,94601,4259," ",54,"Leo"
53492,94747,4270," ",50,"LMi"
54196,96094,," ",51,"LMi"
54347,96418,," ",52,"LMi"
58858,104827,4602," ",2,"Com"
58661,104452,," ",1,"Com"
59847,106714,4667," ",7,"Com"
59468,105981,4640," ",4,"Com"
60351,107700,4707," ",12,"Com"
60514,107966,4717," ",13,"Com"
60746,108382,4738," ",16,"Com"
60697,108283,4733," ",14,"Com"
60742,108381,4737,"gam",15,"Com"
60098,107213,4688," ",9,"Com"
60123,107276,," ",10,"Com"
57029,101606,4501," ",62,"UMa"
56997,101501,4496," ",61,"UMa"
89642,167618,6832,"eta",,"Sgr"
87261,161892,6630,"G",,"Sco"
90185,169022,6879,"eps",20,"Sgr"
89637,167647,6833,"RS",,"Sgr"
90260,169233,6888," ",18,"Sgr"
89931,168454,6859,"del",19,"Sgr"
88635,165135,6746,"gam",10,"Sgr"
88567,164975,6742,"W",,"Sgr"
87072,161592,6616,"X",3,"Sgr"
85423,157919,6492,"d",45,"Oph"
85084,157236,6459," ",43,"Oph"
88469,164794,6736," ",9,"Sgr"
88380,164584,6724," ",7,"Sgr"
89153,166464,6801," ",11,"Sgr"
87706,162978,6672," ",63,"Oph"
88116,163955,6700," ",4,"Sgr"
92041,173300,7039,"phi",27,"Sgr"
92855,175191,7121,"sig",34,"Sgr"
92845,175190,7120,"nu.02",35,"Sgr"
92761,174974,7116,"nu.01",32,"Sgr"
90496,169916,6913,"lam",22,"Sgr"
91066,171237,6965," ",25,"Sgr"
91004,171115,6961," ",24,"Sgr"
91689,172546,7011," ",26,"Sgr"
92111,173460,7046," ",28,"Sgr"
92480,174309,7088," ",30,"Sgr"
93683,177241,7217,"omi",39,"Sgr"
94141,178524,7264,"pi.",41,"Sgr"
94820,180540,7304,"d",43,"Sgr"
95188,181645,7344,"rho02",45,"Sgr"
95168,181577,7340,"rho01",44,"Sgr"
93085,175775,7150,"ksi02",37,"Sgr"
92747,174947,7114," ",33,"Sgr"
93057,175687,7145,"ksi01",36,"Sgr"
92390,174116,7078," ",29,"Sgr"
89369,167036,6816," ",14,"Sgr"
90289,169420,6896," ",21,"Sgr"
89341,166937,6812,"mu.",13,"Sgr"
89439,167264,6822," ",15,"Sgr"
89440,167263,6823," ",16,"Sgr"
89567,167570,," ",17,"Sgr"
89968,168608,6863,"Y",,"Sgr"
90595,170296,6930,"gam",,"Sct"
84405,155885,6401,"A",36,"Oph"
85755,158643,6519,"c",51,"Oph"
84970,157056,6453,"the",42,"Oph"
84626,156349,6424,"omi",39,"Oph"
84625,156350,6425,"omi",39,"Oph"
85340,157792,6486,"b",44,"Oph"
83196,153363,6310," ",26,"Oph"
84893,156897,6445,"ksi",40,"Oph"
86736,160915,6595," ",58,"Oph"
86060,159376,6545," ",52,"Oph"
86263,159876,6561,"ksi",55,"Ser"
82925,152849,6291," ",24,"Oph"
83331,153727,6321," ",29,"Oph"
81724,150416,6196," ",24,"Sco"
84012,155125,6378,"eta",35,"Oph"
84880,156928,6446,"nu.",53,"Ser"
88258,164358,6715," ",6,"Sgr"
91726,172748,7020,"del",,"Sct"
91117,171443,6973,"alf",,"Sct"
90135,169156,6884,"zet",,"Sct"
86565,160613,6581,"omi",56,"Ser"
88048,163917,6698,"nu.",64,"Oph"
86284,159975,6567,"mu.",57,"Oph"
88404,164764,6733,"tau",69,"Oph"
87495,162714,6661,"Y",,"Oph"
88175,164259,6710,"zet",57,"Ser"
96950,186005,7489,"e02",55,"Sgr"
96808,185644,7476,"e01",54,"Sgr"
95176,181615,7342,"ups",46,"Sgr"
97650,187532,7553," ",51,"Aql"
96327,184492,7430," ",37,"Aql"
97928,188154,7584," ",56,"Aql"
97967,188294,7594," ",57,"Aql"
97966,188293,7593," ",57,"Aql"
94385,179406,7279," ",20,"Aql"
96483,184915,7446,"kap",39,"Aql"
95820,183344,7402,"U",,"Aql"
96556,185124,7460," ",42,"Aql"
95066,181391,7333,"f",26,"Aql"
95937,183630,7414,"e",36,"Aql"
100977,194939,7821," ",68,"Aql"
99631,192107,7720," ",66,"Aql"
99473,191692,7710,"the",65,"Aql"
101101,195135,7831," ",69,"Aql"
101692,196321,7873," ",70,"Aql"
101847,196574,7884,"l",71,"Aql"
101936,196758,7897," ",1,"Aqr"
98844,190299,7667," ",62,"Aql"
99171,191067,7690," ",64,"Aql"
97980,188350,7596," ",58,"Aql"
96468,184930,7447,"iot",41,"Aql"
96807,185762,7480," ",45,"Aql"
97804,187929,7570,"eta",55,"Aql"
91845,173009,7032,"eps",,"Sct"
92202,173819,7066,"R",,"Sct"
93026,175751,7149,"eta",,"Sct"
93429,176678,7193,"i",12,"Aql"
93805,177756,7236,"lam",16,"Aql"
92175,173764,7063,"bet",,"Sct"
92524,174589,7101," ",8,"Aql"
92117,173654,7059," ",5,"Aql"
93717,177463,7225,"h",15,"Aql"
93526,176984,7209,"g",14,"Aql"
95073,181440,7336,"d",27,"Aql"
95585,182835,7387,"nu.",32,"Aql"
94913,181053,7321," ",24,"Aql"
94885,180972,7319," ",23,"Aql"
94477,179761,7287," ",21,"Aql"
93051,175869,7158," ",64,"Ser"
89962,168723,6869,"eta",58,"Ser"
90642,170474,6935,"c",60,"Ser"
90844,170920,6957," ",61,"Ser"
91322,171978,6993,"e",,"Ser"
90441,169985,6918,"d",59,"Ser"
89918,168656,6866," ",74,"Oph"
91975,173370,7040," ",4,"Aql"
92946,175638,7141,"the01",63,"Ser"
92951,175639,7142,"the02",63,"Ser"
92872,175515,7135," ",62,"Ser"
95793,183324,7400,"c",35,"Aql"
95501,182640,7377,"del",30,"Aql"
96665,185507,7474,"sig",44,"Aql"
94727,180482,7303," ",22,"Aql"
96229,184406,7429,"mu.",38,"Aql"
98036,188512,7602,"bet",60,"Aql"
97229,186689,7519,"ups",49,"Aql"
97938,188310,7595,"ksi",59,"Aql"
97649,187642,7557,"alf",53,"Aql"
98823,190327,7669,"tau",63,"Aql"
97278,186791,7525,"gam",50,"Aql"
97675,187691,7560,"omi",54,"Aql"
98103,188728,7610,"phi",61,"Aql"
97473,187259,7544,"pi.",52,"Aql"
96957,186203,7497,"chi",47,"Aql"
96931,186122,7493," ",46,"Aql"
94068,178596,7266," ",19,"Aql"
95002,181383,7332,"ome02",29,"Aql"
94834,180868,7315,"ome01",25,"Aql"
93867,178125,7248," ",18,"Aql"
93747,177724,7235,"zet",17,"Aql"
95447,182572,7373,"b",31,"Aql"
97139,186547,7511,"psi",48,"Aql"
96840,185936,7486,"QS",,"Aql"
94982,181333,7331,"A",28,"Aql"
96516,185194,7463,"eps",4,"Sge"
95398,182490,7369," ",2,"Sge"
95435,182571,," ",3,"Sge"
80569,148184,6118,"chi",7,"Oph"
80894,148786,6147,"phi",8,"Oph"
82369,151769,6243," ",20,"Oph"
81377,149757,6175,"zet",13,"Oph"
82730,152601,6280," ",23,"Oph"
79005,144708,6002," ",11,"Sco"
79540,145897,6048,"chi",17,"Sco"
78727,144069,5977,"ksi",,"Sco"
79375,145570,6031,"psi",15,"Sco"
79672,146233,6060," ",18,"Sco"
78436,143459,5959," ",50,"Lib"
79387,145607,6033," ",16,"Sco"
80628,148367,6129,"ups",3,"Oph"
79882,146791,6075,"eps",2,"Oph"
79593,146051,6056,"del",1,"Oph"
81300,149661,6171," ",12,"Oph"
85365,157950,6493," ",47,"Oph"
83262,153687,6318," ",30,"Oph"
84514,156266,6415," ",41,"Oph"
86831,161270,6609," ",61,"Oph"
82037,151133,6224," ",16,"Oph"
81734,150557,6205," ",14,"Oph"
82480,152127,6255," ",21,"Oph"
82162,151431,6232," ",19,"Oph"
84500,156247,6414,"U",38,"Oph"
85355,157999,6498,"sig",49,"Oph"
77464,141378,5875," ",30,"Ser"
77516,141513,5881,"mu.",32,"Ser"
77660,141851,5895,"b",36,"Ser"
77227,140873,5863,"A02",25,"Ser"
80179,147449,6093,"sig",50,"Ser"
75342,137006,5721," ",8,"Ser"
76133,138562,5772,"A01",11,"Ser"
76427,139137,5799," ",14,"Ser"
74689,135559,5679," ",4,"Ser"
73536,132933,5594," ",2,"Ser"
75119,136514,5710," ",6,"Ser"
75761,137898,5746," ",10,"Ser"
74975,136202,5694," ",5,"Ser"
77578,141680,5888,"ome",34,"Ser"
77052,140538,5853,"psi",23,"Ser"
78685,144046,5976," ",43,"Ser"
77622,141795,5892,"eps",37,"Ser"
77070,140573,5854,"alf",24,"Ser"
77257,141004,5868,"lam",27,"Ser"
80883,148857,6149,"lam",10,"Oph"
81634,150379,6194," ",36,"Her"
81641,150378,6195," ",37,"Her"
82216,151525,6234,"l",45,"Her"
81991,151090,," ",41,"Her"
79488,145892,6047," ",9,"Her"
81007,149121,6158,"n",28,"Her"
80351,147869,6111,"o",21,"Her"
82402,151956,6250,"k",47,"Her"
83000,153210,6299,"kap",27,"Oph"
82073,151217,6228,"i",43,"Her"
82673,152614,6281,"iot",25,"Oph"
79072,145002,6010," ",47,"Ser"
77910,142500,5919," ",40,"Ser"
79007,144874,6004," ",45,"Ser"
79047,144937,," ",46,"Ser"
79634,146279,," ",13,"Her"
81008,149161,6159,"h",29,"Her"
80463,148112,6117,"ome",24,"Her"
79492,145958,," ",49,"Ser"
88290,164577,6723," ",68,"Oph"
88522,165174,6747,"V986",,"Oph"
88601,165341,6752,"p",70,"Oph"
88192,164353,6714," ",67,"Oph"
88149,164284,6712," ",66,"Oph"
88964,166233,6795," ",73,"Oph"
87108,161868,6629,"gam",62,"Oph"
86742,161096,6603,"bet",60,"Oph"
88765,165760,6770," ",71,"Oph"
88771,165777,6771," ",72,"Oph"
85998,159480,6548,"f",53,"Oph"
86032,159561,6556,"alf",55,"Oph"
88128,164349,6713," ",93,"Her"
93203,176303,7172," ",11,"Aql"
93179,176232,7167," ",10,"Aql"
93244,176411,7176,"eps",13,"Aql"
92161,173880,7069," ",111,"Her"
93124,176155,7165,"FF",,"Aql"
95498,182762,7385," ",4,"Vul"
95560,182919,7390," ",5,"Vul"
94910,181182,7326,"U",,"Sge"
94620,180317,7301," ",1,"Sge"
94703,180554,7306," ",1,"Vul"
88899,166230,6794," ",101,"Her"
88886,166182,6787," ",102,"Her"
90139,169414,6895," ",109,"Her"
89861,168720,6868," ",106,"Her"
92043,173667,7061," ",110,"Her"
92614,174933,7113," ",112,"Her"
92818,175492,7133," ",113,"Her"
84671,156681,6433,"e",,"Oph"
84177,155644,6393," ",37,"Oph"
84345,156014,6406,"alf01",64,"Her"
83613,154494,6355," ",60,"Her"
83430,154143,6337," ",32,"Oph"
86254,160181,6571," ",79,"Her"
82526,152308,6268," ",49,"Her"
82802,152879,6293," ",54,"Her"
85157,157728,6480," ",73,"Her"
84887,157198,6457," ",70,"Her"
85693,158899,6526,"lam",76,"Her"
84054,155514,6391," ",63,"Her"
82987,153287,6305," ",57,"Her"
84379,156164,6410,"del",65,"Her"
88331,164852,6738," ",96,"Her"
88267,164668,6729," ",95,"Her"
88657,165625,6765," ",98,"Her"
88346,164900,6741," ",97,"Her"
89773,168532,6860," ",105,"Her"
88817,166046,6782," ",100,"Her"
88818,166045,6781," ",100,"Her"
86731,161239,6608," ",84,"Her"
86667,161074,6602," ",83,"Her"
87194,162211,6644," ",87,"Her"
87747,163506,6685," ",89,"Her"
87933,163993,6703,"ksi",92,"Her"
89935,168914,6877,"t",107,"Her"
88794,166014,6779,"omi",103,"Her"
89925,168913,6876," ",108,"Her"
88745,165908,6775,"b",99,"Her"
89172,167006,6815,"A",104,"Her"
86974,161797,6623,"mu.",86,"Her"
85790,159139,6533," ",78,"Her"
87998,164136,6707,"nu.",94,"Her"
89826,168775,6872,"kap",1,"Lyr"
87808,163770,6695,"the",91,"Her"
25776,39780,2059," ",31,"Men"
23148,34172,1716,"ksi",,"Men"
20297,29116,1456,"nu.",,"Men"
20049,28525,1426,"del",,"Men"
26394,39091,2022,"pi.",,"Men"
27566,40953,2125,"kap",,"Men"
26264,38602,1991,"iot",,"Men"
15201,21024,1025,"iot",,"Hyi"
17678,24512,1208,"gam",,"Hyi"
814,636,30,"gam03",,"Oct"
8366,11604,550,"tau02",,"Hyi"
11757,16522,776,"mu.",,"Hyi"
7879,10859,516,"tau01",,"Hyi"
8991,12363,593,"sig",,"Hyi"
13244,18293,872,"nu.",,"Hyi"
11095,15248,715,"kap",,"Hyi"
14131,19400,939,"the",,"Hyi"
25918,37763,1953,"gam",,"Men"
22871,32440,1629,"eta",,"Men"
27369,39810,2062,"lam",,"Men"
23467,33285,1677,"bet",,"Men"
21949,30612,1541,"mu.",,"Men"
24372,34649,1744,"the",,"Dor"
27534,39844,2064,"eps",,"Dor"
27100,39014,2015,"del",,"Dor"
17440,23817,1175,"bet",,"Ret"
16245,22001,1083,"kap",,"Ret"
20384,28093,1395,"eta",,"Ret"
20020,27657,1372,"the",,"Ret"
19780,27256,1336,"alf",,"Ret"
21479,29712,1492,"R",,"Dor"
19921,27442,1355,"eps",,"Ret"
18744,25705,1264,"gam",,"Ret"
18597,25422,1247,"del",,"Ret"
18772,25728,1266,"iot",,"Ret"
2021,2151,98,"bet",,"Hyi"
122,224889,9084,"the",,"Oct"
3781,4815,236,"lam",,"Hyi"
1902,2051,,"ksi",,"Tuc"
2629,3112,139,"the",,"Tuc"
4293,5457,270,"lam02",,"Tuc"
4084,5190,252,"lam01",,"Tuc"
5896,7788,377,"kap",,"Tuc"
11001,15008,705,"del",,"Hyi"
10418,14141,667,"pi.01",,"Hyi"
10513,14287,678,"pi.02",,"Hyi"
12394,16978,806,"eps",,"Hyi"
12876,17566,837,"zet",,"Hyi"
8751,11733,,"eta01",,"Hyi"
8928,11977,570,"eta02",,"Hyi"
1647,1685,83,"pi.",,"Tuc"
3330,4089,187,"rho",,"Tuc"
5268,6793,332,"iot",,"Tuc"
9236,12311,591,"alf",,"Hyi"
13884,18866,909,"bet",,"Hor"
12871,17504,833,"gam",,"Hor"
13141,17848,852,"nu.",,"Hor"
15330,20766,1006,"zet01",,"Ret"
15371,20807,1010,"zet02",,"Ret"
11258,15233,714,"lam",,"Hor"
14240,19319,934,"mu.",,"Hor"
12484,16920,802,"zet",,"Hor"
12225,16555,778,"eta",,"Hor"
12653,17051,810,"iot",,"Hor"
27890,40409,2102," ",36,"Dor"
26001,37297,1917," ",28,"Dor"
26069,37350,1922,"bet",,"Dor"
25429,36189,1836,"lam",,"Dor"
23693,33262,1674,"zet",,"Dor"
27530,39523,2042,"gam",,"Pic"
25098,35580,1801,"kap",,"Pic"
25303,35860,1818,"the",,"Pic"
24829,35072,1767,"zet",,"Pic"
22040,30478,1530,"kap",,"Dor"
21281,29305,1465,"alf",,"Dor"
22531,31203,1563,"iot",,"Pic"
22534,31204,1564,"iot",,"Pic"
19893,27290,1338,"gam",,"Dor"
21914,30185,1516,"lam",,"Pic"
23649,33042,1663,"eta02",,"Pic"
23482,32743,1649,"eta01",,"Pic"
21060,28873,1443,"del",,"Cae"
27321,39060,2020,"bet",,"Pic"
28328,40808,2120,"eta",,"Col"
22488,30985,1557,"nu.",,"Cae"
21770,29875,1502,"alf",,"Cae"
21998,30202,1518,"lam",,"Cae"
25859,36597,1862,"eps",,"Col"
23596,32846,1653,"gam",,"Cae"
23595,32831,1652,"gam",,"Cae"
24659,34642,1743,"omi",,"Col"
19747,26967,1326,"alf",,"Hor"
19515,26612,1302,"del",,"Hor"
15510,20794,1008,"e",82,"Eri"
16870,22663,1106,"y",,"Eri"
17797,24071,1189,"f",,"Eri"
17351,23319,1143,"h",,"Eri"
17874,24160,1195,"g",,"Eri"
18213,24626,1214,"i",,"Eri"
16156,21635,1058,"chi03",,"For"
15987,21423,1042,"chi01",,"For"
16112,21574,1054,"chi02",,"For"
17304,23227,1134,"del",,"For"
21861,29992,1503,"bet",,"Cae"
20042,27376,1347,"ups04",41,"Eri"
20535,28028,1393,"d",43,"Eri"
22280,30608,1539,"zet",,"Cae"
21393,29291,1464,"ups02",52,"Eri"
21248,29085,1453,"ups01",50,"Eri"
17738,23940,1184,"rho",,"For"
1599,1581,77,"zet",,"Tuc"
2578,3003,136,"bet03",,"Tuc"
2487,2885,127,"bet02",,"Tuc"
2484,2884,126,"bet01",,"Tuc"
4829,6192,295,"ome",,"Phe"
3405,4150,191,"eta",,"Phe"
3277,3980,183,"ksi",,"Phe"
7588,10144,472,"alf",,"Eri"
7751,10360,486,"p",,"Eri"
7978,10647,506,"q01",,"Eri"
8241,10939,520,"q02",,"Eri"
5348,6882,338,"zet",,"Phe"
8240,10934,519," ",120,"Phe"
3949,4919,242,"rho",,"Phe"
7083,9362,440,"del",,"Phe"
5165,6595,322,"bet",,"Phe"
5862,7570,370,"nu.",,"Phe"
6867,9053,429,"gam",,"Phe"
10602,14228,674,"phi",,"Eri"
9007,11937,566,"chi",,"Eri"
11407,15371,721,"kap",,"Eri"
8837,11695,555,"psi",,"Phe"
9459,12524,602,"chi",,"Phe"
12413,16754,789,"s",,"Eri"
12486,16815,794,"iot",,"Eri"
8882,11753,558,"phi",,"Phe"
11867,15975,744,"lam01",,"For"
11477,15427,724,"phi",,"For"
10320,13709,652,"mu.",,"For"
2472,2834,125,"lam01",,"Phe"
2802,3302,147,"lam02",,"Phe"
3245,3919,180,"mu.",,"Phe"
88,224834,9081,"tau",,"Phe"
5300,6767,331,"ups",,"Phe"
4770,6055,288,"ksi",,"Scl"
765,496,25,"eps",,"Phe"
2072,2262,100,"kap",,"Phe"
2081,2261,99,"alf",,"Phe"
3356,4065,185,"lam01",,"Scl"
3456,4211,195,"lam02",,"Scl"
6759,8879,423,"R",,"Scl"
9440,12438,594,"pi.",,"For"
9677,12767,612,"nu.",,"For"
7955,10537,497,"pi.",,"Scl"
7463,9906,462,"tau",,"Scl"
4852,6178,293,"sig",,"Scl"
4577,5737,280,"alf",,"Scl"
8209,10830,514,"eps",,"Scl"
6960,9132,433," ",48,"Cet"
13847,18622,897,"the01",,"Eri"
13473,18149,863,"psi",,"For"
13225,17793,848,"eta02",,"For"
13265,17829,851,"eta03",,"For"
13040,17528,835,"eta01",,"For"
14879,20010,963,"alf",,"For"
12186,16417,772,"lam02",,"For"
13147,17652,841,"bet",,"For"
12288,16538,777,"iot02",,"For"
13202,17729,845,"gam02",,"For"
12122,16307,767,"iot01",,"For"
11918,16046,749,"ome",,"For"
14086,18907,914,"eps",,"For"
13942,18692,901,"zet",,"For"
13197,17713,844,"gam01",,"For"
14146,18978,919,"tau03",11,"Eri"
13782,18454,883," ",4,"Eri"
13835,18535,889," ",6,"Eri"
17618,23738,1171,"sig",,"For"
17007,22789,1114,"tau",,"For"
18673,25267,1240,"tau09",36,"Eri"
18216,24587,1213,"tau08",33,"Eri"
17717,23878,1181,"tau07",28,"Eri"
17651,23754,1173,"tau06",27,"Eri"
15382,20610,994," ",15,"Eri"
15474,20720,1003,"tau04",16,"Eri"
16611,22203,1088,"tau05",19,"Eri"
16803,22470,1100," ",20,"Eri"
18543,25025,1231,"gam",34,"Eri"
17593,23614,1162,"pi.",26,"Eri"
11072,14802,695,"kap",,"For"
13288,17824,850,"tau02",2,"Eri"
12843,17206,818,"tau01",1,"Eri"
9061,11930,565," ",56,"Cet"
9347,12274,585,"ups",59,"Cet"
9326,12255,583," ",57,"Cet"
11783,15798,740,"sig",76,"Cet"
11345,15130,708,"rho",72,"Cet"
12770,17081,811,"pi.",89,"Cet"
17378,23249,1136,"del",23,"Eri"
16537,22049,1084,"eps",18,"Eri"
15244,20395,988," ",14,"Eri"
15197,20320,984,"zet",13,"Eri"
12390,16620,781,"eps",83,"Cet"
13701,18322,874,"eta",3,"Eri"
12002,16074,752," ",77,"Cet"
12107,16212,759," ",80,"Cet"
14060,18784,907,"rho01",8,"Eri"
14293,19107,925,"rho03",10,"Eri"
14168,18953,917,"rho02",9,"Eri"
14040,18760,904," ",7,"Eri"
13951,18633,899," ",5,"Eri"
43908,79837,3678,"zet",,"Oct"
53702,96124,4312,"eta",,"Oct"
49065,87971,3983,"mu.",,"Cha"
49326,88351,3997,"mu.02",,"Cha"
46928,83979,3860,"zet",,"Cha"
46107,82554,3795,"iot",,"Cha"
52633,93845,4234,"del02",,"Cha"
52595,93779,4231,"del01",,"Cha"
51839,92305,4174,"gam",,"Cha"
47956,85396,3902,"nu.",,"Cha"
50954,90589,4102,"I",,"Car"
31897,50506,2559,"zet",,"Men"
36039,60816,2919,"eps",,"Men"
42794,75747,3524," ",9,"Cha"
42637,75416,3502,"eta",,"Cha"
40888,71701,3340,"the",,"Cha"
40702,71243,3318,"alf",,"Cha"
33384,54239,2689,"the",,"Men"
46741,83095,3821,"H",,"Car"
44599,78791,3643,"G",,"Car"
41003,71576,3334,"eta",,"Vol"
40817,71046,3301,"kap01",,"Vol"
40834,71066,3302,"kap02",,"Vol"
42425,74405,3460,"the",,"Vol"
44626,78764,3642,"E",,"Car"
45238,80007,3685,"bet",,"Car"
58484,104174,4583,"eps",,"Cha"
56675,101132,4479,"pi.",,"Cha"
51438,91375,4138,"K",,"Car"
57581,102584,4530,"mu.",,"Mus"
57363,102249,4520,"lam",,"Mus"
52419,93030,4199,"the",,"Car"
54301,96566,4325,"z",,"Car"
50099,89080,4037,"ome",,"Car"
50847,90264,4089,"L",,"Car"
50083,88981,4025,"M",,"Car"
44382,78045,3615,"alf",,"Vol"
48002,85123,3890,"ups",,"Car"
47854,84810,3884,"l",,"Car"
47391,83944,3856,"m",,"Car"
49751,88366,3999,"S",,"Car"
50371,89388,4050,"q",,"Car"
51576,91465,4140,"p",,"Car"
52468,93070,4200,"w",,"Car"
51912,92063,4164,"t01",,"Car"
51232,90853,4114,"s",,"Car"
37504,63295,3024,"zet",,"Vol"
29271,43834,2261,"alf",,"Men"
32912,51557,2602,"iot",,"Vol"
34481,55865,2736,"gam02",,"Vol"
34473,55864,2735,"gam01",,"Vol"
35228,57623,2803,"del",,"Vol"
39794,68520,3223,"eps",,"Vol"
41312,71878,3347,"bet",,"Vol"
39138,66591,3159,"D",,"Car"
40429,69863,3260,"C",,"Car"
30321,45669,2352,"pi.01",,"Dor"
30565,46116,2377,"pi.02",,"Dor"
29134,43107,2221,"nu.",,"Dor"
28909,42525,2194,"eta01",,"Dor"
39903,68456,3220,"B",,"Car"
45101,79447,3663,"i",,"Car"
45856,81101,3728,"k",,"Car"
45556,80404,3699,"iot",,"Car"
45080,79351,3659,"a",,"Car"
45496,80230,3696,"g",,"Car"
43783,76728,3571,"c",,"Car"
42568,74375,3457,"d",,"Car"
44143,77370,3598,"b02",,"Car"
43937,77002,3582,"b01",,"Car"
46974,83183,3825,"h",,"Car"
46701,82668,3803,"N",,"Vel"
48774,86440,3940,"phi",,"Vel"
47717,84461,3875,"O",,"Vel"
45941,81188,3734,"kap",,"Vel"
46283,81848,3753,"I",,"Vel"
46950,83058,3819,"L",,"Vel"
45631,80456,3703,"K",,"Vel"
41037,71129,3307,"eps",,"Car"
42129,73390,3415,"e01",,"Car"
42134,73389,3414,"e02",,"Car"
43105,75311,3498,"f",,"Car"
42913,74956,3485,"del",,"Vel"
42536,74195,3447,"omi",,"Vel"
41483,71935,3350,"F",,"Vel"
42177,73340,3413,"E",,"Vel"
42088,73155,3407,"C",,"Vel"
43878,76805,3574,"H",,"Vel"
42834,74753,3476,"D",,"Vel"
42624,74272,3452,"n",,"Vel"
43413,75821,3527,"f",,"Vel"
43023,75063,3487,"a",,"Vel"
44511,78004,3614,"c",,"Vel"
43347,75710,3520,"g",,"Vel"
57669,102776,4537,"j",,"Cen"
56561,100841,4467,"lam",,"Cen"
56250,100262,4442,"omi02",,"Cen"
56243,100261,4441,"omi01",,"Cen"
54461,96919,4338,"z02",,"Car"
54751,97534,4352,"y",,"Car"
54463,96918,4337,"x",,"Car"
53394,94776,4271,"T",,"Car"
53253,94510,4257,"u",,"Car"
56480,100673,4460,"A",,"Cen"
55425,98718,4390,"pi.",,"Cen"
52102,92397,4177,"t02",,"Car"
51849,91942,4159,"r",,"Car"
51192,90772,4110,"P",,"Car"
52154,92449,4180,"x",,"Vel"
50676,89890,4074,"J",,"Vel"
49712,88206,3990,"Q",,"Vel"
51523,91324,4134,"Y",,"Vel"
52727,93497,4216,"mu.",,"Vel"
51986,92139,4167,"p",,"Vel"
51635,91504,4143,"t",,"Vel"
51561,91355,4135,"s",,"Vel"
56700,101067,4476,"C03",,"Cen"
56573,100825,4466,"C02",,"Cen"
56518,100733,4463,"C01",,"Cen"
57803,102964,4546,"B",,"Cen"
53773,95370,4293,"i",,"Vel"
53502,94890,4273,"iot",,"Ant"
47175,83446,3836,"M",,"Vel"
48374,85622,3912,"m",,"Vel"
48224,85355,3898,"u",,"Vel"
50799,89998,4080,"r",,"Vel"
50191,88955,4023,"q",,"Vel"
47267,83548,3842,"y",,"Vel"
46651,82434,3786,"psi",,"Vel"
45344,79735,3674,"z",,"Vel"
44816,78647,3634,"lam",,"Vel"
45439,79917,3682,"l",,"Vel"
48926,86629,3947,"eta",,"Ant"
46515,82150,3765,"eps",,"Ant"
51821,91793,4153,"U",,"Ant"
51172,90610,4104,"alf",,"Ant"
51376,90972,4118,"del",,"Ant"
51718,91550,4145," ",44,"Hya"
29353,43455,2245,"eta02",,"Dor"
32607,50241,2550,"alf",,"Pic"
31137,46860,2412,"mu.",,"Pic"
36942,61248,2934,"Q",,"Car"
30932,46355,2389," ",61,"Pic"
30342,45229,2320,"nu.",,"Pic"
32531,49877,2526,"O",,"Car"
32761,50337,2554,"A",,"Car"
29276,42933,2212,"del",,"Pic"
30438,45348,2326,"alf",,"Car"
31407,47306,2435,"N",,"Car"
32768,50310,2553,"tau",,"Pup"
33779,53047,2652," ",23,"Car"
37043,61391,2940,"y02",,"Pup"
37174,61715,2957,"y03",,"Pup"
34059,53811,2672,"H",,"Pup"
34834,55892,2740,"I",,"Pup"
34899,56022,2746,"L01",,"Pup"
35347,57197,2789,"M",,"Pup"
36377,59717,2878,"sig",,"Pup"
38827,65575,3117,"chi",,"Car"
40282,69194,3247," ",16,"Vel"
41039,70930,3294,"B",,"Vel"
41616,72108,3358,"A",,"Vel"
38957,65818,3129,"V",,"Pup"
38518,64760,3090,"J",,"Pup"
38917,65685,3121,"O",,"Pup"
39953,68273,3207,"gam02",,"Vel"
40155,68808,3232,"AH",,"Vel"
42570,74180,3445,"b",,"Vel"
42312,73634,3426,"e",,"Vel"
42884,74772,3477,"d",,"Vel"
43325,75630,3514,"h",,"Vel"
38089,63744,3046,"Q",,"Pup"
38164,63922,3055,"P",,"Pup"
38872,65551,3116,"N",,"Pup"
39429,66811,3165,"zet",,"Pup"
37664,62713,3002,"W",,"Pup"
38414,64440,3080,"a",,"Pup"
38455,64503,3084,"b",,"Pup"
37819,63032,3017,"c",,"Pup"
40326,69142,3243,"h02",,"Pup"
40091,68553,3225,"h01",,"Pup"
40706,70060,3270,"q",,"Pup"
40274,68980,3237,"r",,"Pup"
40945,70555,3282,"w",,"Pup"
30591,45572,2348,"G",,"Pup"
31765,47973,2462,"Y",,"Pup"
31685,47670,2451,"nu.",,"Pup"
32765,50223,2548,"X",,"Pup"
34922,56096,2748,"L02",,"Pup"
34802,55719,2727,"E",,"Pup"
35393,57240,2791,"F",,"Pup"
34081,53704,2666,"C",,"Pup"
34339,54475,2691,"D",,"Pup"
34495,54893,2702,"A",,"Pup"
28957,42078,2171,"pi.01",,"Col"
29064,42303,2181,"pi.02",,"Col"
32537,49591,2518,"x",,"Pup"
33558,52092,2619,"t",,"Pup"
32759,50013,2538,"kap",13,"CMa"
32292,48917,2492," ",10,"CMa"
37297,61831,2961,"d01",,"Pup"
36363,59635,2875,"y",,"Pup"
37329,61899,2964,"d03",,"Pup"
37322,61878,2963,"d02",,"Pup"
37345,61925,2968,"d04",,"Pup"
37223,61641,2954,"e",,"Pup"
36778,60606,2911,"z",,"Pup"
37096,61330,2937,"f",,"Pup"
37853,63077,3018," ",171,"Pup"
35264,56855,2773,"pi.",,"Pup"
35363,57150,2787,"v01",,"Pup"
35406,57219,2790,"v02",,"Pup"
38423,64379,3079," ",212,"Pup"
38901,65456,3113,"chi",,"Pup"
37677,62623,2996,"l",3,"Pup"
37648,62576,2993," ",1,"Pup"
38070,63462,3034,"omi",,"Pup"
35904,58350,2827,"eta",31,"CMa"
33579,52089,2618,"eps",21,"CMa"
35037,56139,2749,"ome",28,"CMa"
34981,56014,2745," ",27,"CMa"
33856,52877,2646,"sig",22,"CMa"
34444,54605,2693,"del",25,"CMa"
34798,55522,2718," ",26,"CMa"
36917,60863,2922,"p",,"Pup"
37229,61555,2948,"kap01",,"Pup"
37173,61429,2944,"m",,"Pup"
38146,63660,3043," ",188,"Pup"
38170,63700,3045,"ksi",7,"Pup"
35415,57061,2782,"tau",30,"CMa"
35412,57060,2781,"UW",29,"CMa"
35210,56577,2764," ",145,"CMa"
36817,60584,2909,"n",,"Pup"
44191,77258,3591,"w",,"Vel"
45386,79807,3677,"k01",,"Vel"
45448,79940,3684,"k",,"Vel"
42515,74006,3438,"bet",,"Pyx"
46657,82383,3780,"zet01",,"Ant"
46734,82513,3789,"zet02",,"Ant"
45001,78922,3644,"eps",,"Pyx"
46026,81169,3733,"lam",,"Pyx"
45902,80874,3718,"the",,"Pyx"
42828,74575,3468,"alf",,"Pyx"
42483,73898,3433,"zet",,"Pyx"
43409,75691,3518,"gam",,"Pyx"
42334,73495,3420,"eta",,"Pyx"
43825,76483,3556,"del",,"Pyx"
44824,78541,3628,"kap",,"Pyx"
47758,84367,3871,"the",,"Ant"
47522,83953,3858,"I",,"Hya"
46371,81799,3749,"G",,"Hya"
48356,85444,3903,"ups01",39,"Hya"
47452,83754,3849,"kap",38,"Hya"
39757,67523,3185,"rho",15,"Pup"
39023,65699,3123," ",12,"Pup"
42662,74137,3441," ",9,"Hya"
38835,65228,3102,"j",11,"Pup"
39524,66834,3168," ",14,"Pup"
39906,67797,3192," ",16,"Pup"
38211,63697,3044," ",6,"Pup"
38427,64238,3073," ",10,"Pup"
40604,69665,3257," ",21,"Pup"
40259,68752,3229," ",20,"Pup"
41067,70673,3289," ",22,"Pup"
40035,68146,3202," ",18,"Pup"
40084,68290,3211," ",19,"Pup"
43067,74918,3484,"D",12,"Hya"
45588,80105,," ",25,"Hya"
45751,80499,3706," ",26,"Hya"
47427,83650,3846," ",37,"Hya"
47249,83373,3832," ",34,"Hya"
46365,81728,3744," ",29,"Hya"
46390,81797,3748,"alf",30,"Hya"
45811,80586,3709,"P",27,"Hya"
45526,79931,3683," ",24,"Hya"
44961,78732,3641," ",20,"Hya"
44883,78556,3630," ",19,"Hya"
45184,79193,3655," ",21,"Hya"
45527,79910,3681," ",23,"Hya"
42509,73840,3431,"a",6,"Hya"
42146,72968,3398," ",3,"Hya"
42835,74395,3459,"F",,"Hya"
43822,76369,3552," ",17,"Hya"
43496,75737,3523," ",15,"Hya"
43305,75333,3500," ",14,"Hya"
74296,131596,5557,"ome",,"Oct"
76996,137333,5729,"rho",,"Oct"
66753,117374,5084,"kap",,"Oct"
63031,111482,4870,"iot",,"Oct"
70638,124882,5339,"del",,"Oct"
73540,130650,5525,"pi.01",,"Oct"
73771,131246,5545,"pi.02",,"Oct"
69896,123998,5303,"eta",,"Aps"
72370,129078,5470,"alf",,"Aps"
81065,147675,6102,"gam",,"Aps"
81852,149324,6163,"bet",,"Aps"
80047,145366,6020,"del01",,"Aps"
80057,145388,6021,"del02",,"Aps"
70248,124771,5336,"eps",,"Aps"
68815,122250,5261,"the",,"Aps"
60000,106911,4674,"bet",,"Cha"
65468,116244,5042,"iot01",,"Mus"
65628,116579,5051,"iot02",,"Mus"
73223,131109,5540,"R",,"Aps"
76750,138800,5782,"kap02",,"Aps"
76013,137387,5730,"kap01",,"Aps"
82273,150798,6217,"alf",,"TrA"
80686,147584,6098,"zet",,"TrA"
81710,149671,6172,"eta01",,"TrA"
84979,156190,6411,"iot",,"Aps"
84969,156277,6417,"zet",,"Aps"
81252,148890,6151,"the",,"TrA"
77982,141767,5891,"kap",,"TrA"
74946,135382,5671,"gam",,"TrA"
76440,138538,5771,"eps",,"TrA"
77952,141891,5897,"bet",,"TrA"
80645,147787,6109,"iot",,"TrA"
79664,145544,6030,"del",,"TrA"
79153,144480,5994,"iot02",,"Nor"
78662,143474,5961,"iot01",,"Nor"
58905,104902,4605,"kap",,"Cha"
61199,109026,4773,"gam",,"Mus"
63613,112985,4923,"del",,"Mus"
64661,114911,4993,"eta",,"Mus"
72965,131058,5539,"zet",,"Cir"
71908,128898,5463,"alf",,"Cir"
61981,110311,4820,"R",,"Mus"
61585,109668,4798,"alf",,"Mus"
62322,110879,4844,"bet",,"Mus"
59551,106111,4645,"S",,"Mus"
60329,107567,4704,"zet01",,"Mus"
61404,109372,,"BO",,"Mus"
64094,113904,4952,"the",,"Mus"
59929,106849,4671,"eps",,"Mus"
60320,107566,4703,"zet02",,"Mus"
65387,116243,5041,"m",,"Cen"
68702,122451,5267,"bet",,"Cen"
65271,116087,5035,"J",,"Cen"
74837,135291,5666,"eps",,"Cir"
73776,132905,5593,"eta",,"Cir"
73129,131492,5551,"the",,"Cir"
74778,135240,5664,"del",,"Cir"
75323,136415,5704,"gam",,"Cir"
74824,135379,5670,"bet",,"Cir"
71681,128621,5460,"alf",,"Cen"
71683,128620,5459,"alf",,"Cen"
74395,134505,5649,"zet",,"Lup"
70069,125288,5358,"v",,"Cen"
72290,129893,5495,"b",,"Lup"
71121,127381,5425,"sig",,"Lup"
71536,128345,5453,"rho",,"Lup"
73095,131562,5556,"c",,"Lup"
74380,134482,5647,"kap02",,"Lup"
74376,134481,5646,"kap01",,"Lup"
75181,136352,5699,"nu.02",,"Lup"
75206,136351,5698,"nu.01",,"Lup"
74911,135734,5683,"mu.",,"Lup"
73807,133242,5605,"pi.",,"Lup"
71860,129056,5469,"alf",,"Lup"
74117,133955,5626,"lam",,"Lup"
73273,132058,5571,"bet",,"Lup"
73334,132200,5576,"kap",,"Cen"
86929,160635,6582,"eta",,"Pav"
85727,158094,6500,"del",,"Ara"
83081,152786,6285,"zet",,"Ara"
87314,161783,6622,"ups01",,"Ara"
86305,159492,6549,"pi.",,"Ara"
85267,157246,6462,"gam",,"Ara"
85258,157244,6461,"bet",,"Ara"
83431,153580,6314,"eps02",,"Ara"
85312,157457,6468,"kap",,"Ara"
82363,151249,6229,"eta",,"Ara"
81589,149730,,"R",,"Ara"
79497,145361,6019,"zet",,"Nor"
79509,145397,6024,"kap",,"Nor"
79490,145384,6022," ",39,"Nor"
80000,146686,6072,"gam02",,"Nor"
79790,146143,6058,"gam01",,"Nor"
83153,152980,6295,"eps01",,"Ara"
80582,147971,6115,"eps",,"Nor"
81122,149038,6155,"mu.",,"Nor"
87379,161917,6632,"ups02",,"Ara"
86796,160691,6585,"mu.",,"Ara"
86486,160032,6569,"lam",,"Ara"
86092,159217,6537,"sig",,"Ara"
85792,158427,6510,"alf",,"Ara"
85079,157042,6451,"iot",,"Ara"
85035,156979,,"V636",,"Sco"
86228,159532,6553,"the",,"Sco"
87294,161912,6631,"iot02",,"Sco"
87073,161471,6615,"iot01",,"Sco"
86670,160578,6580,"kap",,"Sco"
86170,159433,6546,"Q",,"Sco"
85927,158926,6527,"lam",35,"Sco"
82671,152236,6262,"zet01",,"Sco"
82729,152334,6271,"zet02",,"Sco"
84143,155203,6380,"eta",,"Sco"
82545,151985,6252,"mu.02",,"Sco"
82514,151890,6247,"mu.01",,"Sco"
85696,158408,6508,"ups",34,"Sco"
83574,154090,6334,"k",,"Sco"
78639,143546,5962,"eta",,"Nor"
76829,139664,5825,"g",,"Lup"
79653,145842,6045,"the",,"Nor"
78914,144197,5980,"del",,"Nor"
79963,146667,6071,"lam",,"Nor"
78384,143118,5948,"eta",,"Lup"
78918,144294,5987,"the",,"Lup"
75264,136504,5708,"eps",,"Lup"
76371,138769,5781,"d",,"Lup"
76552,139127,5797,"ome",,"Lup"
76297,138690,5776,"gam",,"Lup"
74449,134687,5651,"e",,"Lup"
75141,136298,5695,"del",,"Lup"
75439,136933,5719,"ups",,"Lup"
75501,137058,5724,"k",,"Lup"
75304,136664,5712,"phi02",,"Lup"
75177,136422,5705,"phi01",,"Lup"
76939,139980,5837,"h",,"Lup"
78105,142629,5925,"ksi01",,"Lup"
78106,142630,5926,"ksi02",,"Lup"
76705,139521,5820,"psi01",3,"Lup"
76945,140008,5839,"psi02",4,"Lup"
77634,141556,5883,"chi",5,"Lup"
81304,149447,6166,"H",,"Sco"
80911,148703,6143,"N",,"Sco"
82396,151680,6241,"eps",26,"Sco"
82960,152820,6288," ",27,"Sco"
82912,152783,,"RR",,"Sco"
79881,146624,6070,"d",,"Sco"
78104,142669,5928,"rho",5,"Sco"
79399,145483,6029,"c01",12,"Sco"
79404,145482,6028,"c02",13,"Sco"
81266,149438,6165,"tau",23,"Sco"
80763,148478,6134,"alf",21,"Sco"
80815,148605,6141,"i",22,"Sco"
82140,151179,6225," ",25,"Sco"
80112,147165,6084,"sig",20,"Sco"
80079,147084,6081,"omi",19,"Sco"
80473,147933,6112,"rho",5,"Oph"
80975,148898,6153,"ome",9,"Oph"
59072,105211,4616,"eta",,"Cru"
60009,106983,4679,"zet",,"Cru"
60718,108248,4730,"alf01",,"Cru"
58758,104671,4599,"the01",,"Cru"
58867,104841,4603,"the02",,"Cru"
62268,110829,4842,"iot",,"Cru"
62931,111973,4890,"kap",,"Cru"
62434,111123,4853,"bet",,"Cru"
63007,112078,4897,"lam",,"Cru"
60260,107446,4700,"eps",,"Cru"
61136,108968,4768," ",35,"Cru"
61966,110335,4823," ",39,"Cru"
63003,112092,4898,"mu.01",,"Cru"
63005,112091,4899,"mu.02",,"Cru"
66821,118991,5141,"Q",,"Cen"
66657,118716,5132,"eps",,"Cen"
67703,120642,5207,"N",,"Cen"
67234,119834,5172,"M",,"Cen"
65810,117150,5071,"K",,"Cen"
59747,106490,4656,"del",,"Cru"
61084,108903,4763,"gam",,"Cru"
60059,107079,4682,"F",,"Cen"
60710,108257,4732,"G",,"Cen"
63210,112409,4913,"H",,"Cen"
64004,113791,4942,"ksi02",,"Cen"
63724,113314,4933,"ksi01",,"Cen"
63945,113703,4940,"f",,"Cen"
62867,111915,4888,"e",,"Cen"
69996,125238,5354,"iot",,"Lup"
68002,121263,5231,"zet",,"Cen"
68523,122223,5260,"ups02",,"Cen"
71500,128266,5450,"a",,"Lup"
70576,126354,5396,"tau02",,"Lup"
70574,126341,5395,"tau01",,"Lup"
72683,130807,5528,"omi",,"Lup"
71352,127972,5440,"eta",,"Cen"
71865,129116,5471,"b",,"Cen"
68282,121790,5249,"ups01",,"Cen"
67472,120324,5193,"mu.",,"Cen"
68862,122980,5285,"chi",,"Cen"
68245,121743,5248,"phi",,"Cen"
67464,120307,5190,"nu.",,"Cen"
70300,125823,5378,"a",,"Cen"
70090,125473,5367,"psi",,"Cen"
68933,123139,5288,"the",5,"Cen"
67819,120987,5222,"y",,"Cen"
59449,105937,4638,"rho",,"Cen"
59196,105435,4621,"del",,"Cen"
60823,108483,4743,"sig",,"Cen"
61622,109787,4802,"tau",,"Cen"
61932,110304,4819,"gam",,"Cen"
62012,110458,4831,"w",,"Cen"
59184,105416,4620,"E",,"Cen"
62896,111968,4889,"n",,"Cen"
59654,106321,4652,"D",,"Cen"
60855,108541,4748,"u",,"Cen"
61789,110073,4817,"l",,"Cen"
60449,107832,4712,"x01",,"Cen"
60610,108114,4724,"x02",,"Cen"
62683,111597,4874,"p",,"Cen"
65936,117440,5089,"d",,"Cen"
67244,119921,5174,"z",,"Cen"
66825,119090,5147,"T",,"Cen"
65109,115892,5028,"iot",,"Cen"
67457,120323,5192,"g",2,"Cen"
67669,120709,5210,"k",3,"Cen"
67153,119756,5168,"i",1,"Cen"
67786,120955,5221,"h",4,"Cen"
64803,115310,5006,"r",,"Cen"
64962,115659,5020,"gam",46,"Hya"
65835,117287,5080,"R",,"Hya"
72010,129456,5485,"c01",,"Cen"
72104,129685,5489,"c02",,"Cen"
76600,139365,5812,"tau",40,"Lib"
76470,139063,5794,"ups",39,"Lib"
76259,138688,5775," ",36,"Lib"
74604,135153,5660,"i",1,"Lup"
74857,135758,5686,"f",2,"Lup"
72571,130694,5526,"E",58,"Hya"
70753,126769,5407,"l",52,"Hya"
73566,132851,5591," ",60,"Hya"
73284,132219,5577," ",59,"Hya"
74500,134987,5657," ",23,"Lib"
73714,133216,5603,"sig",20,"Lib"
72378,130274,5517," ",57,"Hya"
72357,130259,5516," ",56,"Hya"
72323,130158,5514," ",55,"Hya"
72197,129926,5497,"m",54,"Hya"
72929,131430,5548," ",12,"Lib"
71974,129433,5484," ",4,"Lib"
77984,142445,5917," ",4,"Sco"
78265,143018,5944,"pi.",6,"Sco"
77840,142114,5904,"A",2,"Sco"
77909,142301,5912," ",3,"Sco"
77635,141637,5885,"b",1,"Sco"
76742,139663,5824," ",42,"Lib"
78401,143275,5953,"del",7,"Sco"
78990,144608,5997,"ome02",10,"Sco"
78933,144470,5993,"ome01",9,"Sco"
80343,147700,6104,"psi",4,"Oph"
79374,145502,6027,"nu.",14,"Sco"
77811,142096,5902,"lam",45,"Lib"
78820,144217,5984,"bet01",8,"Sco"
78821,144218,5985,"bet02",8,"Sco"
77939,142378,5915," ",47,"Lib"
78400,143333,5954," ",49,"Lib"
76880,139997,5838,"kap",43,"Lib"
76628,139446,5814," ",41,"Lib"
74392,134759,5652,"iot",24,"Lib"
74493,134967,5656," ",25,"Lib"
74600,135230,5662," ",26,"Lib"
75110,136366,5701," ",28,"Lib"
75848,137949,," ",33,"Lib"
76126,138485,5764,"zet",35,"Lib"
75944,138137,5750," ",34,"Lib"
75730,137744,5743," ",32,"Lib"
75118,136407,5703,"omi",29,"Lib"
75294,136801,," ",30,"Lib"
77853,142198,5908,"the",46,"Lib"
77060,140417,5848,"eta",44,"Lib"
78207,142983,5941," ",48,"Lib"
76333,138905,5787,"gam",38,"Lib"
70306,125932,5381,"k",51,"Hya"
69415,124206,5312," ",50,"Hya"
68895,123123,5287,"pi.",49,"Hya"
68269,121847,5250," ",47,"Hya"
68390,122066,5257," ",48,"Hya"
69929,125248,5355,"CS",,"Vir"
67494,120452,5196," ",89,"Vir"
67288,120052,5181," ",87,"Vir"
69974,125337,5359,"lam",100,"Vir"
70336,126035,5383," ",2,"Lib"
69427,124294,5315,"kap",98,"Vir"
73953,133800,," ",22,"Lib"
73945,133774,5622,"nu.",21,"Lib"
72622,130841,5531,"alf02",9,"Lib"
72603,130819,5530,"alf01",8,"Lib"
72194,129978,5503," ",5,"Lib"
72489,130559,5523,"mu.",7,"Lib"
72934,131530,5554,"ksi01",13,"Lib"
73133,131918,5564,"ksi02",15,"Lib"
73310,132345,5582," ",18,"Lib"
73249,132230,5578," ",17,"Lib"
75379,137052,5723,"eps",31,"Lib"
76219,138716,5777," ",37,"Lib"
74785,135742,5685,"bet",27,"Lib"
70794,126927,5410," ",106,"Vir"
73473,132742,5586,"del",19,"Lib"
73165,132052,5570," ",16,"Lib"
71957,129502,5487,"mu.",107,"Vir"
72631,130952,5535," ",11,"Lib"
104382,177482,7228,"sig",,"Oct"
115836,219765,8862,"tau",,"Oct"
92824,164461,6721,"chi",,"Oct"
111196,211539,8505,"ups",,"Oct"
107843,206240,8280,"lam",,"Oct"
118114,224362,9061,"gam02",,"Oct"
117689,223647,9032,"gam01",,"Oct"
112405,214846,8630,"bet",,"Oct"
110256,210967,8481,"eps",,"Oct"
112781,215573,8663,"ksi",,"Oct"
107089,205478,8254,"nu.",,"Oct"
110078,210853,8471,"psi",,"Oct"
98495,188228,7590,"eps",,"Pav"
104043,199532,8021,"alf",,"Oct"
102162,196051,7863,"mu.01",,"Oct"
102125,196067,7864,"mu.02",,"Oct"
105678,203133,8156,"Y",,"Pav"
104755,201371,8092,"omi",,"Pav"
102773,197635,7934,"sig",,"Pav"
110618,211998,8515,"nu.",,"Ind"
113137,216437,8701,"rho",,"Ind"
107835,207241,8333,"omi",,"Ind"
106044,203881,8196,"SX",,"Pav"
105858,203608,8181,"gam",,"Pav"
110838,212581,8540,"del",,"Tuc"
111310,213442,8582,"nu.",,"Tuc"
110130,211416,8502,"alf",,"Tuc"
108478,208496,8369,"kap",,"Ind"
109081,209529,8409,"kap",,"Ind"
108281,208149,8362,"pi.",,"Ind"
108870,209100,8387,"eps",,"Ind"
108431,208450,8368,"del",,"Ind"
90133,167468,6829,"phi",,"Oct"
91792,171759,6982,"zet",,"Pav"
94724,179009,7274,"tau",,"Pav"
102157,196519,7881,"ups",,"Pav"
102395,197051,7913,"bet",,"Pav"
98478,188584,7603,"mu.01",,"Pav"
98624,188887,7612,"mu.02",,"Pav"
99240,190248,7665,"del",,"Pav"
93015,174694,7107,"kap",,"Pav"
92294,173168,7036,"the",,"Pav"
97421,186543,7510,"nu.",,"Tel"
101773,195961,7859,"rho",,"Pav"
101983,196378,7875,"phi02",,"Pav"
101612,195627,7848,"phi01",,"Pav"
103227,198700,7986,"bet",,"Ind"
105841,203760,8188,"gam",,"Ind"
105319,202730,8140,"the",,"Ind"
104085,200365,8055,"mu.",,"Ind"
100751,193924,7790,"alf",,"Pav"
102333,197157,7920,"eta",,"Ind"
102950,198308,7968,"iot",,"Ind"
102790,198048,7952,"zet",,"Ind"
118322,224686,9076,"eps",,"Tuc"
118121,224392,9062,"eta",,"Tuc"
114996,219571,8848,"gam",,"Tuc"
113957,217902,8774,"kap",,"Gru"
115713,220729,8907,"omi",,"Gru"
112374,215369,8655,"eta",,"Gru"
113638,217364,8747,"zet",,"Gru"
112623,215789,8675,"eps",,"Gru"
113190,216656,,"tau02",,"Gru"
113191,216655,,"tau02",,"Gru"
113307,216823,8722,"tau03",,"Gru"
113044,216435,8700,"tau01",,"Gru"
110506,212132,8524,"pi.02",,"Gru"
110478,212087,8521,"pi.01",,"Gru"
112122,214952,8636,"bet",,"Gru"
111043,213080,8560,"del02",,"Gru"
110997,213009,8556,"del01",,"Gru"
118234,224554,9069,"pi.",,"Phe"
117315,223145,9006,"sig",,"Phe"
116737,222287,8966,"the",,"Phe"
116389,221760,8949,"iot",,"Phe"
116231,221507,8937,"bet",,"Scl"
114421,218670,8820,"iot",,"Gru"
114131,218227,8787,"the",,"Gru"
112203,215104,8644,"rho",,"Gru"
111594,214085,8600,"sig01",,"Gru"
111643,214150,8602,"sig02",,"Gru"
115054,219693,8859,"phi",,"Gru"
114132,218242,8790,"ups",,"Gru"
113860,217792,8767,"pi.",,"PsA"
115102,219784,8863,"gam",,"Scl"
109268,209952,8425,"alf",,"Gru"
109973,211202,8488,"mu.02",,"Gru"
109908,211088,8486,"mu.01",,"Gru"
109111,209688,8411,"lam",,"Gru"
106327,204783,8229,"ksi",,"Gru"
104177,200702,8069,"eta",,"Mic"
105696,203585,8180,"the02",,"Mic"
105382,203006,8151,"the01",,"Mic"
108085,207971,8353,"gam",,"Gru"
106340,204854,8230," ",6,"PsA"
107380,206742,8305,"iot",9,"PsA"
106703,205529,8256," ",7,"PsA"
107608,207155,8326,"the",10,"PsA"
110936,212953,8552,"nu.",,"Gru"
111188,213398,8576,"bet",17,"PsA"
112948,216336,8695,"gam",22,"PsA"
113246,216763,8720,"del",23,"PsA"
113368,216956,8728,"alf",24,"PsA"
112102,214966,8637," ",19,"PsA"
112862,216210,8693," ",21,"PsA"
109289,210066,8433,"ups",,"PsA"
109285,210049,8431,"mu.",14,"PsA"
109422,210302,8447,"tau",15,"PsA"
108952,209476,8405," ",13,"PsA"
108661,209014,8386,"eta",12,"PsA"
109789,210934,8478,"lam",16,"PsA"
111138,213296,8570,"zet",,"PsA"
111954,214748,8628,"eps",18,"PsA"
110529,212271,8529," ",49,"Aqr"
110391,212010,8516," ",47,"Aqr"
111449,213845,8592,"ups",59,"Aqr"
88866,165040,6745,"pi.",,"Pav"
90797,169978,6916,"nu.",,"Pav"
92609,173948,7074,"lam",,"Pav"
93163,175329,7127,"ome",,"Pav"
89042,165499,6761,"iot",,"Pav"
90098,168339,6855,"ksi",,"Pav"
95932,183028,7393,"mu.",,"Tel"
95261,181296,7329,"eta",,"Tel"
92646,174295,7087,"kap",,"Tel"
93148,175510,7134,"lam",,"Tel"
93815,177171,7213,"rho",,"Tel"
96341,184127,7424,"iot",,"Tel"
95294,181623,7343,"bet02",,"Sgr"
95241,181454,7337,"bet01",,"Sgr"
99120,190421,7673,"ksi",,"Tel"
101772,196171,7869,"alf",,"Ind"
101477,195569,7846,"nu.",,"Mic"
102693,197937,7943,"iot",,"Mic"
100591,193807,7787,"kap02",,"Sgr"
100469,193571,7779,"kap01",,"Sgr"
98032,188114,7581,"iot",,"Sgr"
98412,189103,7623,"the01",,"Sgr"
98421,189118,7624,"the02",,"Sgr"
90568,169767,6905,"zet",,"Tel"
88714,165024,6743,"the",,"Ara"
90830,170465,6934,"del01",,"Tel"
90853,170523,6938,"del02",,"Tel"
90422,169467,6897,"alf",,"Tel"
95347,181869,7348,"alf",,"Sgr"
92308,173715,7062,"eta01",,"CrA"
92382,173861,7068,"eta02",,"CrA"
93542,176638,7188,"zet",,"CrA"
94005,177873,7242,"del",,"CrA"
94160,178345,7259,"bet",,"CrA"
94114,178253,7254,"alf",,"CrA"
93825,177474,7226,"gam",,"CrA"
89112,166063,6783,"eps",,"Tel"
90982,170845,6951,"the",,"CrA"
90968,170868,6952,"kap02",,"CrA"
90969,170867,6953,"kap01",,"CrA"
92226,173540,7050,"mu.",,"CrA"
91875,172777,7021,"lam",,"CrA"
93174,175813,7152,"eps",,"CrA"
94730,180093,7296,"RY",,"Sgr"
98688,189763,7650,"c",62,"Sgr"
98162,188603,7604,"b01",59,"Sgr"
98353,189005,7618,"A",60,"Sgr"
98066,188376,7597,"ome",58,"Sgr"
93506,176687,7194,"zet",38,"Sgr"
93864,177716,7234,"tau",40,"Sgr"
96465,184707,7440,"h02",52,"Sgr"
96406,184552,7431,"h01",51,"Sgr"
96729,185404,7470," ",53,"Sgr"
95477,182369,7362,"chi01",47,"Sgr"
95486,182391,,"chi02",48,"Sgr"
95503,182416,7363,"chi03",49,"Sgr"
94643,179950,7292,"psi",42,"Sgr"
95564,182629,7375," ",50,"Sgr"
103882,200163,8048,"zet",,"Mic"
102831,198232,7965,"alf",,"Mic"
104174,200763,8076," ",2,"PsA"
102989,198529,7979,"bet",,"Mic"
103738,199951,8039,"gam",,"Mic"
105140,202627,8135,"eps",,"Mic"
106067,204394,8214," ",5,"PsA"
104148,200718,8070,"del",,"Mic"
104750,201901,8110," ",3,"PsA"
102978,198542,7980,"ome",18,"Cap"
104234,200914,8080,"A",24,"Cap"
102485,197692,7936,"psi",16,"Cap"
106654,205471,8253," ",8,"PsA"
107128,206356,8285," ",41,"Cap"
109786,210960,8480," ",41,"Aqr"
109332,210191,8439," ",35,"Aqr"
108797,209278,8396," ",29,"Aqr"
105881,204075,8204,"zet",34,"Cap"
106039,204381,8213,"b",36,"Cap"
105928,204139,8207," ",35,"Cap"
105665,203638,8183," ",33,"Cap"
106559,205289,8245," ",37,"Cap"
106723,205637,8260,"eps",39,"Cap"
104963,202320,8127,"phi",28,"Cap"
104365,201184,8087,"chi",25,"Cap"
104452,201352,8091," ",27,"Cap"
104019,200499,8060,"eta",22,"Cap"
105143,202671,8137," ",30,"Cap"
105168,202723,8139," ",31,"Cap"
105515,203387,8167,"iot",32,"Cap"
107188,206453,8288,"kap",43,"Cap"
106985,206088,8278,"gam",40,"Cap"
107556,207098,8322,"del",49,"Cap"
107302,206677,8302," ",45,"Cap"
108036,207958,8351,"mu.",51,"Cap"
107232,206561,8295," ",44,"Cap"
107095,206301,8283," ",42,"Cap"
107517,207052,8319,"lam",48,"Cap"
100062,192879,7748," ",4,"Cap"
102487,197725,7937," ",17,"Cap"
100195,193150,7761,"sig",7,"Cap"
101120,195093,7829,"omi",12,"Cap"
101123,195094,7830,"omi",12,"Cap"
100881,194636,7814,"pi.",10,"Cap"
101027,194943,7822,"rho",11,"Cap"
101984,196777,7900,"ups",15,"Cap"
101751,196348,,"tau01",13,"Cap"
101923,196662,7889,"tau",14,"Cap"
97290,186648,7515,"f",56,"Sgr"
97783,187739,7561," ",57,"Sgr"
100345,193495,7776,"bet",9,"Cap"
100325,193452,7775,"bet02",,"Cap"
98258,188899,7614,"g",61,"Sgr"
98633,189741,7649," ",63,"Sgr"
98953,190454,7675," ",65,"Sgr"
99918,192666,7738," ",3,"Cap"
99572,191862,7715,"ksi",2,"Cap"
100310,193432,7773,"nu.",8,"Cap"
100064,192947,7754,"alf02",6,"Cap"
100027,192876,7747,"alf01",5,"Cap"
99529,191753,7712,"ksi01",1,"Cap"
103616,199728,8033," ",20,"Cap"
104139,200761,8075,"the",23,"Cap"
103226,199012,8000," ",19,"Cap"
104974,202369,8128," ",29,"Cap"
105668,203705,8187," ",18,"Aqr"
105761,203875,8195," ",19,"Aqr"
104459,201381,8093,"nu.",13,"Aqr"
105574,203525,8175," ",17,"Aqr"
103401,199345,8015," ",7,"Aqr"
103045,198743,7990,"mu.",6,"Aqr"
102618,198001,7950,"eps",2,"Aqr"
103981,200496,8058," ",12,"Aqr"
105412,203222,8160," ",16,"Aqr"
105164,202753,8141," ",15,"Aqr"
103682,199960,8041," ",11,"Aqr"
102945,198571,7982," ",4,"Aqr"
103005,198667,7985," ",5,"Aqr"
102624,198026,7951,"k",3,"Aqr"
