HIP,RAhms,DEdms,Vmag,SpType,HD
3,"00 00 01.20","+38 51 33.4",6.61,"B9",224699
19,"00 00 12.80","+38 18 14.7",6.53,"G5",224721
25,"00 00 19.05","-44 17 25.1",6.28,"G3IV",224750
34,"00 00 23.87","+26 55 05.7",6.43,"F7.5IV-V",224758
43,"00 00 30.98","+59 33 35.1",6.18,"G9III-IV",224784
50,"00 00 34.29","-53 05 51.6",6.49,"G1IV",224782
63,"00 00 43.62","+45 15 12.0",6.36,"B9p SiEu",224801
73,"00 00 52.91","+66 50 52.7",6.9,"K2",224826
88,"00 01 04.60","-48 48 35.5",5.71,"G8III",224834
106,"00 01 19.24","+49 58 53.7",6.22,"G7II-III",224870
107,"00 01 20.11","-50 20 14.6",5.53,"M2III",224865
119,"00 01 33.65","+44 40 31.6",6.82,"K0",224894
121,"00 01 35.15","+28 25 25.6",6.83,"K2III",224895
122,"00 01 35.85","-77 03 55.1",4.78,"K2III",224889
124,"00 01 37.02","+61 13 22.1",5.58,"F0III",224893
128,"00 01 39.30","+73 36 42.8",6.5,"Am...",224890
133,"00 01 41.61","-40 08 55.2",6.62,"F5IV",224914
136,"00 01 42.87","+24 15 11.5",6.6,"K2III-IV",224907
137,"00 01 43.85","+42 22 01.7",6.25,"B9IIIp Mn",224906
145,"00 01 49.44","-03 01 38.9",5.13,"B7III-IV",224926
154,"00 01 57.59","-06 00 50.3",4.37,"M3III",224935
159,"00 02 02.59","-02 45 58.2",6.93,"A3",224945
171,"00 02 09.65","+27 05 04.2",5.8,"G3V",224930
179,"00 02 16.53","-13 24 27.1",6.9,"G0V",224974
181,"00 02 17.72","+60 42 11.5",6.77,"M0",224980
183,"00 02 19.91","-29 43 13.6",5.04,"B4V",224990
186,"00 02 24.17","+08 57 24.6",6.33,"A6V",224995
194,"00 02 29.76","+08 29 08.1",5.7,"F0V",225003
207,"00 02 36.08","+66 05 56.3",5.87,"G8III",225009
238,"00 02 57.43","-20 02 45.9",6.25,"F6/F7V",225045
253,"00 03 07.82","-24 08 42.5",6.46,"K1III",225069
254,"00 03 08.32","+42 44 52.5",6.73,"A2",225068
258,"00 03 13.28","+17 33 08.6",6.59,"K0",225073
274,"00 03 25.72","+63 38 25.9",6.24,"B3Ia",225094
277,"00 03 26.23","-36 15 04.3",6.96,"F2V",225101
297,"00 03 41.87","+48 26 12.9",6.8,"A2",225124
301,"00 03 44.37","-17 20 09.5",4.55,"B9IVn",225132
302,"00 03 51.63","+66 42 43.9",6.31,"M4",225136
330,"00 04 13.66","+62 17 15.6",5.9,"A1III",225180
343,"00 04 19.76","-16 31 44.0",5.78,"K0III",225197
345,"00 04 20.30","-29 16 07.8",6.38,"A1V",225200
355,"00 04 30.12","-10 30 34.2",4.99,"K3Ibvar",225212
365,"00 04 36.60","+42 05 33.2",6.11,"B9III",225218
377,"00 04 41.25","-71 26 12.7",5.59,"B8III",225253
379,"00 04 41.84","+67 09 59.0",5.68,"K1III",225216
394,"00 04 53.21","+34 39 34.4",6.09,"G2V",225239
398,"00 04 54.97","+58 31 55.8",6.61,"B3V",225257
399,"00 04 55.93","+26 38 55.7",6.25,"K4IIIb",225276
410,"00 05 01.13","+27 40 29.3",6.47,"G8II",225292
417,"00 05 03.80","-00 30 10.5",6.32,"G9III:",6
418,"00 05 06.13","+61 18 50.3",5.8,"B8MNp...",225289
424,"00 05 09.78","+45 13 44.7",6.71,"A1Vn",3
432,"00 05 13.00","+35 34 16.0",6.88,"A2",17
441,"00 05 19.91","-38 51 26.0",6.93,"G8III/IV",32
443,"00 05 20.15","-05 42 28.2",4.61,"K1III",28
448,"00 05 22.25","+03 36 22.0",6.91,"G5",43
458,"00 05 28.23","-07 39 55.2",6.97,"K5",62
472,"00 05 39.72","+55 42 35.6",6.99,"K0III",71
476,"00 05 41.94","+13 23 46.6",5.55,"G5III",87
496,"00 05 56.71","+24 34 08.6",6.9,"K5",100
502,"00 06 00.54","+28 16 37.1",6.62,"K5III",111
508,"00 06 04.26","+40 25 06.7",6.65,"G5",110
518,"00 06 15.54","+58 26 12.1",5.98,"G5V",123
522,"00 06 18.66","-49 04 30.3",5.7,"G1IV...",142
525,"00 06 20.14","+40 53 55.4",6.93,"K0",145
531,"00 06 26.53","+64 11 46.2",5.57,"B9III",144
540,"00 06 35.55","+28 33 12.4",6.68,"G9III",167
544,"00 06 36.53","+29 01 19.0",6.07,"K0V",166
560,"00 06 50.02","-23 06 26.7",6.19,"F2IV",203
567,"00 06 53.30","-38 52 39.7",6.91,"K0III",213
602,"00 07 18.27","-17 23 13.3",6.2,"A2IV/V",256
619,"00 07 35.18","+31 40 08.6",6.87,"G5",281
626,"00 07 37.94","+40 08 52.8",6.73,"G5",290
631,"00 07 40.92","-65 55 56.2",6.83,"K1/K2III",323
635,"00 07 44.10","-02 32 55.3",6.43,"B8IIIsp...",315
636,"00 07 46.86","-22 30 30.5",5.93,"A1V",319
655,"00 08 03.52","-33 31 45.6",5.67,"K1III",344
664,"00 08 12.09","-02 26 51.7",6.18,"K2III",352
671,"00 08 17.55","-08 49 26.5",5.99,"G8III:",360
677,"00 08 23.17","+29 05 27.0",2.07,"B9p",358
695,"00 08 32.87","+63 12 14.6",6.41,"G3II",371
696,"00 08 33.49","-17 34 40.9",6.11,"M0/M1IIICNp",402
699,"00 08 41.02","+36 37 38.7",6.21,"F8IV",400
714,"00 08 50.00","+40 29 40.4",6.82,"K5",414
716,"00 08 52.07","+25 27 46.3",6.24,"K0III",417
728,"00 09 00.16","+28 14 51.2",6.47,"A4Vm",434
729,"00 09 02.34","+18 12 43.3",5.57,"G9III",448
730,"00 09 02.35","-54 00 07.1",6.32,"G4IV...",469
737,"00 09 03.58","+40 50 35.8",6.93,"G5",445
746,"00 09 10.09","+59 09 00.8",2.28,"F2III-IV",432
760,"00 09 19.83","+79 42 52.7",6.01,"A7IV",431
761,"00 09 21.02","-27 59 16.5",5.42,"F3V",493
765,"00 09 24.54","-45 44 49.2",3.88,"K0III",496
798,"00 09 52.10","-62 17 48.6",6.34,"A6V",565
803,"00 09 55.02","-02 33 40.4",6.84,"K2",545
813,"00 10 02.18","+11 08 44.9",5.54,"B9V",560
814,"00 10 02.27","-82 13 26.4",5.29,"K1/K2III",636
829,"00 10 07.99","-78 18 02.4",6.97,"K3III",626
840,"00 10 18.85","-05 14 54.7",5.84,"K1III",587
841,"00 10 19.24","+46 04 20.2",5.01,"F2II",571
857,"00 10 29.66","+57 09 55.8",6.74,"B7IV",584
858,"00 10 32.42","+33 07 51.2",6.83,"K4III",613
860,"00 10 34.65","+59 40 24.3",6.7,"B1V",593
865,"00 10 38.31","-73 13 28.0",6.66,"F3/F5IV+...",661
873,"00 10 42.75","-12 34 47.3",5.84,"K0III",645
881,"00 10 46.84","-34 51 38.6",6.89,"K0III",656
902,"00 11 07.90","+57 35 16.5",6.68,"K1III",663
906,"00 11 09.63","-03 19 16.9",6.74,"G5",688
910,"00 11 15.91","-15 28 02.4",4.89,"F5V",693
930,"00 11 34.42","-27 47 59.2",5.41,"K2III",720
932,"00 11 35.30","-18 36 02.4",6.93,"K0III",731
950,"00 11 43.89","-35 08 00.2",5.24,"F3/F5V",739
966,"00 11 56.13","-42 10 19.3",6.53,"K0III",770
967,"00 11 59.03","+48 09 08.5",6.18,"K4III",743
969,"00 12 01.32","+23 28 18.3",6.58,"K0III",756
973,"00 12 03.02","-13 48 47.3",6.56,"K0III",780
981,"00 12 08.05","+53 37 26.1",6.87,"F0",761
983,"00 12 09.95","-17 56 17.6",5.29,"K4III",787
1009,"00 12 34.08","+44 42 26.1",6.5,"K0",800
1026,"00 12 47.96","+46 05 43.6",6.63,"F2",818
1030,"00 12 50.24","+37 41 37.2",6.71,"B2V",829
1046,"00 13 03.91","-22 28 12.8",6.66,"G8/K0III",877
1057,"00 13 09.51","+16 55 17.9",6.52,"K1III",874
1063,"00 13 12.64","+62 02 27.3",6.63,"Am...",861
1067,"00 13 14.15","+15 11 01.0",2.83,"B2IV",886
1074,"00 13 19.55","-84 59 38.5",5.78,"M0/M1III",1032
1076,"00 13 23.93","+26 59 15.4",6.24,"G0III",895
1086,"00 13 30.94","+41 02 08.6",5.71,"F0IV",905
1096,"00 13 42.22","-26 01 19.8",5.94,"K5III",942
1099,"00 13 44.38","-26 17 05.9",6.14,"K4III",943
1101,"00 13 45.10","-48 41 02.9",6.97,"A5IV",957
1102,"00 13 45.42","-23 12 52.6",6.86,"K1IIICNIV",941
1107,"00 13 47.59","+01 23 01.0",6.79,"K0",940
1118,"00 13 56.18","+59 59 57.6",6.91,"G8II",936
1123,"00 14 02.29","+33 12 21.9",6.22,"A1V",952
1126,"00 14 04.06","-74 54 43.4",6.97,"K2III",1025
1140,"00 14 14.71","-55 04 10.5",6.66,"F5IV/V",1004
1146,"00 14 20.81","-62 46 19.1",6.63,"M1III",1022
1147,"00 14 20.85","-21 11 47.0",6.89,"F7V",1000
1158,"00 14 27.59","-07 46 49.9",5.13,"M3IIIvar",1014
1161,"00 14 28.07","-14 25 53.3",6.95,"F5V",1015
1164,"00 14 33.69","+41 01 57.3",6.68,"K0",995
1168,"00 14 36.11","+20 12 24.1",4.79,"M2III",1013
1170,"00 14 38.43","-18 55 57.7",4.44,"M1III",1038
1176,"00 14 40.39","-14 48 18.5",6.63,"G8III/IV",1037
1185,"00 14 48.25","-14 10 39.3",6.82,"A7III",1051
1191,"00 14 54.50","-09 34 10.4",5.77,"B9V",1064
1192,"00 14 55.79","-03 01 38.5",6.64,"M0",1063
1193,"00 14 55.87","+22 17 03.3",6.25,"A1p",1048
1195,"00 14 58.21","-34 54 15.1",6.17,"K3III",1089
1196,"00 14 58.78","+08 49 15.7",6.02,"F0IV",1061
1208,"00 15 06.93","+31 32 08.7",6.34,"K5",1075
1215,"00 15 10.55","+27 17 00.5",6.35,"A1Vn",1083
1233,"00 15 17.83","+44 12 12.2",6.76,"B9",1082
1249,"00 15 38.60","+05 50 37.8",6.98,"K0",1133
1269,"00 15 54.87","+61 00 00.7",6.43,"G8III...",1142
1268,"00 15 54.94","-75 54 41.8",6.49,"G8/K0III",1221
1288,"00 16 08.79","-31 26 46.8",5.66,"K2III",1187
1292,"00 16 11.24","-79 51 03.7",6.59,"G6V",1237
1296,"00 16 13.88","+76 57 02.7",6.35,"B9Vn",1141
1302,"00 16 21.50","+43 35 42.4",6.12,"A2V",1185
1319,"00 16 34.06","+08 14 24.7",6.12,"G8II-III",1227
1325,"00 16 39.42","+01 51 02.1",6.98,"M5III",1228
1330,"00 16 42.08","-32 41 18.1",6.67,"K0III",1259
1331,"00 16 42.35","-20 12 36.2",6.5,"B6III/IV",1256
1333,"00 16 43.05","+36 37 47.5",6.99,"A0",1223
1339,"00 16 45.68","+10 14 41.1",6.51,"M2III:",1255
1342,"00 16 48.19","-78 46 48.3",6.78,"F3III",1324
1349,"00 16 53.59","-52 39 05.7",6.84,"G2V",1273
1352,"00 16 53.97","+49 27 42.9",6.52,"M0",1240
1353,"00 16 54.97","+23 15 22.4",6.95,"K0III-IV",1254
1354,"00 16 57.05","+61 31 59.5",5.74,"G8III",1239
1366,"00 17 05.54","+38 40 54.0",4.61,"A2V",1280
1372,"00 17 09.04","+47 56 50.7",5.86,"B7III",1279
1392,"00 17 24.50","+08 52 34.8",6.66,"F5",1317
1402,"00 17 32.69","-19 03 03.9",6.46,"F3V",1343
1415,"00 17 43.07","+51 25 59.1",6.11,"O9IIInn",1337
1421,"00 17 47.65","+01 41 19.3",6.19,"K0II",1367
1429,"00 17 51.23","+20 13 37.3",6.91,"M4II-III",1364
1439,"00 17 56.31","+12 46 17.4",6.54,"G8II",1375
1444,"00 17 58.63","-13 27 20.3",6.51,"G2V",1388
1456,"00 18 09.19","+46 12 51.7",6.83,"K0",1374
1464,"00 18 16.95","-21 08 18.4",6.69,"B9/B9.5IV",1431
1465,"00 18 17.27","+11 12 22.6",6.07,"K0III",1419
1469,"00 18 18.41","-36 30 35.6",6.67,"K2III",1434
1473,"00 18 19.71","+36 47 07.2",4.51,"A2V",1404
1486,"00 18 28.78","+62 12 10.1",6.97,"K7Iab:",1400
1493,"00 18 38.22","+31 31 02.0",5.88,"A0IV",1439
1499,"00 18 41.62","-08 03 09.5",6.47,"G0V",1461
1501,"00 18 42.15","+43 47 28.1",6.1,"B8V",1438
1502,"00 18 42.52","-43 14 08.1",6.33,"K2III",1483
1562,"00 19 25.68","-08 49 25.8",3.56,"K2III",1522
1575,"00 19 41.58","+40 43 46.2",6.35,"K1III",1527
1587,"00 19 50.88","-02 28 44.3",6.96,"G5",1567
1595,"00 19 56.28","+16 15 03.2",6.6,"K0",1563
1598,"00 20 00.51","+38 13 41.0",6.97,"G0",1562
1599,"00 20 01.91","-64 52 39.4",4.23,"F9V",1581
1600,"00 20 02.93","-17 42 01.5",6.73,"K1III/IV",1588
1602,"00 20 05.06","+06 17 33.4",6.81,"K0",1585
1603,"00 20 05.17","+48 51 55.7",6.53,"A0Vs",1561
1611,"00 20 10.52","-13 03 41.4",6.85,"G8III",1594
1630,"00 20 24.39","+30 56 08.2",5.89,"B7V",1606
1639,"00 20 30.92","+48 58 07.1",6.46,"G0",1601
1644,"00 20 34.11","+56 33 25.1",6.73,"G5",1598
1645,"00 20 35.86","+08 11 24.9",5.38,"K3III",1635
1647,"00 20 39.04","-69 37 29.7",5.5,"B9V",1685
1652,"00 20 43.56","+61 52 46.5",6.8,"M2II:",1613
1657,"00 20 45.54","+32 54 40.4",5.79,"K5III",1632
1660,"00 20 48.58","-23 37 48.8",6.78,"F0IV",1667
1669,"00 20 54.12","+32 58 41.4",6.9,"F5",1641
1670,"00 20 54.61","+10 58 37.1",6.57,"A0V",1663
1684,"00 21 04.23","-02 54 34.6",6.92,"K0",1679
1686,"00 21 07.23","+37 58 07.3",5.16,"F5III",1671
1706,"00 21 28.74","-77 25 36.7",5.96,"K3III",1801
1708,"00 21 31.18","-28 58 52.7",5.18,"K0III",1737
1715,"00 21 35.07","+38 11 13.8",6.86,"K0",1712
1725,"00 21 42.44","+67 49 22.9",6.55,"K0",1695
1728,"00 21 46.23","-20 03 28.8",5.61,"M5/M6Ib/II",1760
1766,"00 22 21.22","-50 59 33.4",6.68,"K2III",1817
1772,"00 22 25.45","+13 28 56.8",6.25,"K3III",1796
1795,"00 22 47.96","-39 15 44.5",6.75,"F2IV",1856
1799,"00 22 49.82","+29 27 15.5",6.95,"A3",1826
1803,"00 22 51.55","-12 12 34.5",6.39,"G3V",1835
1809,"00 22 57.36","+38 45 15.4",6.69,"M4III:",1831
1821,"00 23 04.35","-15 56 33.4",6.43,"M0III",1879
1830,"00 23 12.59","-31 02 08.8",6.55,"B9IV",1909
1849,"00 23 22.13","-29 50 49.8",6.81,"M2III",1923
1892,"00 23 53.32","+60 57 41.9",6.57,"F2",1917
1905,"00 24 05.27","+44 15 53.1",6.66,"F2",1952
1921,"00 24 15.64","+52 01 11.7",5.58,"B5IV",1976
1939,"00 24 29.67","-02 13 08.3",6.08,"K1III",2023
1948,"00 24 38.15","+14 18 55.9",6.48,"K0",2035
1952,"00 24 39.67","+31 22 23.1",6.76,"B9",2019
1955,"00 24 44.31","-51 02 35.7",6.81,"G3IV",2070
1960,"00 24 47.49","+61 49 51.8",5.38,"B9III",2011
1962,"00 24 49.64","-18 28 18.2",6.9,"K3III",2066
1982,"00 25 06.39","+53 02 48.4",5.72,"B9IV",2054
2001,"00 25 22.08","-39 15 36.6",6.91,"G8IV:",2132
2006,"00 25 24.22","+01 56 23.0",5.77,"G5III",2114
2021,"00 25 39.20","-77 15 18.1",2.82,"G2IV",2151
2024,"00 25 41.75","+54 59 39.2",6.78,"K2",2112
2025,"00 25 41.89","+07 41 28.4",6.77,"K0",2140
2032,"00 25 45.59","-27 42 36.4",6.88,"K2III",2199
2036,"00 25 51.24","+71 48 25.6",6.91,"B1V",2083
2058,"00 26 03.69","+20 08 48.6",6.67,"B8",2191
2074,"00 26 12.10","+56 46 45.6",6.71,"G5III",2170
2072,"00 26 12.12","-43 40 47.7",3.93,"A7V",2262
2080,"00 26 16.49","+03 49 32.7",6.9,"B8",2235
2081,"00 26 16.87","-42 18 18.4",2.4,"K0III...",2261
2086,"00 26 21.74","-18 41 37.0",6.24,"M1III",2268
2087,"00 26 21.81","+49 02 56.4",6.94,"K0",2219
2100,"00 26 37.37","-00 02 58.3",6.16,"G8III",2273
2101,"00 26 39.45","+56 38 28.3",6.58,"B9V",2244
2106,"00 26 41.91","-69 18 25.4",6.98,"K4III",2354
2135,"00 27 04.51","+25 02 31.6",6.66,"F7IV",2302
2142,"00 27 07.31","+80 03 07.7",6.53,"B9",2169
2151,"00 27 12.45","+49 59 08.6",6.95,"B9",2301
2159,"00 27 14.69","-25 32 49.7",5.99,"K0III",2363
2178,"00 27 31.02","+16 01 31.7",6.44,"A5",2358
2184,"00 27 37.54","-20 08 04.3",6.78,"A9V",2395
2210,"00 27 55.71","-33 00 25.4",4.86,"M2/M3III",2429
2213,"00 27 58.48","+19 30 50.7",6.4,"K0",2410
2219,"00 28 02.84","+17 53 35.1",5.01,"M3IIIvar",2411
2224,"00 28 12.69","+16 26 42.4",6.05,"K5III",2436
2225,"00 28 13.59","+44 23 40.2",5.18,"A2Vs",2421
2227,"00 28 14.15","-29 02 24.7",6.75,"K1II",2455
2235,"00 28 20.03","+10 11 25.2",6.05,"F6Vawvar",2454
2237,"00 28 21.17","-20 20 05.2",6.44,"G3V",2475
2240,"00 28 26.42","-39 54 53.6",5.42,"M0III",2490
2243,"00 28 28.59","+32 26 16.1",6.87,"A2p...",2453
2246,"00 28 33.15","-11 14 14.0",6.86,"F5",2488
2256,"00 28 42.98","-50 31 58.2",6.26,"K0III",2529
2270,"00 28 56.67","+36 53 58.9",6.28,"G5III",2507
2304,"00 29 23.12","-40 39 55.5",6.82,"G8/K0III",2608
2312,"00 29 29.34","-03 28 09.4",6.95,"K5",2593
2323,"00 29 39.01","-02 50 25.2",6.89,"K2",2612
2330,"00 29 48.99","-32 06 57.3",6.59,"K2/K3III",2632
2337,"00 29 51.81","-14 51 50.5",6.15,"F2/F3V",2630
2353,"00 30 02.35","-03 57 26.3",5.72,"M0III",2637
2355,"00 30 07.34","+29 45 06.1",5.2,"A7III",2628
2358,"00 30 08.70","+04 51 36.3",6.52,"F5",2648
2377,"00 30 19.91","+59 58 39.2",5.94,"B9IIIn",2626
2381,"00 30 22.67","-23 47 15.8",5.17,"A3V",2696
2383,"00 30 25.97","-48 12 52.9",5.67,"F2V",2726
2388,"00 30 27.83","-40 56 22.7",6.18,"F2III",2724
2392,"00 30 29.27","-39 31 06.1",6.6,"K1III",2723
2415,"00 30 47.17","+16 02 15.4",6.83,"A0",2714
2422,"00 30 54.20","+77 01 10.2",6.18,"K0IV",2589
2431,"00 30 59.91","-10 05 04.7",6.86,"A3",2760
2440,"00 31 03.88","+55 42 10.2",6.57,"G5",2701
2455,"00 31 12.90","+43 56 47.6",6.76,"B8",2739
2472,"00 31 24.86","-48 48 12.8",4.76,"A0V",2834
2474,"00 31 25.20","+66 31 10.7",6.18,"B6V",2729
2475,"00 31 25.61","+33 34 54.1",5.88,"K1III...",2767
2484,"00 31 32.56","-62 57 29.1",4.36,"B9V",2884
2487,"00 31 33.36","-62 57 55.6",4.53,"A2V",2885
2490,"00 31 36.09","+16 01 15.7",6.89,"K0",2806
2491,"00 31 37.36","+09 09 40.4",6.99,"K2",2807
2497,"00 31 41.21","+52 50 22.4",5.59,"K2III",2774
2505,"00 31 46.32","+54 31 20.4",4.74,"B8Vn",2772
2517,"00 31 54.88","+19 38 34.6",6.87,"K5III",2841
2537,"00 32 11.38","+53 48 54.4",6.94,"K2",2825
2539,"00 32 14.04","+34 59 38.2",6.74,"A5IV",2866
2548,"00 32 23.75","+06 57 19.6",5.69,"B9.5V",2913
2553,"00 32 26.79","+43 29 41.3",6.69,"A1Vn",2888
2557,"00 32 30.01","+51 43 41.7",6.94,"K0",2873
2560,"00 32 31.92","+18 47 42.3",6.79,"K5",2911
2565,"00 32 34.57","+27 34 50.8",6.68,"A2IV",2924
2568,"00 32 35.40","+20 17 40.0",5.38,"K0III",2910
2572,"00 32 39.39","-25 21 34.5",6.72,"K0/K1III",2947
2573,"00 32 39.47","+23 11 36.1",6.84,"G8III-IV",2925
2576,"00 32 43.21","+38 50 37.8",6.9,"F0",2923
2578,"00 32 43.79","-63 01 53.0",5.07,"A0V",3003
2581,"00 32 47.46","+54 07 12.1",6.91,"K2III",2901
2583,"00 32 49.09","+28 16 48.8",6.26,"G8II",2942
2595,"00 32 55.79","+16 10 01.8",6.9,"F6III",2954
2599,"00 32 59.99","+62 55 54.4",4.17,"B1Ia",2905
2611,"00 33 10.32","+54 53 42.3",5.93,"K0III",2952
2628,"00 33 19.20","+70 58 54.7",6.41,"A0Vn",2904
2629,"00 33 23.23","-71 15 58.4",6.11,"A7IV",3112
2661,"00 33 41.06","-29 33 29.5",5.55,"K1III",3059
2663,"00 33 43.85","-35 00 03.0",6.41,"F8/G0V",3074
2695,"00 34 10.76","+10 17 58.5",6.76,"G5",3088
2701,"00 34 19.41","-42 25 52.6",6.88,"A5IV",3136
2707,"00 34 24.89","+66 45 01.3",6.47,"B9III",3038
2708,"00 34 25.14","-45 25 33.1",6.8,"K3III",3145
2710,"00 34 27.21","-06 30 13.3",6.9,"F2",3126
2711,"00 34 27.62","-52 22 23.5",5.57,"F3IV-V",3158
2734,"00 34 55.41","+13 22 16.6",6.39,"K0",3166
2753,"00 35 09.63","+36 49 56.2",6.58,"G8III-IV...",3165
2762,"00 35 14.64","-03 35 33.9",5.2,"F8V...",3196
2782,"00 35 29.06","+54 12 12.6",6.95,"A2",3184
2787,"00 35 32.75","-00 30 19.7",5.94,"F5IV",3229
2789,"00 35 33.32","-54 49 18.3",6.04,"K0IV",3303
2796,"00 35 37.17","+67 55 33.5",6.92,"K2Ib-II",3147
2802,"00 35 41.13","-48 00 02.4",5.51,"F6V",3302
2814,"00 35 48.69","+49 01 16.1",6.89,"A2",3210
2832,"00 35 54.88","+13 12 27.0",6.32,"F7V",3268
2841,"00 36 00.80","-59 43 01.9",6.91,"F2V",3375
2843,"00 36 01.72","-05 34 13.6",6.72,"F5",3296
2846,"00 36 03.20","-14 58 22.4",6.45,"K0III",3325
2852,"00 36 06.90","-22 50 32.0",6.06,"A5m...",3326
2854,"00 36 08.29","+54 10 06.4",5.08,"B7III",3240
2865,"00 36 20.09","+27 15 17.2",6.51,"B8IIIMNp...",3322
2876,"00 36 27.34","+60 19 34.4",5.78,"A4III",3283
2889,"00 36 37.59","-65 07 27.9",6.43,"K2/K3III",3444
2888,"00 36 37.63","-49 07 55.2",6.79,"G0/G1V",3405
2900,"00 36 46.47","+44 29 18.6",5.14,"K5III",3346
2901,"00 36 46.55","+54 57 26.6",6.77,"K2",3345
2903,"00 36 47.31","+15 13 54.3",5.89,"B2.5IV",3379
2907,"00 36 49.64","-76 18 34.5",6.72,"F2/F3III",3528
2912,"00 36 52.84","+33 43 09.7",4.34,"B5V",3369
2920,"00 36 58.27","+53 53 49.0",3.69,"B2IV",3360
2926,"00 37 07.20","+24 00 51.3",6.18,"K2III",3411
2937,"00 37 18.18","-54 23 37.7",6.4,"K0II/IIICN",3488
2941,"00 37 19.79","-24 46 02.0",5.57,"K1V+...",3443
2942,"00 37 21.23","+35 23 58.2",5.45,"G5III",3421
2944,"00 37 22.12","-37 17 16.7",6.99,"G8V",3460
2948,"00 37 26.41","+40 19 56.6",6.85,"A0",3431
2954,"00 37 30.44","+03 08 07.8",6.43,"K4III",3457
2965,"00 37 40.69","+21 05 59.2",6.84,"K1III",3468
2968,"00 37 45.68","+72 53 41.5",6.96,"B3",3366
2994,"00 38 04.57","-00 30 12.6",6.64,"K2III",3512
3025,"00 38 31.83","-20 17 47.8",6.73,"Asp...",3580
3030,"00 38 33.45","+60 19 29.2",6.77,"K3Ib-II",3489
3031,"00 38 33.50","+29 18 44.5",4.34,"G5III...",3546
3042,"00 38 40.66","-73 08 15.5",6.87,"A1m...",3719
3045,"00 38 41.60","+46 57 24.6",6.72,"G5",3531
3056,"00 38 48.75","-25 06 28.0",6.43,"K4III",3605
3058,"00 38 49.25","+59 49 34.2",6.72,"A0",3519
3070,"00 38 57.51","+26 19 25.7",6.92,"K3III",3590
3083,"00 39 09.89","+49 21 16.5",5.45,"K5III",3574
3084,"00 39 11.24","-57 58 04.0",6.81,"F5IV/V",3698
3092,"00 39 19.60","+30 51 40.4",3.27,"K3III...",3627
3093,"00 39 22.09","+21 15 04.9",5.88,"K0V",3651
3114,"00 39 38.15","-85 42 03.0",6.81,"K5III",4229
3122,"00 39 43.64","-11 09 01.7",6.83,"F5",3708
3132,"00 39 47.75","+82 29 36.9",6.38,"F6V:",3440
3137,"00 39 51.91","-44 47 46.8",6.0,"K1IIICN...",3750
3138,"00 39 55.55","+21 26 18.8",5.36,"F3V...",3690
3142,"00 39 57.59","-33 57 40.3",6.68,"F7V",3735
3145,"00 39 59.47","+76 52 16.2",6.73,"K0",3553
3170,"00 40 24.66","-59 27 20.5",5.89,"G1V",3823
3175,"00 40 28.56","-16 30 59.8",6.49,"G8III",3794
3179,"00 40 30.39","+56 32 14.7",2.24,"K0II-IIIvar",3712
3185,"00 40 32.40","-23 48 14.4",6.14,"G3/G5V",3795
3188,"00 40 33.33","-29 25 15.2",6.75,"K0III",3809
3193,"00 40 42.38","-04 21 06.5",5.9,"K0III",3807
3231,"00 41 07.20","+39 27 31.2",5.3,"G8III",3817
3236,"00 41 11.95","+09 21 19.1",6.52,"F5",3861
3240,"00 41 12.74","+52 11 51.8",6.74,"A0",3802
3245,"00 41 19.58","-46 05 06.0",4.59,"G8III",3919
3266,"00 41 34.47","-25 11 47.2",6.55,"K1/K2III",3917
3267,"00 41 34.52","+65 52 06.1",6.95,"F8",3801
3269,"00 41 35.98","+24 37 44.6",6.06,"A7m",3883
3277,"00 41 46.30","-56 30 05.2",5.72,"Ap",3980
3299,"00 42 03.44","+66 08 51.4",5.83,"G9III-IV",3856
3300,"00 42 03.88","+50 30 45.1",4.8,"B2.5V",3901
3316,"00 42 14.51","-11 48 17.3",6.78,"K3III",3975
3330,"00 42 28.30","-65 28 05.3",5.38,"F6V",4089
3334,"00 42 31.01","+58 45 12.4",6.18,"B9.5III",3924
3346,"00 42 37.99","+52 20 13.8",6.94,"B1III",3950
3352,"00 42 41.64","-60 15 45.7",5.99,"K5III",4088
3356,"00 42 42.89","-38 27 48.5",6.05,"B9.5V",4065
3369,"00 42 50.76","-09 55 17.9",6.63,"F8",4048
3371,"00 42 52.77","+16 39 45.6",6.56,"K0",4014
3397,"00 43 17.47","-45 10 52.8",6.98,"K0III",4130
3405,"00 43 21.24","-57 27 47.2",4.36,"A0IV",4150
3414,"00 43 28.09","+47 01 28.7",4.95,"A5V",4058
3419,"00 43 35.23","-17 59 12.1",2.04,"K0III",4128
3436,"00 43 50.09","-12 00 40.7",6.01,"K1III",4145
3438,"00 43 52.26","+33 18 38.5",6.92,"A5",4119
3445,"00 44 03.01","+70 49 24.5",6.75,"K0",4042
3455,"00 44 11.41","-10 36 33.4",4.77,"K0IIIvar",4188
3456,"00 44 11.92","-38 25 19.1",5.9,"K1III",4211
3459,"00 44 14.36","-49 23 09.2",6.86,"A3V",4228
3478,"00 44 26.23","+47 51 50.3",5.66,"B5V...",4142
3489,"00 44 31.52","-62 29 51.4",6.06,"F5III/IV",4294
3490,"00 44 35.35","-78 04 55.8",6.61,"K0III",4438
3497,"00 44 39.04","-65 38 51.8",6.55,"G3V",4308
3504,"00 44 43.50","+48 17 03.8",4.48,"B5III",4180
3505,"00 44 44.44","-22 00 22.8",5.22,"F0V",4247
3509,"00 44 47.77","+67 09 30.0",6.9,"F8",4132
3517,"00 44 54.63","-63 11 47.5",6.94,"K4II/IIICNV:",4332
3521,"00 44 57.12","-42 40 34.8",5.94,"A7V",4293
3527,"00 44 59.72","-53 42 53.6",6.15,"F7III",4304
3532,"00 45 02.40","+62 31 43.0",6.62,"K0",4179
3544,"00 45 17.20","+55 13 17.1",5.41,"A2Vs",4222
3552,"00 45 24.10","-04 37 45.3",6.15,"M0III",4301
3559,"00 45 28.71","-12 52 49.1",6.15,"G2V",4307
3572,"00 45 39.11","+74 59 17.3",5.64,"A2IV",4161
3576,"00 45 41.70","-16 25 27.1",6.47,"F0IV",4338
3583,"00 45 45.43","-47 33 07.8",5.8,"G5IV",4391
3584,"00 45 45.95","+56 46 29.6",6.95,"F2Iab:",4266
3604,"00 46 10.80","+44 51 41.4",6.03,"B9.5IIIMNp.",4335
3607,"00 46 11.63","-22 31 19.4",5.49,"G8/K0III",4398
3611,"00 46 15.04","+55 18 19.4",6.51,"A2III",4321
3632,"00 46 32.98","+15 28 32.2",5.36,"M4III",4408
3637,"00 46 37.29","-30 11 27.3",6.81,"K2III",4471
3638,"00 46 37.78","+46 53 37.6",6.86,"K0",4385
3641,"00 46 38.23","+69 19 31.3",6.39,"F3V",4295
3649,"00 46 42.47","+59 34 28.3",6.41,"G0Ib",4362
3650,"00 46 44.80","+21 37 27.8",6.95,"F8IV",4432
3675,"00 47 01.43","+11 58 26.2",5.51,"G8II",4482
3685,"00 47 13.56","+19 34 43.3",6.11,"F0Vn",4490
3693,"00 47 20.39","+24 16 02.6",4.08,"K1II",4502
3697,"00 47 23.62","+06 44 27.5",5.98,"G8III",4526
3717,"00 47 43.20","-18 03 41.1",5.7,"K3III",4585
3719,"00 47 44.96","+26 17 29.9",6.93,"K0III",4550
3721,"00 47 46.02","+74 50 51.3",5.42,"B8III",4382
3730,"00 47 54.73","+20 55 31.1",6.51,"F8V",4568
3736,"00 47 59.03","+51 26 41.2",6.86,"A0",4536
3741,"00 48 01.05","-21 43 20.9",5.57,"B9V",4622
3750,"00 48 08.88","+72 40 28.0",5.86,"K0IV",4440
3755,"00 48 11.65","+65 07 10.7",6.91,"G5",4523
3760,"00 48 17.34","+07 17 59.7",5.92,"G8III",4627
3765,"00 48 22.53","+05 17 00.2",5.74,"K2V",4628
3781,"00 48 35.12","-74 55 24.1",5.09,"K5III",4815
3786,"00 48 40.90","+07 35 06.7",4.44,"K5III",4656
3787,"00 48 41.10","+52 06 03.0",6.82,"F8",4615
3788,"00 48 41.21","-28 29 43.1",6.78,"F0V",4691
3801,"00 48 49.99","+50 58 05.5",4.9,"B9III",4636
3807,"00 48 56.74","-46 41 51.7",6.28,"G8III",4737
3810,"00 48 58.71","+16 56 28.1",5.07,"F8V...",4676
3823,"00 49 04.66","+14 48 33.1",6.95,"K5",4698
3821,"00 49 05.10","+57 48 59.6",3.46,"G0V SB",4614
3834,"00 49 13.90","-24 08 11.5",5.9,"K0III",4732
3849,"00 49 25.55","-13 33 39.7",5.59,"K3III",4730
3858,"00 49 33.44","-23 21 43.6",6.27,"A3IV",4772
3865,"00 49 37.25","+47 45 50.4",6.66,"A2",4701
3881,"00 49 48.83","+41 04 44.2",4.53,"B5V SB",4727
3885,"00 49 53.11","+27 42 37.1",5.55,"F5III+...",4757
3889,"00 49 54.94","-00 13 26.8",6.64,"K0",4790
3901,"00 50 02.25","+70 46 27.0",6.9,"B9",4667
3903,"00 50 03.76","-43 23 41.8",6.49,"A9/F0III",4849
3909,"00 50 07.72","-10 38 37.6",5.17,"F7IV-V",4813
3919,"00 50 18.21","+45 00 08.1",6.13,"A0p...",4778
3949,"00 50 41.13","-50 59 12.9",5.24,"F2III",4919
3951,"00 50 43.57","+64 14 51.3",5.35,"A4V comp SB",4775
3961,"00 50 52.43","-71 09 05.5",6.86,"F5V",5028
3964,"00 50 56.04","+77 57 12.8",6.76,"A5",4666
3965,"00 50 57.27","+51 30 28.9",6.38,"F2IV",4818
3979,"00 51 10.69","-05 02 20.4",6.98,"G0",4915
3988,"00 51 16.39","+61 48 19.8",6.04,"K5Ib",4817
3992,"00 51 18.31","+03 23 06.6",6.39,"K0III",4928
3995,"00 51 19.88","-09 24 20.0",6.89,"F2",4939
4006,"00 51 25.93","+63 46 52.2",6.87,"B5Ia",4841
4023,"00 51 33.79","+51 34 17.2",6.22,"B9.5V",4881
4025,"00 51 34.84","+12 47 05.4",6.7,"F0",4935
4049,"00 51 52.15","-43 42 32.5",6.89,"F2/F3V",5042
4058,"00 51 57.09","+33 53 24.1",6.87,"K2",4961
4084,"00 52 24.51","-69 30 12.9",6.67,"F7IV/V",5190
4104,"00 52 40.60","-24 00 21.3",5.47,"K1III",5098
4127,"00 52 51.82","+40 14 43.6",6.76,"G0",5065
4129,"00 52 53.36","+38 32 55.9",6.7,"A2V",5066
4147,"00 53 00.49","-01 08 39.2",4.78,"M0III",5112
4151,"00 53 04.28","+61 07 24.8",4.8,"F8V",5015
4164,"00 53 12.39","-24 46 37.1",6.44,"F3V",5156
4185,"00 53 28.22","+37 25 05.9",6.07,"K3III:",5118
4197,"00 53 36.98","+29 29 21.9",6.7,"K0III",5137
4200,"00 53 37.78","-62 52 16.9",5.73,"M4III",5276
4207,"00 53 41.27","-04 31 32.1",6.53,"G5",5181
4212,"00 53 47.53","+52 41 21.6",6.27,"A5m",5128
4232,"00 53 59.04","-48 47 29.0",6.82,"G8III",5275
4257,"00 54 17.58","-08 44 26.0",6.15,"G5IV",5268
4267,"00 54 35.22","+19 11 18.4",5.8,"A1Vn",5267
4283,"00 54 52.76","+83 42 26.9",5.59,"A4V",4853
4288,"00 54 58.02","+23 37 42.4",5.46,"K1IV",5286
4291,"00 54 59.51","-74 18 09.5",6.68,"K0IV",5499
4292,"00 55 00.19","+58 58 22.1",4.83,"K2III",5234
4293,"00 55 00.30","-69 31 37.1",5.45,"G7III",5457
4298,"00 55 05.22","+48 40 42.8",6.28,"M2.5IIIa",5273
4311,"00 55 11.96","-47 24 19.9",6.73,"F6V",5388
4317,"00 55 14.66","+24 33 25.5",6.19,"M4III",5316
4346,"00 55 42.40","-07 20 49.3",5.88,"K5III",5384
4360,"00 55 52.95","-53 11 32.7",6.61,"K1IIICN...",5474
4363,"00 55 55.53","-27 46 33.0",6.11,"M1/M2III",5445
4366,"00 55 58.52","+27 12 33.7",6.08,"A5IV",5382
4371,"00 56 01.51","-11 15 59.4",5.35,"K4III",5437
4382,"00 56 09.12","+13 57 07.1",6.46,"G8II",5418
4383,"00 56 12.93","+57 59 47.7",6.2,"K3III",5343
4390,"00 56 14.80","+35 13 43.1",6.93,"A0",5397
4411,"00 56 30.68","+42 58 43.7",6.53,"K0",5431
4422,"00 56 40.01","+59 10 52.2",4.62,"G8III-IV",5395
4427,"00 56 42.50","+60 43 00.3",2.15,"B0IV:evar",5394
4436,"00 56 45.10","+38 29 57.3",3.86,"A5V",5448
4439,"00 56 46.87","-02 43 47.3",6.99,"F0",5506
4440,"00 56 46.94","+60 21 46.3",5.56,"B8V",5408
4446,"00 56 54.99","+68 46 32.7",6.39,"F0m",5357
4449,"00 56 55.46","+64 31 56.2",6.98,"F4Iab:",5392
4463,"00 57 12.43","+23 25 03.9",4.4,"G8III-IV",5516
4475,"00 57 19.53","+61 25 19.0",6.44,"G8IV",5459
4496,"00 57 37.75","-18 59 55.1",6.92,"A2V",5617
4501,"00 57 39.64","+45 50 21.8",6.1,"K2III",5526
4500,"00 57 39.65","+01 47 08.1",6.97,"G5",5588
4510,"00 57 50.15","+28 59 32.0",5.44,"G6III",5575
4511,"00 57 50.20","-01 45 57.5",6.56,"G5",5624
4520,"00 57 54.52","+13 41 45.2",6.3,"G8III",5612
4542,"00 58 09.88","+39 28 31.6",6.55,"K0",5597
4550,"00 58 12.71","+70 29 46.9",6.97,"B9",5490
4552,"00 58 14.19","+33 57 03.8",5.99,"K0",5608
4558,"00 58 18.90","+21 24 16.2",6.47,"A2V",5641
4559,"00 58 19.44","+06 50 39.6",6.74,"G5",5654
4563,"00 58 22.18","-60 41 46.7",6.23,"Am",5771
4572,"00 58 31.00","+66 21 06.6",5.97,"A0III",5550
4577,"00 58 36.35","-29 21 26.9",4.3,"B7IIIp",5737
4584,"00 58 43.10","+47 02 11.8",6.84,"A0",5638
4587,"00 58 43.89","-11 22 47.8",5.62,"G7III",5722
4592,"00 58 45.74","-05 52 57.4",6.57,"K0",5720
4608,"00 59 03.03","+27 39 25.6",6.99,"K3III",5705
4637,"00 59 32.27","+48 57 59.1",6.9,"F5",5728
4655,"00 59 49.67","+06 28 59.7",6.14,"M2III",5820
4675,"01 00 03.55","+44 42 47.9",5.69,"B9.5Vn",5788
4703,"01 00 27.98","+21 14 57.0",6.83,"K2",5871
4704,"01 00 29.59","+80 32 43.3",6.67,"F2",5534
4709,"01 00 30.87","+70 58 58.8",6.4,"A4IV",5715
4719,"01 00 35.30","-36 14 17.6",6.99,"K4III",5963
4726,"01 00 40.40","-01 39 30.9",6.85,"M4III",5919
4770,"01 01 18.23","-38 54 59.9",5.59,"K1III",6055
4771,"01 01 18.94","+45 27 07.6",6.86,"G8III-IV",5916
4772,"01 01 18.94","-60 51 37.4",6.91,"G1/G2V",6107
4786,"01 01 27.04","+49 32 39.2",6.48,"G5",5927
4789,"01 01 30.16","+69 21 30.7",6.67,"B9",5839
4794,"01 01 34.21","-38 12 52.4",6.61,"K0IIICNIV",6080
4801,"01 01 38.60","-16 15 55.3",6.47,"K2/K3III",6037
4809,"01 01 43.49","+25 17 32.1",6.71,"G8IV",6009
4811,"01 01 45.79","+57 49 00.1",6.77,"A2",5944
4829,"01 02 01.81","-57 00 08.7",6.12,"G8III",6192
4834,"01 02 07.62","+56 19 43.3",6.71,"K1III",5981
4843,"01 02 18.34","+81 52 32.1",6.9,"G8III",5679
4844,"01 02 18.47","+51 02 05.9",6.48,"A3V",6028
4852,"01 02 26.38","-31 33 07.4",5.5,"A1/A2IV",6178
4868,"01 02 35.57","+27 44 52.6",6.88,"F7V",6093
4878,"01 02 42.60","+09 07 58.8",6.83,"F5",6152
4879,"01 02 42.89","-65 27 22.0",6.25,"M2III",6311
4889,"01 02 49.09","+31 48 15.6",5.5,"B9.5V",6118
4890,"01 02 49.19","-46 23 50.4",5.39,"G8III",6245
4902,"01 02 53.78","+51 47 53.2",6.84,"B5",6084
4903,"01 02 54.28","+41 20 42.7",5.95,"A5m",6116
4906,"01 02 56.66","+07 53 24.3",4.27,"K0III",6186
4911,"01 03 01.47","+47 22 34.3",6.46,"A9V",6114
4914,"01 03 02.60","-04 50 10.9",5.4,"K0III-IV",6203
4932,"01 03 17.76","-29 31 32.8",6.28,"G8IIICN...",6269
4934,"01 03 18.04","-60 05 50.1",6.81,"F5V",6334
4935,"01 03 18.52","-41 01 16.0",6.99,"M3III",6290
4962,"01 03 37.01","+61 04 29.4",5.92,"F0II",6130
4961,"01 03 37.01","+58 54 33.3",6.75,"K5",6147
4965,"01 03 39.39","+84 36 24.9",6.74,"F5",5621
4979,"01 03 48.96","+01 22 01.0",6.06,"F1V",6288
4983,"01 03 53.36","+47 38 32.3",6.82,"B2IV-V",6226
4998,"01 04 02.39","+52 30 08.3",5.99,"K2",6211
5016,"01 04 16.74","+54 12 15.8",6.84,"G0",6250
5021,"01 04 19.55","+61 34 48.9",5.83,"F6V",6210
5026,"01 04 23.90","-47 56 25.3",6.84,"M1III",6413
5034,"01 04 27.57","+29 39 32.8",6.2,"F7IV-V",6301
5042,"01 04 32.61","-33 31 58.0",6.44,"K0III",6403
5045,"01 04 36.40","+39 59 28.2",6.77,"F0Vn",6314
5062,"01 04 46.78","+51 00 35.3",6.53,"B3V",6300
5070,"01 04 49.88","+74 22 19.7",6.82,"A0",6163
5074,"01 04 52.62","+05 39 22.7",6.03,"K5III",6386
5081,"01 05 05.35","+14 56 45.6",5.64,"F4II-III",6397
5121,"01 05 36.90","-09 58 45.3",6.09,"K0III",6482
5131,"01 05 40.93","+21 28 23.6",5.33,"A1Vn",6456
5132,"01 05 41.68","+21 27 55.7",5.55,"A0Vn",6457
5141,"01 05 49.22","+04 54 31.2",6.35,"F4V...",6479
5165,"01 06 05.11","-46 43 06.6",3.32,"G8IIIvar",6595
5164,"01 06 05.13","-09 50 21.7",5.58,"A1V",6530
5169,"01 06 06.34","-10 59 07.4",6.84,"G5",6546
5170,"01 06 07.73","-23 59 32.5",6.12,"K1III",6559
5175,"01 06 11.20","+32 10 53.6",6.28,"K0",6476
5186,"01 06 22.69","+62 45 41.3",6.52,"A5Vn",6416
5193,"01 06 26.53","-35 39 38.2",6.61,"A1V",6619
5198,"01 06 27.68","-39 51 22.8",6.64,"K4III",6629
5204,"01 06 33.62","+12 57 21.5",6.14,"G8III",6557
5209,"01 06 37.66","+08 21 36.5",6.93,"F0",6568
5232,"01 06 54.01","+59 51 31.1",6.87,"A2V...",6475
5233,"01 06 54.99","+70 55 53.1",6.63,"A2",6414
5240,"01 07 00.07","+56 56 06.9",6.41,"K2III...",6497
5248,"01 07 07.19","+20 09 03.9",6.99,"G5",6613
5251,"01 07 09.44","+53 29 53.5",6.31,"K0",6540
5259,"01 07 12.88","-23 59 46.5",6.36,"A3III",6668
5262,"01 07 13.87","+49 33 19.7",6.81,"A0",6564
5268,"01 07 18.57","-61 46 30.9",5.36,"G5III",6793
5296,"01 07 46.12","-09 47 08.1",5.71,"F7IV",6706
5300,"01 07 47.83","-41 29 13.0",5.21,"A3V",6767
5310,"01 07 57.11","+20 44 21.6",5.56,"A3V",6695
5315,"01 07 59.58","+01 59 38.7",6.44,"K0IV",6734
5317,"01 08 00.72","+43 56 32.1",5.04,"A3m",6658
5319,"01 08 01.20","+32 00 43.9",6.23,"F5IV",6680
5336,"01 08 12.92","+54 55 27.2",5.17,"G5Vp",6582
5339,"01 08 15.37","+28 52 05.4",6.86,"F0",6714
5344,"01 08 21.84","+09 54 29.5",6.71,"M...",6761
5346,"01 08 22.34","+05 39 00.8",5.51,"F0III-IV",6763
5348,"01 08 23.06","-55 14 45.0",3.94,"B6V + B0V",6882
5361,"01 08 33.45","+58 15 48.5",5.77,"B8V",6676
5363,"01 08 33.82","-46 40 04.9",6.89,"A9V",6869
5364,"01 08 35.26","-10 10 54.9",3.46,"K2III",6805
5372,"01 08 44.16","+86 15 25.6",4.24,"K2II-III",5848
5412,"01 09 12.29","+80 00 42.0",6.24,"K0",6473
5414,"01 09 13.07","+69 41 11.5",6.93,"B0.5III",6675
5434,"01 09 30.12","+47 14 30.6",4.26,"B7III",6811
5440,"01 09 35.02","+57 21 00.3",6.65,"F2",6795
5444,"01 09 39.14","+23 47 39.4",6.65,"F0",6886
5447,"01 09 43.80","+35 37 15.0",2.07,"M0IIIvar",6860
5454,"01 09 49.20","+19 39 30.2",5.57,"G0III",6903
5458,"01 09 52.24","+54 44 20.0",6.75,"G8III",6833
5465,"01 09 56.89","+33 52 53.1",6.97,"F5",6893
5477,"01 10 07.38","-57 41 38.9",6.41,"G6II/III",7082
5483,"01 10 11.43","+15 40 26.3",6.07,"M0III",6966
5485,"01 10 11.96","-08 54 21.7",6.4,"K0III",6976
5488,"01 10 15.62","-56 51 46.1",6.98,"F0IV",7097
5493,"01 10 18.85","+42 04 53.7",5.67,"F8V",6920
5494,"01 10 19.45","+25 27 28.9",5.81,"K5III",6953
5510,"01 10 33.56","+02 26 44.6",5.97,"K4III",7014
5512,"01 10 34.31","+51 00 47.8",6.9,"F5",6918
5518,"01 10 39.27","+68 46 43.3",5.32,"A0Vnn",6829
5531,"01 10 50.36","+67 46 48.1",6.55,"G0",6840
5542,"01 11 05.93","+55 08 59.8",4.34,"A7Vvar",6961
5544,"01 11 06.77","+31 25 29.2",5.15,"F0V",7034
5550,"01 11 10.29","+37 43 26.9",5.8,"B7III-IV",7019
5551,"01 11 10.58","+46 11 02.1",6.6,"K5",7011
5566,"01 11 25.52","+64 12 09.8",5.56,"B9.5V",6960
5571,"01 11 27.19","+21 02 04.8",4.66,"K0III",7087
5575,"01 11 28.97","+10 17 30.9",6.49,"G5",7107
5586,"01 11 39.59","+30 05 23.0",4.51,"K0III-IV...",7106
5589,"01 11 41.37","+65 01 08.0",5.57,"B9IV",6972
5594,"01 11 43.54","-02 15 03.7",5.93,"K4III",7147
5626,"01 12 16.51","+79 40 26.3",5.6,"A3V",6798
5631,"01 12 19.20","+12 16 55.0",6.89,"F5",7193
5636,"01 12 23.29","-30 48 07.1",6.54,"F5IV",7259
5646,"01 12 30.75","+02 28 18.6",6.55,"F8",7218
5650,"01 12 34.06","+45 20 14.9",6.13,"M1III",7158
5661,"01 12 45.37","-37 51 23.1",5.95,"A9IV: (+F/G)",7312
5665,"01 12 46.71","-35 12 19.9",6.97,"K0III",7311
5666,"01 12 47.74","-06 47 00.0",6.59,"G5",7268
5679,"01 12 59.46","+30 03 51.5",6.24,"G1V...",7229
5688,"01 13 09.82","+61 42 22.3",6.4,"B9V",7157
5694,"01 13 16.18","+34 05 54.3",6.73,"B8",7254
5717,"01 13 32.78","+29 44 10.7",6.74,"G8III-IV",7299
5737,"01 13 43.80","+07 34 31.8",5.21,"A7IV",7344
5742,"01 13 44.94","+24 35 01.6",4.67,"K0III...",7318
5743,"01 13 45.17","+07 34 42.2",6.44,"F7V",7345
5764,"01 14 01.17","-13 28 31.2",6.88,"F0IV/V",7398
5772,"01 14 04.87","+28 31 46.9",6.33,"M2S SB",7351
5778,"01 14 07.65","+16 08 00.8",5.97,"B8III",7374
5799,"01 14 23.97","-07 55 24.6",5.14,"F5V",7439
5824,"01 14 42.40","+06 59 42.7",6.04,"G6III:",7446
5833,"01 14 49.18","-00 58 27.5",5.7,"F5V",7476
5862,"01 15 10.57","-45 31 55.5",4.97,"F8V",7570
5878,"01 15 28.29","+20 24 52.6",6.99,"A2",7511
5886,"01 15 35.62","+00 54 44.8",6.71,"A2",7551
5896,"01 15 45.50","-68 52 34.5",4.25,"F6IV",7788
5914,"01 16 05.03","+25 46 09.7",6.76,"N0",7561
5926,"01 16 11.90","+71 44 37.8",5.87,"K1V",7389
5927,"01 16 12.09","-42 00 34.8",6.58,"K2III",7706
5928,"01 16 12.60","+87 08 44.0",6.2,"K2III:",6319
5936,"01 16 18.90","+33 06 53.3",6.04,"K1III",7578
5939,"01 16 24.49","+48 04 56.1",6.61,"B9IIIsp...",7546
5942,"01 16 27.78","+23 35 22.1",6.69,"A0",7615
5943,"01 16 28.90","-67 25 51.9",6.91,"F2IV/V",7858
5944,"01 16 29.34","+42 56 22.2",6.59,"G0",7590
5947,"01 16 31.04","+79 54 35.5",6.27,"F5Vs",7238
5951,"01 16 36.35","-02 30 00.8",5.42,"G5III-IVe",7672
5985,"01 16 58.86","-02 16 43.7",6.52,"F8",7727
5992,"01 17 03.68","-66 23 52.4",6.23,"A0V",7916
5993,"01 17 05.05","+44 54 07.5",6.11,"K5",7647
6010,"01 17 16.61","+39 28 50.0",6.69,"B9",7669
6025,"01 17 24.14","+31 44 40.6",6.36,"K0",7724
6027,"01 17 26.29","+57 37 55.5",6.86,"B2IIIne+...",7636
6039,"01 17 34.99","-65 12 42.4",6.92,"M4III",7974
6047,"01 17 41.77","+44 37 54.9",6.78,"K5",7722
6048,"01 17 42.35","-07 39 34.4",6.8,"A2",7812
6057,"01 17 45.25","+56 37 53.9",6.68,"K1III-IV",7666
6060,"01 17 47.96","+49 00 30.5",6.99,"A0+...",7710
6061,"01 17 47.98","+03 36 52.3",5.13,"A3V",7804
6087,"01 18 10.14","+47 25 11.0",6.29,"K0",7758
6093,"01 18 13.89","+57 48 11.4",6.39,"M5",7733
6099,"01 18 18.67","+67 48 59.2",6.68,"A0",7665
6133,"01 18 42.19","+72 52 40.7",6.99,"G5",7646
6137,"01 18 44.16","-43 19 58.5",6.78,"K3III",8001
6139,"01 18 45.94","+72 24 05.2",6.87,"G5",7655
6140,"01 18 47.02","+37 23 10.7",6.44,"A5m",7853
6193,"01 19 27.98","+27 15 50.7",4.74,"A3V",7964
6198,"01 19 29.36","+80 53 39.1",6.7,"A0",7505
6226,"01 19 48.29","-00 30 32.4",5.87,"A7V...",8036
6229,"01 19 51.74","+58 12 29.3",6.99,"B6Ib",7902
6234,"01 19 57.73","-15 48 50.7",6.7,"G0V",8071
6237,"01 20 02.97","-09 53 01.0",6.65,"F2",8070
6241,"01 20 04.90","+41 58 14.4",6.95,"F0",8007
6242,"01 20 04.92","+58 13 53.8",4.95,"F0Ia",7927
6261,"01 20 19.45","+77 34 13.7",6.31,"G5III...",7732
6272,"01 20 27.84","-11 14 19.7",6.16,"K1III",8121
6283,"01 20 34.57","-03 14 49.2",6.26,"K1III",8120
6288,"01 20 40.63","-13 53 24.0",6.84,"K0III",8142
6312,"01 21 05.19","+64 39 29.5",6.33,"A2Vnn",8003
6315,"01 21 07.35","+28 44 18.2",5.23,"K5III",8126
6331,"01 21 17.50","-06 09 34.0",6.78,"G0",8202
6333,"01 21 18.39","-49 44 29.9",6.75,"F3/F5IV",8296
6334,"01 21 19.23","+11 32 12.3",6.89,"F0",8187
6336,"01 21 24.59","-50 56 12.9",6.6,"K0III",8315
6369,"01 21 48.88","-66 23 02.8",6.94,"A0m...",8437
6371,"01 21 51.94","+50 07 19.2",6.54,"K0",8160
6376,"01 21 58.28","+12 36 15.0",6.97,"K0",8250
6378,"01 21 58.94","+76 14 20.0",6.37,"F0IVn",7925
6393,"01 22 09.24","-37 03 05.6",6.71,"A9V",8351
6401,"01 22 12.59","+43 35 02.9",6.69,"B5",8209
6405,"01 22 17.53","+18 40 57.8",6.96,"G3V",8262
6411,"01 22 20.39","+45 31 43.5",4.87,"K0III-IV",8207
6427,"01 22 30.52","-19 04 51.8",6.35,"F5/F6V",8350
6429,"01 22 34.82","-00 26 58.7",6.5,"K0III:",8335
6432,"01 22 36.91","+01 43 35.2",6.21,"M0III",8334
6440,"01 22 43.01","-36 35 47.3",6.71,"K1III",8410
6441,"01 22 43.48","+04 44 17.8",6.87,"G5",8333
6451,"01 22 53.58","+11 21 59.8",6.77,"K0",8356
6477,"01 23 17.15","-33 32 52.8",6.8,"K5III",8474
6480,"01 23 18.07","+36 30 52.8",6.8,"B8",8346
6486,"01 23 21.27","+58 08 35.6",6.36,"F4V",8272
6492,"01 23 24.95","+20 28 08.4",5.97,"K5",8388
6502,"01 23 30.97","-30 56 43.8",5.84,"M0III",8498
6507,"01 23 34.94","-24 21 10.0",6.66,"A9V",8487
6512,"01 23 37.31","+34 14 44.2",6.28,"G8IV",8375
6514,"01 23 40.56","+37 42 54.0",5.6,"A1m",8374
6522,"01 23 46.82","+78 43 33.8",6.07,"A0Iab",8065
6527,"01 23 50.82","+17 49 06.4",6.59,"F0",8442
6537,"01 24 01.45","-08 10 57.9",3.6,"K0III",8512
6539,"01 24 02.43","-08 00 26.1",6.21,"F0V",8511
6551,"01 24 12.19","-31 48 42.4",6.85,"F8V",8581
6560,"01 24 18.68","+43 08 31.6",6.69,"A2p...",8441
6564,"01 24 20.48","-06 54 52.8",5.92,"F4V",8556
6589,"01 24 39.91","-15 39 37.5",6.17,"G8III/IV",8589
6591,"01 24 40.26","-34 08 24.2",6.69,"K0III",8629
6592,"01 24 40.77","-41 29 32.9",5.42,"K0III",8651
6595,"01 24 41.92","-44 31 42.7",6.26,"K1II",8681
6605,"01 24 48.67","-02 50 54.7",6.17,"G8III",8599
6624,"01 25 00.58","-05 56 47.1",6.76,"A0",8627
6631,"01 25 05.28","-64 22 10.0",5.92,"M0III",8810
6649,"01 25 19.11","+16 15 25.5",6.99,"K5III",8626
6669,"01 25 35.66","+23 30 41.7",6.18,"F5III",8634
6670,"01 25 37.21","-14 35 55.5",4.9,"K2III",8705
6679,"01 25 40.64","+02 58 19.5",6.99,"F0",8686
6685,"01 25 46.30","+70 58 47.7",6.34,"A0Vnn",8424
6686,"01 25 48.60","+60 14 07.5",2.66,"A5Vv SB",8538
6687,"01 25 52.33","-03 55 38.4",6.5,"K0",8713
6690,"01 25 55.17","-08 30 15.6",6.57,"G5",8728
6692,"01 25 55.90","+68 07 47.8",4.72,"K0III",8491
6702,"01 26 08.62","+34 34 47.7",6.34,"F7V",8673
6706,"01 26 15.28","+19 10 20.4",5.35,"F2V:var",8723
6711,"01 26 18.60","+43 27 28.4",5.98,"F7V",8671
6714,"01 26 23.56","+20 04 15.2",6.44,"K0",8733
6717,"01 26 27.32","-00 23 56.3",6.42,"K0IV",8779
6732,"01 26 41.65","+19 14 26.0",5.5,"K1III",8763
6733,"01 26 43.01","+43 41 31.1",6.9,"F2",8710
6736,"01 26 43.78","+27 14 48.1",6.75,"K0III",8747
6748,"01 26 51.56","-13 03 23.5",5.51,"F0V",8829
6751,"01 26 53.55","+03 32 08.5",6.59,"B9V",8803
6760,"01 26 58.03","-41 44 50.5",6.67,"K3III",8901
6759,"01 26 58.10","-32 32 35.2",6.57,"C",8879
6771,"01 27 04.86","-30 14 09.0",6.71,"K0/K1III",8887
6776,"01 27 06.21","+34 22 39.3",6.27,"F7IVsvar",8774
6789,"01 27 23.31","-22 20 16.9",6.43,"K0/K1III",8896
6791,"01 27 25.15","-20 21 06.7",6.89,"F3IV",8895
6794,"01 27 26.67","+41 06 04.0",6.42,"Am...",8801
6797,"01 27 28.28","-09 17 49.5",6.86,"K0",8877
6799,"01 27 29.34","-45 50 46.5",6.96,"K4/K5III",8963
6811,"01 27 37.72","+66 04 37.1",6.98,"K2II:p",8701
6813,"01 27 39.09","+45 24 25.0",4.83,"F5IV",8799
6819,"01 27 42.73","+31 58 00.3",6.78,"K0",8847
6822,"01 27 46.44","-10 54 05.8",6.13,"K0",8921
6823,"01 27 46.88","+40 20 09.0",6.59,"A0III",8837
6835,"01 27 59.44","-22 02 13.0",6.57,"K0III",8959
6858,"01 28 12.38","+44 02 57.4",6.65,"B9",8862
6859,"01 28 16.08","-12 14 45.6",6.91,"F3IV/V",8972
6861,"01 28 18.87","-49 00 21.1",6.96,"G3II/III",9067
6862,"01 28 19.12","+30 33 28.2",6.9,"F5",8909
6867,"01 28 21.94","-43 19 03.8",3.41,"K5II-III",9053
6868,"01 28 22.85","+07 57 40.9",6.22,"K1IIIvar",8949
6869,"01 28 24.29","+17 04 45.6",6.6,"F8IV-V",8941
6878,"01 28 34.32","+42 16 04.5",6.66,"F8",8907
6888,"01 28 43.52","-33 45 50.0",6.59,"A9/F0V",9065
6909,"01 28 57.43","-17 56 14.4",6.66,"F3/F5V",9061
6915,"01 29 03.11","+07 17 39.2",6.54,"F2",9024
6939,"01 29 23.49","+25 16 31.2",6.66,"K2III",9033
6952,"01 29 30.54","-46 45 23.3",6.25,"M3III",9184
6957,"01 29 32.23","-09 29 20.8",6.88,"G5",9101
6960,"01 29 36.10","-21 37 45.6",5.11,"A0V",9132
6966,"01 29 41.17","+22 49 34.4",6.77,"A4V",9071
6971,"01 29 42.79","-25 37 04.0",6.37,"K1III",9151
6974,"01 29 46.71","+65 10 15.8",6.71,"K2",8928
6981,"01 29 52.83","+18 21 20.4",6.01,"A4IV",9100
6984,"01 29 53.66","-05 35 45.1",6.69,"F5",9139
6999,"01 30 06.10","+47 00 26.6",5.27,"K0III",9057
7007,"01 30 10.94","+06 08 38.2",4.84,"K4III",9138
7013,"01 30 18.29","+59 46 55.3",6.91,"K3III",9022
7016,"01 30 22.88","-26 12 28.3",5.92,"K2III",9228
7050,"01 30 52.01","+66 05 53.2",6.15,"A2Vs",9030
7057,"01 30 58.96","+49 20 36.1",6.84,"K0",9137
7078,"01 31 13.52","+70 15 53.2",5.82,"F6V",9021
7083,"01 31 14.98","-49 04 23.1",3.93,"K0III-IV",9362
7097,"01 31 28.99","+15 20 45.0",3.62,"G8III",9270
7100,"01 31 29.83","-29 59 06.2",6.62,"G6/G8III",9349
7108,"01 31 33.97","-19 01 22.4",6.85,"A4m...",9336
7115,"01 31 39.02","-45 34 32.6",6.17,"A2V",9414
7118,"01 31 43.25","-30 16 58.5",5.79,"K0III",9377
7143,"01 32 03.05","+16 56 51.7",6.78,"G5",9312
7147,"01 32 07.58","+34 47 59.9",6.39,"B7IIIMNp...",9298
7166,"01 32 24.27","+68 24 32.6",6.82,"K3III",9166
7182,"01 32 32.53","+70 01 10.0",6.96,"B9",9165
7189,"01 32 36.39","-49 43 39.1",6.27,"F4V",9544
7201,"01 32 47.71","+35 50 34.1",6.6,"K0",9370
7213,"01 32 56.05","-36 51 54.7",5.49,"K1/K2III",9525
7222,"01 33 03.51","-09 00 52.8",6.6,"A0III",9484
7235,"01 33 15.63","-24 10 39.3",6.97,"K0V",9540
7243,"01 33 18.27","+08 12 31.7",6.31,"K0",9496
7251,"01 33 25.71","+58 19 38.4",5.69,"K0Ib+...",9352
7253,"01 33 26.35","+54 56 41.5",6.92,"K3Ib",9366
7271,"01 33 39.26","-78 30 16.1",6.11,"G3IV",10042
7276,"01 33 42.73","-07 01 30.5",5.75,"G2IV",9562
7283,"01 33 48.52","+89 00 56.6",6.46,"A3V",5914
7289,"01 33 54.32","+35 36 29.6",6.93,"M4III",9500
7294,"01 33 55.93","+59 13 55.5",4.68,"K0III",9408
7298,"01 33 59.85","-62 28 34.4",6.91,"A9V",9798
7321,"01 34 16.60","+37 14 13.9",5.9,"B9IV",9531
7327,"01 34 20.56","-45 41 28.9",6.92,"G8IV",9733
7330,"01 34 23.42","-28 14 11.9",6.87,"M0III",9692
7339,"01 34 33.88","+68 56 52.3",6.52,"G6V",9407
7345,"01 34 37.72","-15 40 34.9",5.62,"A1V",9672
7357,"01 34 48.74","+00 56 43.5",6.9,"F8V",9670
7358,"01 34 49.00","+20 10 22.2",6.65,"K0",9639
7359,"01 34 49.05","+18 27 38.4",5.9,"M2III",9640
7361,"01 34 50.83","-31 53 32.0",6.11,"K0/K1III",9742
7362,"01 34 51.31","-03 31 25.7",6.44,"K0",9690
7363,"01 34 51.55","-23 41 59.0",6.41,"K2III",9731
7366,"01 34 52.57","+08 16 29.5",6.96,"K0",9657
7370,"01 34 58.12","+33 07 05.5",6.74,"G0",9616
7387,"01 35 14.71","-58 08 21.8",6.03,"F2V",9896
7399,"01 35 24.14","+53 20 44.1",6.86,"B8",9604
7400,"01 35 24.29","+63 04 55.1",6.73,"K1V",9546
7413,"01 35 33.36","+72 26 31.3",6.83,"G5",9454
7421,"01 35 38.27","+28 16 10.6",6.89,"K1III",9714
7436,"01 35 46.44","+14 39 41.2",6.23,"B9.5III",9766
7439,"01 35 50.47","+33 50 08.4",6.53,"K0",9728
7443,"01 35 50.60","-39 56 49.2",6.43,"F3/F5V",9895
7444,"01 35 52.46","+41 04 35.1",6.39,"K1III",9712
7447,"01 35 54.67","+17 26 01.6",5.95,"F0IV",9780
7450,"01 35 58.96","-15 24 00.8",5.41,"K1III",9856
7456,"01 36 02.86","+07 38 42.9",6.78,"F8",9817
7463,"01 36 08.43","-29 54 26.8",5.69,"F2V",9906
7493,"01 36 27.21","+48 43 22.2",6.2,"K1III:",9746
7505,"01 36 43.52","+07 49 53.4",6.39,"M0",9889
7506,"01 36 44.77","-58 16 15.5",6.18,"M3III",10052
7513,"01 36 47.98","+41 24 23.0",4.1,"F8V",9826
7514,"01 36 48.33","-48 48 14.3",6.85,"G8III",10019
7535,"01 37 05.96","+12 08 29.4",5.54,"F0V",9919
7557,"01 37 22.18","+74 18 03.5",6.58,"B9V",9612
7564,"01 37 25.23","+25 10 05.8",6.99,"K0IV",9939
7568,"01 37 27.78","-84 46 10.7",5.66,"K0III",11025
7580,"01 37 37.56","-09 24 14.6",6.24,"F7V",10009
7585,"01 37 40.81","+12 04 42.1",6.77,"G5V",9986
7588,"01 37 42.75","-57 14 12.0",0.45,"B3Vp",10144
7589,"01 37 44.36","+48 24 45.8",6.77,"F5",9901
7593,"01 37 47.20","+64 44 21.7",6.49,"A6Iab",9811
7597,"01 37 52.05","-03 26 26.3",6.43,"K5",10024
7601,"01 37 54.98","-82 58 31.0",5.88,"G2V",10800
7607,"01 37 59.50","+48 37 42.6",3.59,"K3III",9927
7610,"01 38 03.68","-46 05 01.9",6.97,"K2IIICN...",10121
7617,"01 38 07.56","+57 58 39.5",5.55,"G5II",9900
7625,"01 38 12.65","+62 21 06.4",6.72,"B7V",9878
7632,"01 38 19.91","+02 35 09.9",6.94,"K0",10057
7643,"01 38 27.49","-36 31 40.6",5.94,"K0III",10142
7649,"01 38 30.78","-42 55 40.3",6.67,"F0V",10167
7650,"01 38 30.94","+73 02 24.3",5.28,"G8II-IIIvar",9774
7651,"01 38 31.84","+45 23 58.9",6.38,"B9pe...",9996
7658,"01 38 37.25","+21 23 53.6",6.66,"K2",10045
7676,"01 38 49.99","-25 01 20.0",6.69,"B9V",10161
7679,"01 38 51.71","-21 16 31.7",5.58,"F0V",10148
7697,"01 39 07.17","+61 04 44.7",6.88,"F5Iab",9973
7709,"01 39 15.21","+16 37 31.9",6.74,"G5",10113
7710,"01 39 15.39","+14 17 08.3",6.74,"K0",10135
7719,"01 39 21.02","+44 23 10.1",5.01,"G8III...",10072
7721,"01 39 21.54","-33 33 53.2",6.55,"K2III",10216
7734,"01 39 35.84","+45 52 42.0",6.6,"G5IV",10086
7740,"01 39 40.77","+16 24 21.2",5.98,"K2III",10164
7751,"01 39 47.24","-56 11 47.2",5.76,"K0V",10360
7767,"01 39 58.11","+41 40 00.3",6.84,"G5",10132
7775,"01 40 04.38","+40 41 01.8",6.67,"G5",10155
7786,"01 40 13.12","+53 52 05.8",6.35,"K5III",10110
7812,"01 40 30.97","+59 03 10.3",6.97,"B9",10107
7818,"01 40 34.80","+40 34 37.6",4.96,"B8III",10205
7819,"01 40 34.89","+08 45 38.8",6.34,"F2",10262
7825,"01 40 39.56","+43 17 51.9",5.63,"A9IV:",10204
7832,"01 40 46.36","-02 37 18.4",6.74,"G5",10315
7846,"01 40 53.04","+77 58 08.4",6.73,"B9",9899
7874,"01 41 18.30","+25 44 44.9",6.2,"F2III",10308
7879,"01 41 21.29","-79 08 53.7",6.33,"G6/G8III",10859
7884,"01 41 25.91","+05 29 15.4",4.45,"K3III",10380
7886,"01 41 27.28","-38 07 58.7",6.2,"F3/F5IV/V",10481
7906,"01 41 39.24","+30 02 49.7",5.97,"K0III",10348
7911,"01 41 41.22","-50 02 19.0",6.63,"A3V",10553
7916,"01 41 44.80","-11 19 25.2",5.75,"F5V+...",10453
7918,"01 41 46.52","+42 36 49.7",4.96,"G2V",10307
7921,"01 41 47.95","-60 47 21.3",5.7,"K2/K3III",10615
7939,"01 42 02.90","+61 02 17.7",6.69,"B8IIIp (Si)",10260
7941,"01 42 03.02","-36 49 56.2",5.7,"A0V",10538
7943,"01 42 03.45","+35 14 44.8",5.63,"B9IV-V",10390
7955,"01 42 08.65","-32 19 36.7",5.25,"K1II/III",10537
7956,"01 42 09.37","+66 47 32.5",6.96,"K0",10222
7963,"01 42 17.69","+58 37 39.9",6.35,"B8III",10293
7965,"01 42 20.44","+68 02 35.0",5.57,"A0p SiSr",10221
7969,"01 42 24.08","+32 57 42.8",6.99,"K2",10439
7978,"01 42 29.15","-53 44 26.1",5.52,"F8V",10647
7981,"01 42 29.95","+20 16 12.5",5.24,"K1V",10476
7983,"01 42 31.97","-08 39 34.4",6.99,"G5",10530
7989,"01 42 36.84","+60 32 53.1",6.98,"K2II",10332
7991,"01 42 37.09","+40 22 38.5",6.71,"K0",10438
7999,"01 42 43.52","-03 41 24.4",4.98,"K3II-III",10550
8016,"01 42 55.73","+70 37 21.2",5.18,"B9V",10250
8020,"01 42 58.32","+61 25 15.9",6.33,"B7II",10362
8034,"01 43 11.11","+48 31 00.4",6.82,"M2.5II",10465
8044,"01 43 16.39","+45 19 21.5",6.33,"K2IV",10486
8046,"01 43 19.74","+60 33 04.9",5.78,"B8IIIn",10425
8052,"01 43 21.38","+59 37 58.4",6.57,"K1III",10437
8063,"01 43 36.22","+51 30 57.0",6.66,"K5",10498
8066,"01 43 38.77","+52 53 08.8",6.76,"A7II",10497
8068,"01 43 39.62","+50 41 19.6",4.01,"B2Vpe",10516
8081,"01 43 47.06","+55 52 39.1",6.94,"A2",10495
8082,"01 43 48.03","+74 36 16.4",6.59,"G5",10259
8086,"01 43 50.15","+32 11 31.2",6.32,"G8III-IV SB",10588
8094,"01 43 54.81","-04 45 55.6",6.2,"K0",10658
8102,"01 44 05.13","-15 56 22.4",3.49,"G8V",10700
8115,"01 44 17.91","+57 32 12.0",6.18,"A3V",10543
8122,"01 44 22.77","+32 30 57.7",6.73,"A3",10638
8127,"01 44 26.53","+46 08 23.2",6.32,"K5III",10597
8132,"01 44 32.94","-61 01 07.3",6.79,"Ap Si",10840
8134,"01 44 35.96","+03 13 25.5",6.73,"K0",10698
8135,"01 44 36.78","-34 24 21.7",6.82,"K3III",10762
8143,"01 44 43.67","-06 45 58.2",6.45,"G0",10725
8148,"01 44 46.15","+57 05 21.2",6.25,"A2V",10587
8159,"01 44 55.85","+20 05 00.3",6.27,"G5IV",10697
8160,"01 44 57.58","-28 43 34.9",6.95,"M2III",10778
8198,"01 45 23.59","+09 09 27.5",4.26,"K0III",10761
8209,"01 45 38.65","-25 03 08.8",5.29,"F2IV",10830
8210,"01 45 42.53","+08 33 33.5",6.55,"A2p...",10783
8211,"01 45 43.84","+03 40 02.1",6.99,"A3",10795
8225,"01 45 55.00","+03 25 03.3",6.83,"A5",10809
8230,"01 45 59.27","-05 43 59.6",5.37,"K4III",10824
8233,"01 46 00.99","-27 20 55.4",6.38,"F2V",10863
8240,"01 46 05.93","-50 48 58.4",5.49,"M3III",10934
8241,"01 46 06.14","-53 31 19.9",5.04,"A1V",10939
8271,"01 46 35.27","+17 24 45.7",6.55,"A9III",10845
8296,"01 46 58.34","-13 53 19.5",6.7,"A1V",10920
8320,"01 47 16.69","-41 45 36.2",6.18,"K5/M0III",11022
8321,"01 47 17.95","+58 01 16.5",6.76,"G9Ib",10806
8347,"01 47 38.82","-20 50 42.2",6.55,"K3III",10998
8362,"01 47 44.06","+63 51 11.2",5.63,"K0V",10780
8366,"01 47 46.69","-80 10 34.2",6.05,"F0III",11604
8369,"01 47 47.77","-37 09 34.3",6.33,"K0III",11050
8370,"01 47 48.00","+46 13 47.6",6.33,"F6V",10874
8387,"01 48 10.90","+16 57 20.3",5.86,"B9.5V",10982
8404,"01 48 26.02","+03 41 07.5",5.91,"G9III",11037
8423,"01 48 38.84","+37 57 10.6",5.94,"K0III",10975
8433,"01 48 41.68","+32 41 22.2",5.78,"F8V",11007
8475,"01 49 15.56","+47 53 49.0",6.01,"A3V",11031
8480,"01 49 19.36","-31 04 20.7",6.35,"K2/K3III",11183
8486,"01 49 23.43","-10 42 11.9",6.72,"G0",11131
8490,"01 49 27.18","+26 28 21.6",6.9,"B8",11079
8497,"01 49 35.19","-10 41 10.3",4.66,"F3III",11171
8514,"01 49 48.86","-38 24 12.5",6.37,"F6V",11262
8544,"01 50 08.58","+22 16 31.3",5.83,"K1III+...",11154
8549,"01 50 15.82","-12 53 12.8",6.88,"M1III",11247
8552,"01 50 20.08","-47 48 59.4",6.14,"K1IV",11332
8588,"01 50 52.01","+11 02 36.4",5.92,"F2Vw",11257
8593,"01 50 54.48","-50 12 22.1",5.94,"A1V",11413
8598,"01 50 57.09","+51 56 01.3",5.96,"F5V",11151
8619,"01 51 09.45","+20 30 51.9",6.7,"F0",11285
8626,"01 51 16.93","+64 51 17.9",6.54,"K5Ia0-a...",11092
8641,"01 51 26.35","-39 50 09.2",6.44,"K1IIICN...",11421
8645,"01 51 27.61","-10 20 05.8",3.74,"K2III",11353
8664,"01 51 37.80","-06 52 26.8",6.42,"K0",11365
8672,"01 51 40.08","-13 14 01.7",6.95,"K4III",11389
8688,"01 51 46.09","-15 38 50.9",6.44,"M2III",11396
8689,"01 51 47.20","+18 17 25.0",6.59,"K2III",11326
8690,"01 51 47.86","+75 35 22.9",6.94,"F5",10971
8704,"01 51 59.31","+55 08 50.7",5.53,"B1.5V",11241
8714,"01 52 09.35","+50 47 34.3",5.7,"B9p...",11291
8718,"01 52 10.36","+24 07 02.3",6.74,"K0III",11363
8734,"01 52 22.34","+37 25 48.3",6.89,"F8",11348
8751,"01 52 34.74","-67 56 40.2",6.77,"B9V",11733
8771,"01 52 50.74","+51 28 29.5",6.28,"A3V",11335
8778,"01 52 52.09","-16 55 44.8",5.78,"F0V",11522
8796,"01 53 04.90","+29 34 45.8",3.42,"F6IV",11443
8804,"01 53 10.54","+28 49 08.3",6.86,"K5III",11453
8814,"01 53 17.35","+40 43 47.3",5.42,"K1III",11428
8820,"01 53 23.08","-38 35 40.9",6.09,"K1/K2III",11643
8832,"01 53 31.77","+19 17 38.7",3.88,"A1p Si",11502
8833,"01 53 33.34","+03 11 14.9",4.61,"K0III SB",11559
8837,"01 53 38.82","-46 18 08.8",4.39,"M4III SB",11695
8847,"01 53 48.46","+55 35 51.6",6.44,"A5m",11408
8856,"01 53 54.22","+49 56 34.7",6.87,"K0",11451
8859,"01 53 57.79","+10 36 53.0",6.77,"F5V",11592
8882,"01 54 22.06","-42 29 48.8",5.12,"A3V",11753
8883,"01 54 22.14","+08 46 51.8",6.6,"M0",11640
8886,"01 54 23.68","+63 40 12.5",3.35,"B2pvar",11415
8903,"01 54 38.35","+20 48 29.9",2.64,"A5V...",11636
8908,"01 54 41.15","+78 11 47.6",6.67,"G5",11160
8914,"01 54 44.94","+50 17 45.0",6.83,"K2",11571
8922,"01 54 53.75","+40 42 07.9",6.25,"K2",11613
8928,"01 54 56.01","-67 38 50.9",4.68,"G5III",11977
8929,"01 54 56.37","+56 34 56.9",6.82,"G2Ib",11544
8930,"01 54 57.63","+37 07 42.0",6.28,"K0",11624
8936,"01 55 04.35","-24 53 23.1",6.92,"K2/K3III",11785
8957,"01 55 19.69","-60 18 44.6",6.43,"F2V",11944
8962,"01 55 27.36","+76 13 28.4",6.97,"A5",11316
8976,"01 55 41.87","-84 45 04.2",6.97,"M1III",13121
8979,"01 55 42.39","+81 57 32.4",6.85,"K5",11053
8983,"01 55 46.47","-60 51 40.1",6.07,"F0IV/V",11995
8985,"01 55 48.20","-55 04 19.8",6.72,"A5V",11956
8986,"01 55 48.37","+30 21 17.2",6.85,"A5",11736
8991,"01 55 50.25","-78 20 55.2",6.15,"F5/F6IV/V",12363
8993,"01 55 51.03","+23 34 38.4",5.76,"K1III",11763
8998,"01 55 53.74","+01 50 58.3",6.01,"F7V+...",11803
9001,"01 55 54.47","+37 16 40.1",5.89,"K5III",11727
9007,"01 55 56.83","-51 36 34.5",3.69,"G5IV",11937
9009,"01 56 00.00","+68 41 07.0",4.97,"B8III",11529
9021,"01 56 09.23","+37 15 06.5",5.69,"G8III...",11749
9022,"01 56 09.40","-49 50 11.3",6.37,"B8/B9V",11965
9045,"01 56 32.18","+41 53 31.5",6.98,"B9",11780
9049,"01 56 34.62","-32 08 18.0",6.52,"K0III",11943
9052,"01 56 37.52","-81 29 57.4",6.93,"F3IV/V",12681
9061,"01 56 40.16","-22 31 36.2",4.92,"K3III",11930
9085,"01 56 59.66","-51 46 00.7",6.1,"F8V",12042
9094,"01 57 09.82","-10 14 30.6",6.42,"G5",11964
9095,"01 57 09.99","-47 23 07.1",4.82,"G8III",12055
9110,"01 57 21.03","+17 49 03.3",5.09,"K1p...",11909
9112,"01 57 24.24","-36 03 26.9",6.98,"A8V",12040
9132,"01 57 43.74","+27 48 16.3",5.84,"M2III",11928
9147,"01 57 53.06","+75 20 10.1",6.62,"G5",11588
9149,"01 57 53.37","-65 25 28.9",6.36,"G8II/III",12270
9151,"01 57 55.38","+40 45 38.9",6.87,"F5",11907
9153,"01 57 55.78","+23 35 45.9",4.79,"F0V",11973
9158,"01 57 56.36","+41 41 40.5",6.77,"B8III",11905
9163,"01 57 59.23","+47 05 43.9",6.48,"K0",11884
9165,"01 57 59.39","-02 03 34.2",6.52,"A0",12020
9169,"01 58 03.25","+49 38 34.2",6.97,"K2",11883
9171,"01 58 03.80","+31 08 04.2",6.94,"M5III",11961
9188,"01 58 18.49","+59 37 33.6",6.65,"A1IV",11860
9207,"01 58 26.68","-33 04 00.3",6.37,"K0III",12135
9220,"01 58 33.22","+61 41 52.1",6.02,"B5III",11857
9222,"01 58 33.50","+49 12 15.3",5.7,"K0IV",11949
9236,"01 58 45.87","-61 34 11.7",2.86,"F0V",12311
9237,"01 58 45.95","-11 18 02.7",6.46,"G5",12116
9242,"01 58 50.20","+73 09 09.1",6.87,"G5",11755
9248,"01 58 54.45","+18 21 29.3",6.79,"G5",12082
9258,"01 59 00.66","-22 55 11.6",6.62,"A7/8V + G",12180
9285,"01 59 19.54","-26 25 56.2",6.79,"A0V",12206
9295,"01 59 25.88","+12 17 41.8",6.09,"A6V",12140
9296,"01 59 26.08","-40 43 37.7",6.93,"G8III",12268
9300,"01 59 31.02","-13 52 20.9",6.8,"M2III",12204
9307,"01 59 35.60","+21 03 31.0",5.89,"K0III-IV",12139
9312,"01 59 37.99","+64 37 17.9",5.29,"A0Vn",11946
9313,"01 59 38.85","-42 01 49.0",5.57,"K1III",12296
9318,"01 59 41.08","-66 03 59.7",6.09,"K2III",12477
9326,"01 59 46.19","-20 49 28.5",5.43,"M0/M1III",12255
9343,"01 59 58.37","+06 02 07.9",6.75,"G5",12203
9347,"02 00 00.22","-21 04 40.0",3.99,"K5/M0III",12274
9353,"02 00 09.02","+03 05 51.5",5.89,"G2IV",12235
9358,"02 00 14.83","-03 22 05.8",6.89,"A0",12262
9359,"02 00 15.00","+44 25 12.4",6.87,"G5",12131
9362,"02 00 16.83","-55 00 46.1",6.51,"K0II/IIICN.",12431
9372,"02 00 26.77","-08 31 25.8",5.43,"M3III",12292
9403,"02 00 48.43","+59 57 33.8",6.72,"A3IV",12112
9406,"02 00 49.41","-08 28 17.7",6.92,"G5",12328
9414,"02 00 56.73","-78 52 12.6",6.84,"F8/G0V",12951
9438,"02 01 13.63","+41 12 44.5",6.85,"K0",12245
9440,"02 01 14.80","-30 00 05.6",5.34,"G8III",12438
9452,"02 01 33.44","+23 23 43.6",6.61,"F0",12354
9459,"02 01 42.40","-44 42 48.2",5.15,"K5III",12524
9469,"02 01 50.11","-63 37 21.9",6.88,"F8IV",12680
9470,"02 01 50.41","+15 04 01.5",6.54,"K0",12390
9472,"02 01 52.32","-74 26 44.5",6.8,"M5III",12853
9480,"02 01 57.55","+70 54 25.4",4.49,"A3IV",12111
9487,"02 02 02.80","+02 45 49.5",3.82,"A2",12446
9493,"02 02 07.87","+28 24 00.8",6.57,"K1III",12402
9494,"02 02 09.27","+75 30 07.9",6.64,"A0",12013
9505,"02 02 18.07","+54 29 15.2",4.99,"B8III",12303
9517,"02 02 24.93","+12 41 06.7",6.87,"K0",12456
9521,"02 02 28.27","-29 39 56.4",6.4,"A3III",12563
9533,"02 02 35.08","+13 28 36.2",5.97,"M2III",12479
9534,"02 02 35.26","-21 57 56.8",6.97,"B6V",12561
9540,"02 02 37.79","-70 25 10.4",6.89,"K2III",12851
9562,"02 02 51.76","-23 53 11.6",6.3,"K2III",12596
9563,"02 02 52.25","-02 22 39.8",6.91,"A3",12538
9564,"02 02 52.49","+64 54 05.4",6.0,"A1Vn",12279
9568,"02 02 57.04","+77 54 58.6",6.04,"K0",12005
9569,"02 02 57.57","+11 01 07.5",6.53,"K0",12512
9570,"02 02 57.97","+33 17 02.9",5.5,"A2V",12471
9572,"02 02 58.55","-15 18 21.4",5.87,"K0II/III",12583
9573,"02 03 00.19","+64 23 24.1",5.59,"B8Ib",12301
9576,"02 03 01.60","+03 21 29.8",6.88,"G0",12536
9586,"02 03 10.51","+73 51 02.0",6.12,"A5III",12173
9589,"02 03 11.61","+00 07 42.4",5.42,"A5III",12573
9598,"02 03 26.19","+72 25 16.5",3.95,"A2V",12216
9621,"02 03 39.26","+25 56 07.6",5.64,"F8IV",12558
9622,"02 03 40.48","-04 06 12.1",5.61,"K5Iab:",12642
9627,"02 03 42.61","+18 15 11.8",6.24,"K4III",12594
9631,"02 03 48.12","-00 20 24.5",5.96,"G5V...",12641
9640,"02 03 53.92","+42 19 47.5",2.1,"B8V",12533
9655,"02 04 12.44","-11 51 35.1",6.43,"K4III",12702
9656,"02 04 13.14","+51 58 04.2",6.66,"B8",12518
9677,"02 04 29.43","-29 17 48.6",4.68,"B9.5p (Si)",12767
9685,"02 04 35.04","-54 52 53.9",6.45,"F2V",12894
9690,"02 04 39.87","+65 06 12.8",6.52,"A0V",12468
9706,"02 04 50.99","+07 44 08.4",6.44,"K0",12730
9723,"02 05 03.80","+55 37 20.5",6.53,"F0",12591
9727,"02 05 07.05","+77 16 53.2",5.27,"F0Vn",12230
9754,"02 05 26.86","+50 38 35.8",6.99,"F5",12675
9763,"02 05 31.58","+76 06 54.4",5.22,"G8III",12339
9785,"02 05 48.43","+07 01 42.2",6.79,"F0",12814
9800,"02 06 01.72","+41 31 58.5",6.86,"A5",12751
9807,"02 06 10.70","-10 16 34.1",6.74,"F0",12901
9809,"02 06 12.27","+08 14 53.3",6.27,"M4",12872
9819,"02 06 20.17","-15 26 46.3",6.96,"K2/K3III",12944
9827,"02 06 29.27","+00 02 07.3",6.29,"K0",12923
9829,"02 06 30.24","+24 20 03.7",6.89,"G2V",12846
9836,"02 06 33.91","+22 38 54.3",5.03,"A2m",12869
9858,"02 06 49.15","+29 16 09.9",6.75,"A2",12884
9859,"02 06 49.22","+25 42 16.5",6.01,"B9IV-Vn",12885
9862,"02 06 51.96","-19 08 19.6",6.39,"K1III",13004
9870,"02 06 58.92","-65 56 44.6",6.71,"G8III",13263
9875,"02 07 02.51","-08 36 22.7",6.64,"G5",12998
9884,"02 07 10.29","+23 27 46.0",2.01,"K2III",12929
9911,"02 07 34.42","-00 36 59.7",6.88,"G2V",13043
9924,"02 07 45.98","+18 01 45.9",6.63,"A3",13018
9926,"02 07 47.22","+05 59 05.6",6.99,"K5",13042
9951,"02 08 05.70","-41 52 49.4",6.5,"A4V",13218
9966,"02 08 19.74","-10 02 28.9",6.98,"A3",13141
9977,"02 08 29.15","+37 51 33.1",4.78,"A5IV-V",13041
9981,"02 08 31.79","-06 40 40.9",6.51,"G5",13155
9983,"02 08 33.55","+44 27 34.4",6.38,"G8III",13013
9990,"02 08 40.58","+58 25 25.0",5.66,"A1Ia",12953
9999,"02 08 45.67","-17 46 44.8",6.07,"M1III",13215
10031,"02 09 07.69","+71 33 09.3",6.57,"F8",12800
10035,"02 09 09.33","-43 30 59.3",5.84,"K1III",13336
10047,"02 09 22.28","+05 59 10.0",6.97,"F0",13227
10050,"02 09 23.03","+17 13 28.7",6.4,"F5V",13201
10053,"02 09 25.29","+25 56 23.9",4.98,"F2III",13174
10054,"02 09 25.44","+81 17 45.3",6.05,"A1V",12467
10064,"02 09 32.52","+34 59 14.6",3.0,"A5III",13161
10069,"02 09 34.82","-24 20 44.5",6.48,"F0IV/V",13305
10091,"02 09 45.11","-51 43 51.6",6.93,"K1III/IV",13424
10096,"02 09 48.43","-40 51 59.2",6.49,"F3V",13387
10099,"02 09 51.34","+03 46 09.7",6.79,"A2",13285
10111,"02 10 04.77","-43 48 56.0",6.32,"G8III",13423
10115,"02 10 07.73","+53 50 35.5",6.31,"G8III",13137
10137,"02 10 23.93","-76 37 25.4",6.66,"F0II/III",13928
10138,"02 10 24.00","-50 49 31.1",6.12,"K0V",13445
10141,"02 10 25.46","+59 58 47.8",6.66,"F5II",13122
10144,"02 10 29.83","+81 28 55.3",6.84,"A3",12543
10155,"02 10 37.54","+19 30 01.5",5.68,"M3III",13325
10176,"02 10 52.83","+39 02 22.5",6.09,"B9V",13294
10179,"02 10 53.40","-75 57 31.8",6.89,"K2III",13951
10180,"02 10 53.67","+39 02 36.0",6.82,"A1Vn",13295
10194,"02 11 04.09","-15 04 14.8",6.74,"A2IV/V",13442
10203,"02 11 12.06","+25 56 13.0",6.01,"K4III",13363
10212,"02 11 21.16","+08 34 12.3",5.64,"G0IV",13421
10215,"02 11 22.24","-10 03 06.3",6.0,"F5V",13456
10220,"02 11 25.00","+31 31 35.1",6.24,"A1m",13372
10227,"02 11 29.19","+57 38 44.0",6.38,"B5Ia",13267
10232,"02 11 32.32","-18 58 36.2",6.65,"G8III",13523
10233,"02 11 33.47","-17 44 34.8",6.51,"M1/M2III",13511
10234,"02 11 35.84","-01 49 31.3",5.94,"G9III:",13468
10242,"02 11 43.41","+03 27 09.8",6.67,"A5",13467
10254,"02 11 54.32","-47 10 12.9",6.82,"K2/K3III",13666
10273,"02 12 15.76","+02 44 43.9",6.49,"G5",13546
10280,"02 12 22.32","+30 18 11.6",4.94,"F5V comp SB",13480
10296,"02 12 37.51","+24 10 04.1",5.96,"K0",13522
10305,"02 12 47.32","-02 23 36.5",5.65,"F8V",13612
10306,"02 12 47.98","+21 12 39.5",5.23,"F5V",13555
10309,"02 12 49.98","+79 41 29.3",6.46,"A3",12927
10320,"02 12 54.46","-30 43 25.8",5.27,"A0V",13709
10324,"02 13 00.01","+08 50 48.3",4.36,"G8II:",13611
10326,"02 13 00.95","-21 00 00.9",5.86,"K0III",13692
10328,"02 13 03.25","+15 16 47.7",5.72,"M0III",13596
10340,"02 13 13.34","+44 13 54.1",4.84,"K4III",13520
10350,"02 13 21.05","+74 01 40.1",6.25,"G8III",13222
10356,"02 13 29.73","+05 00 46.2",6.51,"F0",13683
10361,"02 13 33.51","+53 03 30.9",6.5,"K5",13519
10366,"02 13 36.02","+51 03 58.4",5.31,"G8III:var",13530
10379,"02 13 41.61","+58 33 38.1",6.43,"A3Iab",13476
10390,"02 13 51.70","+19 36 52.0",6.88,"K0",13682
10396,"02 13 53.55","-09 03 52.8",6.43,"K0",13763
10403,"02 14 02.53","+47 29 03.8",6.05,"F5V",13594
10418,"02 14 14.50","-67 50 29.6",5.57,"M1III",14141
10422,"02 14 18.93","-76 21 27.3",6.57,"K2III+...",14401
10438,"02 14 29.10","+66 31 28.0",6.05,"B9V+...",13474
10440,"02 14 31.96","-41 10 00.1",5.91,"G9III",13940
10446,"02 14 37.88","+28 41 29.1",6.35,"K1III",13747
10456,"02 14 46.34","+46 41 15.1",6.9,"B8",13679
10462,"02 14 52.51","+48 46 56.7",6.74,"G5",13690
10479,"02 15 07.70","+55 05 17.5",6.81,"K0",13678
10482,"02 15 09.60","+00 43 12.7",6.76,"A2",13885
10505,"02 15 24.12","+24 16 18.4",6.8,"G8IV",13825
10507,"02 15 25.18","-41 04 08.5",6.99,"M1/M2III",14057
10512,"02 15 28.32","-09 27 59.5",6.55,"A0V",13936
10513,"02 15 28.56","-67 44 46.8",5.67,"K2III",14287
10514,"02 15 28.69","+52 30 40.0",6.96,"K2",13738
10535,"02 15 42.83","+25 02 35.7",5.57,"F6V",13872
10540,"02 15 45.94","+25 46 59.2",5.79,"F6IV-V",13871
10559,"02 15 56.30","+33 21 32.3",5.25,"A0V",13869
10562,"02 15 57.69","+47 48 43.4",6.37,"G9III-IV",13818
10584,"02 16 15.71","-09 49 16.1",6.91,"G0",14044
10602,"02 16 30.50","-51 30 43.6",3.56,"B8IV-V",14228
10623,"02 16 45.27","+83 33 41.5",6.45,"K0",12918
10633,"02 16 51.72","+57 03 18.9",6.48,"B1Iab",13854
10642,"02 16 58.99","-06 25 18.7",5.51,"G8III",14129
10644,"02 17 02.42","+34 13 29.4",4.84,"G0V",13974
10657,"02 17 10.46","+23 46 04.6",6.53,"G9III",14067
10670,"02 17 18.84","+33 50 50.4",4.03,"A1Vnn",14055
10673,"02 17 19.76","-35 58 59.1",6.7,"K0III",14247
10680,"02 17 25.23","+28 44 42.8",6.99,"F5V",14082
10714,"02 17 57.32","+29 00 26.2",6.68,"M0III",14146
10718,"02 17 59.82","+57 53 59.3",5.75,"K3III",13982
10721,"02 18 00.73","+42 54 04.4",6.89,"G5",14095
10723,"02 18 01.23","+01 45 24.8",5.6,"G0.5IV",14214
10729,"02 18 04.60","+57 30 58.8",5.99,"G7III",13994
10732,"02 18 07.55","+19 54 04.2",5.58,"A1Vn",14191
10776,"02 18 41.56","+08 10 50.5",6.84,"K0",14279
10784,"02 18 52.05","+12 59 31.9",6.88,"G5",14278
10787,"02 18 53.86","-19 32 04.4",6.87,"K5III",14376
10793,"02 18 56.99","+28 38 33.6",5.29,"A2V",14252
10795,"02 18 57.96","+23 10 04.2",6.45,"A7V",14262
10798,"02 18 58.65","-25 56 48.4",6.33,"G8V",14412
10800,"02 18 59.75","+85 44 09.4",6.98,"G5",12648
10805,"02 19 04.45","+57 08 07.8",6.57,"B3Ia",14134
10810,"02 19 08.73","+19 41 16.8",6.82,"F8",14305
10814,"02 19 10.84","+46 28 20.2",6.21,"A4V",14213
10816,"02 19 13.94","+57 10 09.2",6.65,"B2Ia",14143
10819,"02 19 16.85","+47 22 48.0",5.31,"A1V",14212
10826,"02 19 20.79","-02 58 37.4",6.47,"M5e-M9e",14386
10830,"02 19 22.77","+48 57 19.0",6.44,"F4V",14221
10832,"02 19 24.76","-41 50 54.4",6.36,"K2III",14509
10848,"02 19 37.26","+39 50 05.9",6.63,"B8V",14272
10854,"02 19 40.76","-04 20 44.1",6.5,"A3V",14417
10856,"02 19 44.49","+60 01 46.4",6.94,"A2V",14172
10871,"02 19 54.25","-55 56 41.4",5.81,"K5III",14641
10884,"02 20 04.44","+30 11 17.4",6.51,"K0",14373
10890,"02 20 08.95","+50 57 29.5",6.64,"F5",14304
10893,"02 20 12.88","+64 20 13.0",6.59,"B9.5V",14171
10907,"02 20 22.89","-56 47 02.7",6.69,"K0III",14703
10924,"02 20 41.50","+47 18 39.0",6.17,"B5V",14372
10926,"02 20 42.92","+55 54 32.7",6.76,"B8Ib",14322
10944,"02 20 58.17","+50 09 05.5",5.57,"B9p Si",14392
10961,"02 21 12.92","+54 30 36.3",6.86,"F5",14384
10963,"02 21 13.77","-19 54 55.2",6.53,"K0III",14628
11001,"02 21 45.02","-68 39 33.9",4.08,"A3V",15008
11020,"02 21 55.44","+57 14 34.5",6.4,"A1Ia",14433
11021,"02 21 56.64","+00 23 44.5",5.29,"M2III",14652
11029,"02 22 01.44","-10 46 38.4",5.43,"F0V",14691
11033,"02 22 04.98","-17 39 43.3",5.89,"K2III",14728
11035,"02 22 06.63","+22 52 24.9",6.57,"G2IV",14595
11043,"02 22 11.70","-43 11 59.7",6.3,"K0III",14832
11046,"02 22 12.41","-00 53 05.1",5.42,"F0Vn",14690
11060,"02 22 21.43","+55 50 44.4",5.16,"A2Ia",14489
11072,"02 22 32.42","-23 48 58.7",5.19,"G2V",14802
11075,"02 22 33.17","+16 52 13.1",6.78,"A2V",14688
11090,"02 22 50.36","+41 23 47.5",5.81,"F0III-IV",14622
11095,"02 22 52.47","-73 38 45.0",5.99,"K0III",15248
11102,"02 22 54.65","-51 05 32.2",5.9,"A5V",14943
11108,"02 22 57.55","-18 21 16.8",6.22,"G8/K0III",14830
11115,"02 23 00.43","+57 23 13.2",6.99,"B8Ia",14542
11121,"02 23 06.60","-37 34 33.8",6.47,"K2III",14890
11131,"02 23 14.59","-29 52 08.7",6.96,"G1V",14882
11138,"02 23 20.13","+52 04 59.3",6.64,"A5V",14619
11143,"02 23 23.33","-26 59 42.9",6.8,"K2III",14880
11153,"02 23 28.78","+35 26 27.9",6.75,"G5",14735
11174,"02 23 51.75","+55 21 53.5",6.29,"F7Ib",14662
11185,"02 24 02.76","+42 06 08.3",6.72,"K0",14771
11192,"02 24 09.58","-16 15 15.6",6.68,"F0IV/V",14940
11212,"02 24 20.10","-25 50 51.0",6.45,"K3III",14988
11220,"02 24 24.89","+50 00 23.9",5.19,"G8III",14770
11222,"02 24 26.14","-37 21 40.7",6.93,"F5V",15048
11228,"02 24 30.49","+09 42 48.1",6.93,"K0",14903
11231,"02 24 33.71","-40 50 26.6",6.17,"G5IV",15064
11249,"02 24 49.04","+10 36 38.2",5.48,"B7IV",14951
11258,"02 24 53.99","-60 18 41.9",5.36,"F2III",15233
11260,"02 24 56.29","-03 53 33.6",6.89,"K0",15005
11261,"02 24 58.39","-02 46 48.1",6.34,"A0III",15004
11279,"02 25 16.03","+56 36 35.4",6.25,"B2Ia",14818
11293,"02 25 26.48","-66 29 38.5",6.39,"M5III",15379
11296,"02 25 26.67","+35 02 30.9",6.85,"G5",14935
11313,"02 25 37.40","+50 16 43.2",4.73,"K4III",14872
11345,"02 25 57.01","-12 17 25.6",4.88,"A0V",15130
11348,"02 26 00.38","-15 20 28.0",5.88,"Ap SrCrEu",15144
11360,"02 26 16.19","+06 17 33.6",6.79,"F2",15115
11380,"02 26 33.60","+59 39 32.3",6.97,"K0III-IV",14914
11381,"02 26 35.16","-20 02 34.3",5.89,"K2III",15220
11390,"02 26 45.63","+10 33 55.2",6.7,"F0IV",15165
11405,"02 26 58.02","+26 02 27.5",6.99,"F5",15141
11407,"02 26 59.10","-47 42 13.8",4.24,"B5IV",15371
11415,"02 27 07.26","+27 00 45.3",6.14,"K5III",15152
11427,"02 27 23.56","+10 11 55.7",6.45,"F5V",15228
11432,"02 27 27.79","+31 48 04.9",5.55,"K1III:",15176
11465,"02 27 51.75","+50 34 12.7",6.16,"F4V",15138
11474,"02 27 59.93","+01 57 39.2",6.45,"K0III",15328
11477,"02 28 01.69","-33 48 39.8",5.13,"A2/A3V",15427
11479,"02 28 04.34","-64 17 59.2",6.35,"A0V",15646
11484,"02 28 09.52","+08 27 36.3",4.3,"B9III",15318
11486,"02 28 09.99","+29 40 10.3",5.29,"F0III",15257
11488,"02 28 10.70","-50 18 10.0",6.96,"K1III",15520
11524,"02 28 35.46","-31 06 08.6",6.11,"K2IIICN...",15471
11548,"02 28 48.54","+29 55 53.7",5.89,"G0V",15335
11569,"02 29 03.99","+67 24 08.6",4.46,"A5p Sr",15089
11573,"02 29 07.46","+37 19 47.2",6.78,"A5",15333
11578,"02 29 13.63","+23 28 08.7",6.2,"A5m",15385
11593,"02 29 24.93","+55 32 10.4",6.52,"A2psh",15253
11602,"02 29 35.26","+09 00 22.7",6.95,"A5",15466
11603,"02 29 35.36","+09 33 56.2",6.09,"K2III",15453
11611,"02 29 46.10","+46 01 55.2",6.71,"G5",15365
11622,"02 29 55.31","-22 40 59.5",6.76,"A6III",15588
11623,"02 29 55.82","+39 08 13.6",6.78,"K0",15420
11644,"02 30 13.67","-25 11 11.5",6.5,"DAn...",15634
11648,"02 30 15.52","-57 48 34.2",6.76,"M4/M5III",15793
11651,"02 30 16.56","+33 50 01.8",6.26,"K1III",15464
11670,"02 30 32.31","+25 14 06.8",5.88,"F6IV",15524
11671,"02 30 32.79","-22 32 42.9",6.17,"M0III",15652
11678,"02 30 38.37","+19 51 19.4",6.14,"A9V",15550
11682,"02 30 40.73","+40 10 03.6",6.82,"K2",15473
11687,"02 30 45.23","+00 15 21.2",6.0,"A7III-IVs",15633
11696,"02 30 50.57","+55 32 55.1",6.97,"F3V",15407
11698,"02 30 54.38","+17 42 14.6",6.21,"G5III-IV",15596
11733,"02 31 27.04","+58 01 29.3",6.61,"K2III",15449
11738,"02 31 30.08","+02 16 01.9",5.27,"K3III",15694
11757,"02 31 40.12","-79 06 33.3",5.27,"G4III",16522
11767,"02 31 47.08","+89 15 50.9",1.97,"F7:Ib-IIv SB",8890
11783,"02 32 05.28","-15 14 39.6",4.74,"F5V",15798
11784,"02 32 06.14","+36 08 50.0",5.15,"K5III",15656
11791,"02 32 09.44","-01 02 05.3",5.36,"G3III:",15779
11794,"02 32 11.33","-32 36 22.8",6.59,"K1III",15875
11796,"02 32 11.88","+55 27 29.5",6.76,"F2",15559
11802,"02 32 14.72","-36 25 38.4",6.28,"K0III",15889
11812,"02 32 22.31","+40 16 21.0",6.84,"A0",15683
11840,"02 32 52.66","+34 32 32.8",5.84,"K0III",15755
11843,"02 32 54.15","+15 02 04.1",6.0,"F8V",15814
11867,"02 33 07.04","-34 38 59.7",5.91,"K0/K1III",15975
11886,"02 33 16.32","-75 53 36.9",6.86,"F5V",16493
11889,"02 33 18.90","+52 18 32.3",6.66,"A2",15703
11900,"02 33 33.56","-62 35 12.3",6.79,"B9V",16226
11904,"02 33 36.48","+18 52 48.0",6.82,"A5",15869
11907,"02 33 40.25","-20 00 06.2",6.19,"K1III",15996
11909,"02 33 43.58","-72 20 56.7",6.84,"F8V",16427
11918,"02 33 50.71","-28 13 56.4",4.96,"B9V",16046
11919,"02 33 51.24","-60 58 57.9",6.73,"F5V",16241
11925,"02 33 54.62","-51 05 36.6",6.24,"F6V",16170
11927,"02 33 55.37","-12 20 13.4",6.89,"F3IV/V",15995
11930,"02 33 58.35","+71 17 39.9",6.55,"K0",15533
11932,"02 33 58.64","+59 12 43.8",6.98,"K1III",15728
11947,"02 34 08.30","+38 44 06.2",6.69,"K0",15865
11956,"02 34 14.21","+33 47 34.2",6.7,"K0",15895
11971,"02 34 25.92","+11 36 17.6",6.98,"A0",15983
11978,"02 34 30.52","+76 43 05.8",6.75,"M0",15417
11997,"02 34 40.29","+50 03 56.8",6.98,"B9",15863
12002,"02 34 42.59","-07 51 33.4",5.74,"K4III",16074
12022,"02 35 04.14","+07 28 16.7",6.17,"G6III:",16060
12030,"02 35 07.44","+66 02 57.8",6.93,"K0",15769
12048,"02 35 20.02","-03 33 34.3",6.83,"G5IV",16141
12057,"02 35 27.89","+39 39 52.1",6.36,"B9MNp...",16004
12060,"02 35 31.50","-50 51 12.1",6.96,"G8III",16346
12070,"02 35 38.44","-14 56 41.9",6.84,"K0/K1III",16202
12072,"02 35 38.74","+37 18 44.2",5.72,"K4III",16028
12083,"02 35 43.78","+68 22 04.1",6.64,"F4II",15784
12086,"02 35 46.80","+34 41 15.7",5.38,"M3III",16058
12091,"02 35 50.12","+34 43 31.4",6.73,"A5",16070
12093,"02 35 52.49","+05 35 35.9",4.87,"G8III",16161
12102,"02 35 56.74","-17 37 57.6",6.93,"G3V",16252
12107,"02 36 00.07","-07 49 53.2",5.53,"M0III",16212
12114,"02 36 03.83","+06 53 00.1",5.79,"K3V",16160
12122,"02 36 09.28","-30 02 41.9",5.74,"G8/K0III",16307
12146,"02 36 33.97","-14 39 24.0",6.91,"K0III",16295
12148,"02 36 35.10","+07 43 48.3",5.81,"K0III:",16247
12151,"02 36 36.16","+42 24 02.1",6.8,"B8",16108
12153,"02 36 37.75","+12 26 52.2",5.64,"F7V",16234
12160,"02 36 43.05","+31 36 27.6",6.07,"K0",16187
12170,"02 36 50.19","-20 07 18.6",6.83,"K0III",16356
12181,"02 36 57.08","+38 44 02.3",5.91,"F5V",16176
12186,"02 36 58.62","-34 34 38.4",5.78,"G1V",16417
12189,"02 37 00.44","+24 38 50.1",6.48,"F6III",16246
12193,"02 37 02.32","+34 15 51.4",6.78,"M4IIIe-M8e",16210
12200,"02 37 06.51","+32 53 27.7",6.23,"F8V",16220
12218,"02 37 20.83","+39 53 46.1",6.54,"B5V",16219
12225,"02 37 24.26","-52 32 35.1",5.3,"A6V",16555
12232,"02 37 27.92","+83 50 04.3",6.67,"K0",15036
12238,"02 37 34.35","+20 34 29.8",6.92,"G5",16302
12239,"02 37 36.01","+65 44 43.3",5.8,"K5III",16024
12247,"02 37 41.78","-03 23 45.8",5.65,"G5III:",16400
12250,"02 37 44.42","-22 59 31.2",6.77,"K0III",16446
12269,"02 37 58.54","-67 18 03.2",6.91,"G8III",16777
12272,"02 38 00.70","+07 41 43.4",6.4,"F6IV",16399
12273,"02 38 02.09","+72 49 05.6",5.17,"G8III",15920
12287,"02 38 17.86","+37 43 36.6",6.19,"F6III",16327
12288,"02 38 18.60","-30 11 38.0",5.84,"F5V",16538
12300,"02 38 24.75","-37 59 25.4",6.48,"F6V",16589
12305,"02 38 27.94","+38 05 21.0",6.29,"B9.5V",16350
12313,"02 38 33.43","-20 27 22.1",6.71,"K4/K5III",16526
12318,"02 38 36.78","+03 26 35.5",6.21,"G9III",16467
12328,"02 38 45.89","+33 25 08.8",6.9,"K2III...",16396
12332,"02 38 49.00","+21 57 41.2",5.45,"A7V",16432
12338,"02 38 53.20","-70 40 47.5",6.7,"K4III",16940
12346,"02 38 58.29","+62 35 29.6",6.66,"B9",16218
12350,"02 39 00.65","-08 55 39.9",6.98,"G0",16548
12354,"02 39 03.42","+10 38 13.9",6.68,"K0",16499
12361,"02 39 07.49","-52 56 05.7",6.78,"F0/F2III/IV",16743
12363,"02 39 08.95","-09 49 52.1",6.65,"G5",16569
12387,"02 39 28.95","+00 19 42.7",4.08,"B2IV",16582
12389,"02 39 31.70","-64 16 54.4",6.55,"B8V",16891
12390,"02 39 33.73","-11 52 17.7",4.83,"F5V",16620
12394,"02 39 35.22","-68 16 01.0",4.12,"B9III",16978
12413,"02 39 47.92","-42 53 29.9",4.74,"A2V",16754
12435,"02 40 02.48","-30 38 00.7",6.52,"K0III",16733
12444,"02 40 12.50","-09 27 09.7",5.79,"F6V",16673
12447,"02 40 15.66","+06 06 43.0",6.26,"F3V:",16647
12453,"02 40 20.93","+49 33 37.0",6.6,"B9V",16485
12460,"02 40 26.54","-14 26 57.0",6.71,"A7IV",16723
12484,"02 40 39.58","-54 32 59.7",5.21,"F4IV",16920
12486,"02 40 39.93","-39 51 19.1",4.11,"K0III",16815
12485,"02 40 39.99","-69 13 58.7",6.58,"G2w...",17072
12489,"02 40 41.03","+27 03 39.6",5.3,"A3V",16628
12530,"02 41 13.87","-00 41 43.3",5.72,"F7IV",16765
12540,"02 41 21.61","+04 25 40.5",6.99,"A0",16763
12555,"02 41 30.26","+00 32 45.8",6.69,"G5",16786
12562,"02 41 34.13","-14 32 57.9",5.98,"F5V",16825
12584,"02 41 48.33","-03 12 49.6",6.07,"G9III:",16824
12599,"02 42 00.11","+10 32 41.6",6.52,"K0",16802
12600,"02 42 00.68","+30 56 09.2",6.81,"K0IV",16761
12608,"02 42 06.59","-38 23 01.4",5.99,"G8III",16975
12611,"02 42 08.44","-46 31 27.2",6.09,"G8IV",17006
12623,"02 42 14.93","+40 11 39.8",4.91,"F9V",16739
12628,"02 42 18.46","+34 17 40.9",6.94,"G5",16773
12640,"02 42 21.92","+20 00 41.7",5.74,"A0V",16811
12647,"02 42 28.95","+10 44 30.4",6.32,"A2V",16861
12653,"02 42 33.16","-50 48 03.0",5.4,"G3IV",17051
12675,"02 42 50.49","-28 09 04.7",6.79,"G0II",17005
12686,"02 42 59.47","+53 31 34.3",5.85,"K0II-III",16735
12690,"02 43 01.85","+48 15 54.9",6.3,"G5",16780
12692,"02 43 02.80","+55 06 21.9",5.76,"B7IIIp...",16727
12706,"02 43 18.12","+03 14 10.2",3.47,"A3V",16970
12708,"02 43 20.22","-40 31 40.6",6.35,"B9V",17098
12715,"02 43 24.57","-69 09 36.1",6.66,"G8III",17374
12717,"02 43 26.47","-66 42 50.6",6.23,"F5V",17326
12719,"02 43 27.11","+27 42 25.8",4.65,"B3V",16908
12720,"02 43 28.90","-02 31 53.4",6.48,"K0",17001
12725,"02 43 35.31","+43 32 16.9",6.77,"A2",16855
12732,"02 43 39.70","-33 02 44.0",6.85,"G8III",17083
12744,"02 43 51.25","+25 38 18.0",6.35,"A3V",16955
12754,"02 43 55.55","-07 54 44.4",6.54,"K0",17039
12768,"02 44 05.16","+44 17 49.4",5.43,"G0Ib",16901
12770,"02 44 07.35","-13 51 31.2",4.24,"B7IV",17081
12775,"02 44 10.60","-52 34 14.0",6.15,"A2V",17254
12777,"02 44 11.69","+49 13 43.2",4.1,"F7V",16895
12780,"02 44 14.51","-25 29 43.9",6.96,"G3V",17134
12784,"02 44 19.09","+17 45 50.5",6.4,"K2III",17017
12786,"02 44 20.52","-32 31 28.8",6.21,"A1V",17168
12803,"02 44 32.97","+15 18 42.8",5.78,"B9Vn",17036
12804,"02 44 33.05","+46 50 30.2",6.9,"F5",16933
12821,"02 44 49.67","+67 49 29.0",5.95,"A5III",16769
12828,"02 44 56.37","+10 06 51.2",4.27,"F1III-IV",17094
12832,"02 44 57.51","+12 26 45.5",5.17,"A7III-IV",17093
12843,"02 45 05.98","-18 34 21.5",4.47,"F5/F6V",17206
12855,"02 45 16.67","-46 17 13.1",6.84,"K2III",17325
12862,"02 45 20.87","+04 42 42.2",6.04,"F0III:",17163
12871,"02 45 27.45","-63 42 16.3",5.73,"G8III/IV",17504
12876,"02 45 32.53","-67 37 00.2",4.83,"A2IV/V",17566
12879,"02 45 32.95","-42 50 18.7",6.86,"K0III",17324
12884,"02 45 36.86","-71 14 09.4",6.67,"F6V",17653
12964,"02 46 45.06","-21 38 22.4",6.48,"F3IV/V",17390
12982,"02 46 58.28","+35 59 00.7",6.27,"G8III",17228
12990,"02 47 03.60","+35 33 17.3",6.28,"A9V",17240
13004,"02 47 09.68","+60 34 14.7",6.51,"F0V",17086
13008,"02 47 11.14","-22 29 08.4",6.47,"F2V",17438
13027,"02 47 27.35","+19 22 20.0",6.9,"G0",17332
13028,"02 47 27.71","+37 47 28.0",6.9,"K0",17269
13036,"02 47 31.15","+44 16 20.0",6.45,"F5",17245
13040,"02 47 33.78","-35 33 01.9",6.51,"K0/K1III",17528
13055,"02 47 47.63","+81 26 55.2",5.8,"G8p...",16458
13061,"02 47 54.44","+29 14 50.7",4.52,"K1III",17361
13063,"02 47 55.32","+55 36 49.0",6.92,"A0",17217
13064,"02 47 55.92","-12 27 37.9",6.63,"M5III",17491
13069,"02 47 59.41","+15 30 29.1",6.67,"K0",17414
13085,"02 48 13.19","-03 37 09.0",6.85,"A0",17490
13106,"02 48 30.96","-33 46 58.7",6.8,"K0III",17610
13108,"02 48 32.06","+18 17 01.9",5.83,"K1III",17459
13112,"02 48 37.98","-37 24 04.1",6.66,"F3/F5IV:",17627
13118,"02 48 43.58","+31 06 56.2",6.94,"K0",17433
13119,"02 48 44.43","-73 50 29.6",6.94,"M1III",18050
13121,"02 48 45.87","+25 11 17.1",5.89,"A0V",17471
13133,"02 48 55.51","+69 38 03.1",6.26,"A3V",17138
13139,"02 48 59.10","-45 05 23.9",6.78,"K0III",17715
13141,"02 49 01.37","-62 48 23.7",5.25,"A2V",17848
13143,"02 49 02.60","-04 13 29.3",6.91,"K5",17559
13147,"02 49 05.36","-32 24 22.6",4.45,"G8III",17652
13155,"02 49 10.67","+47 13 04.8",6.66,"K0",17412
13160,"02 49 14.30","+57 01 59.8",6.86,"G9II",17346
13165,"02 49 17.56","+17 27 51.6",5.26,"B6V",17543
13176,"02 49 26.93","+37 19 35.1",6.45,"F6III-IV",17484
13178,"02 49 30.74","+57 05 03.6",6.25,"A5Ia",17378
13183,"02 49 37.88","+00 55 15.7",6.82,"K2V",17616
13197,"02 49 50.99","-24 33 36.0",6.14,"K0III",17713
13202,"02 49 54.15","-27 56 31.3",5.39,"A1V",17729
13209,"02 49 58.99","+27 15 38.8",3.61,"B8Vn",17573
13210,"02 50 00.31","+30 31 34.8",6.72,"F0",17572
13225,"02 50 14.75","-35 50 37.3",5.92,"K0III",17793
13241,"02 50 26.01","+31 58 22.8",6.58,"A0",17606
13244,"02 50 28.54","-75 04 00.8",4.76,"K3III",18293
13254,"02 50 34.91","+38 19 08.1",4.22,"F2III",17584
13257,"02 50 35.30","+36 56 55.1",6.44,"G0",17605
13265,"02 50 40.40","-35 40 32.6",5.48,"K2III",17829
13268,"02 50 41.79","+55 53 43.9",3.77,"K3Ib comp SB",17506
13269,"02 50 42.49","+19 09 38.3",6.63,"F8",17659
13271,"02 50 47.77","-39 55 55.9",6.36,"A0V",17864
13274,"02 50 52.20","-67 31 20.6",6.57,"K0III",18121
13275,"02 50 52.78","+35 23 38.1",6.51,"K2",17624
13288,"02 51 02.35","-21 00 14.3",4.76,"K0III",17824
13327,"02 51 29.57","+15 04 55.7",5.52,"B7V",17769
13328,"02 51 30.83","+35 03 35.6",4.56,"K5III",17709
13333,"02 51 35.95","-63 32 26.2",6.58,"K2/K3IIICN.",18120
13339,"02 51 41.75","+46 50 31.2",5.86,"G8III",17656
13347,"02 51 45.92","+58 18 51.5",6.46,"A1m",17581
13351,"02 51 47.38","+53 01 54.6",6.91,"K2",17622
13360,"02 51 52.88","+44 53 39.3",6.56,"K0",17689
13363,"02 51 56.16","-30 48 53.2",6.38,"F6V",17926
13367,"02 51 58.75","+68 53 18.7",5.94,"F5:Ib-II",17463
13378,"02 52 11.30","+37 05 38.9",6.93,"K0",17758
13387,"02 52 18.95","-62 54 34.6",6.03,"K1III",18185
13393,"02 52 22.48","+42 01 15.5",6.84,"K0",17756
13394,"02 52 22.58","+63 24 36.2",6.78,"G0",17591
13402,"02 52 31.89","-12 46 09.3",6.05,"K1V",17925
13414,"02 52 43.54","-41 23 31.2",6.67,"A4V",18055
13421,"02 52 50.67","-09 26 28.8",6.31,"A7IV",17943
13424,"02 52 52.03","+52 59 50.6",6.35,"B8III",17743
13429,"02 52 54.65","-65 27 18.9",6.47,"K0/K1III",18292
13448,"02 53 11.66","+16 29 01.0",6.3,"F5III",17918
13458,"02 53 18.23","-22 05 26.7",6.59,"K0III",18046
13462,"02 53 21.07","+48 34 11.9",6.23,"G5Iab:",17818
13464,"02 53 24.39","+31 38 41.0",6.61,"F5",17905
13473,"02 53 34.35","-38 26 13.5",5.93,"F5V",18149
13479,"02 53 35.27","-22 22 34.0",5.93,"G8/K0III",18071
13482,"02 53 38.25","+01 58 10.9",6.74,"G8V",18012
13490,"02 53 42.58","+38 20 15.6",5.34,"F4Vvar",17904
13495,"02 53 46.19","+09 20 09.1",6.54,"M3",17986
13512,"02 54 00.97","+47 09 39.3",6.78,"B9",17891
13518,"02 54 06.47","-50 52 17.1",6.22,"K4III",18265
13520,"02 54 07.07","-10 26 32.2",6.95,"F5",18095
13528,"02 54 13.95","+42 35 20.3",6.88,"F5",17922
13531,"02 54 15.46","+52 45 45.0",3.93,"G4III...",17878
13536,"02 54 19.86","-55 52 45.7",6.61,"F2V",18325
13537,"02 54 20.79","-64 26 08.0",6.56,"K2/K3III",18423
13540,"02 54 22.86","+51 10 01.2",6.55,"K0",17902
13554,"02 54 36.78","-30 53 26.9",6.86,"K0III",18227
13567,"02 54 47.15","-00 02 53.9",6.53,"G8II",18145
13568,"02 54 47.42","-64 00 08.6",6.78,"K0IIICN...",18448
13569,"02 54 49.55","-33 31 29.6",6.9,"A3m...",18252
13571,"02 54 49.82","+20 22 23.1",6.96,"K0",18066
13593,"02 55 08.15","+03 29 12.8",6.91,"F0",18162
13609,"02 55 22.01","+27 43 20.7",6.84,"B9",18104
13621,"02 55 28.21","+73 22 16.2",6.58,"G5",17696
13626,"02 55 29.59","-25 18 16.2",6.59,"K1/K2IIICN.",18290
13629,"02 55 31.56","+02 01 05.9",6.6,"B8.5V",18216
13645,"02 55 41.27","+31 02 35.3",6.89,"M3II-III",18142
13654,"02 55 48.50","+18 19 54.0",5.76,"M6IIIvar",18191
13665,"02 55 56.74","+61 31 15.8",5.59,"F4V",17948
13679,"02 56 13.73","+08 22 54.4",5.97,"F7IV",18262
13684,"02 56 15.94","+29 09 50.8",6.55,"G8III",18202
13700,"02 56 24.66","+64 19 56.8",6.17,"K3Ibvar",17958
13701,"02 56 25.60","-08 53 51.4",3.89,"K1III-IV",18322
13702,"02 56 25.98","+18 01 25.1",5.58,"F6V",18256
13713,"02 56 33.30","+47 09 50.4",6.05,"K3III:",18155
13717,"02 56 37.45","-03 42 44.0",5.16,"A3Vn",18331
13727,"02 56 48.46","-35 22 40.1",6.58,"G8III/IV",18446
13732,"02 56 50.66","+51 15 40.9",6.22,"K5III",18153
13756,"02 57 04.56","+04 30 03.5",6.15,"M4III",18345
13765,"02 57 10.34","+00 26 52.1",6.63,"A5Ib",18369
13768,"02 57 12.91","-29 51 19.0",6.29,"A2/A3V:+...",18466
13775,"02 57 17.28","+31 56 03.5",5.1,"B9p...",18296
13782,"02 57 23.70","-23 51 43.5",5.44,"A5IV/V",18454
13786,"02 57 28.61","+16 17 37.7",6.9,"K0",18357
13789,"02 57 32.63","-38 11 27.4",6.41,"A0Vn",18546
13794,"02 57 36.72","-55 00 48.1",6.74,"F0IV",18637
13828,"02 57 58.55","+64 25 08.7",6.63,"G5",18137
13832,"02 58 02.33","+38 36 53.9",6.06,"K3III",18339
13834,"02 58 05.08","+20 40 07.7",5.8,"F5IV",18404
13835,"02 58 05.69","-23 36 22.1",5.82,"K2III",18535
13843,"02 58 12.54","-12 00 20.9",6.51,"K0III",18511
13847,"02 58 15.72","-40 18 17.0",2.88,"A4III+...",18622
13851,"02 58 18.76","+32 27 38.6",6.61,"K0",18393
13874,"02 58 42.09","-02 46 57.8",5.22,"A2IV",18543
13879,"02 58 45.65","+39 39 46.2",4.68,"A2Vn",18411
13883,"02 58 47.31","-09 46 35.3",6.14,"A2m",18557
13884,"02 58 47.77","-64 04 16.7",4.98,"A5III",18866
13887,"02 58 49.34","+43 21 52.5",6.65,"K0",18392
13892,"02 58 53.05","+21 37 04.0",6.69,"A3",18484
13897,"02 58 56.83","+77 04 48.5",6.88,"G0",17889
13904,"02 59 01.35","-34 11 20.6",6.69,"K5/M0III",18660
13905,"02 59 03.71","+35 10 59.2",4.94,"K2III",18449
13907,"02 59 06.49","-28 54 25.5",6.14,"K1III",18650
13909,"02 59 08.27","-55 33 54.9",6.85,"K2/K3III",18795
13914,"02 59 12.73","+21 20 25.6",4.63,"A2Vs",18519
13939,"02 59 34.56","-53 54 30.9",6.85,"K2III",18829
13942,"02 59 36.07","-25 16 27.6",5.69,"F3V",18692
13944,"02 59 36.39","-07 10 47.5",6.62,"K0",18634
13947,"02 59 38.30","-32 30 26.0",6.32,"A0V",18735
13949,"02 59 39.87","+41 01 59.0",5.89,"K2",18482
13951,"02 59 41.16","-02 27 53.6",5.56,"B9.5V",18633
13954,"02 59 42.90","+08 54 26.6",4.71,"B6III",18604
13959,"02 59 47.37","+61 17 23.8",6.84,"B1V",18352
13962,"02 59 48.72","+57 39 47.7",6.86,"G0Ia",18391
13965,"02 59 49.78","+47 13 14.3",5.47,"G4p",18474
13997,"03 00 11.88","+38 07 54.5",6.11,"B8Vn",18552
14021,"03 00 31.51","+18 00 18.1",6.74,"A0",18654
14036,"03 00 44.09","+10 52 13.7",5.93,"K6",18700
14040,"03 00 50.88","-02 52 43.1",6.11,"M2III",18760
14043,"03 00 52.18","+52 21 06.5",5.24,"B7V",18537
14047,"03 00 53.49","+52 21 07.5",6.64,"B9V",18538
14060,"03 01 09.97","-07 39 46.2",5.75,"K0II",18784
14063,"03 01 11.42","+40 47 47.9",6.92,"K5",18641
14081,"03 01 29.06","+32 24 45.9",6.6,"A7IVvar+...",18715
14086,"03 01 37.45","-28 05 25.7",5.88,"G8/K0V",18907
14104,"03 01 52.28","+05 20 10.0",6.24,"K0",18832
14107,"03 01 53.21","+38 52 41.6",6.64,"A3",18730
14109,"03 01 54.15","+26 27 44.4",5.91,"A3m",18769
14110,"03 01 56.09","-09 57 41.0",5.84,"G6III:",18885
14124,"03 02 09.23","-06 29 39.1",6.2,"G0IV-V",18894
14131,"03 02 15.40","-71 54 09.0",5.51,"B8III/IV",19400
14135,"03 02 16.78","+04 05 23.7",2.54,"M2III",18884
14143,"03 02 22.51","+04 21 10.3",5.62,"B7V",18883
14146,"03 02 23.59","-23 37 27.6",4.08,"A4V",18978
14150,"03 02 25.87","+26 36 34.7",6.62,"G8V",18803
14168,"03 02 42.26","-07 41 07.7",5.32,"K0II-III",18953
14181,"03 02 52.21","+47 06 38.5",6.72,"F8",18768
14187,"03 02 55.84","-46 58 30.2",5.81,"K2/K3III",19141
14228,"03 03 28.17","+06 13 36.6",6.72,"F0",18995
14232,"03 03 30.11","+28 16 11.8",6.38,"F0V",18928
14240,"03 03 36.90","-59 44 15.4",5.12,"F0IV",19319
14258,"03 03 50.68","+06 07 59.4",6.92,"F8",19019
14262,"03 03 55.22","-43 53 53.0",6.69,"K3III",19215
14264,"03 03 56.75","+47 50 54.6",6.48,"F0",18878
14286,"03 04 08.75","+61 42 27.1",6.64,"G4V",18757
14287,"03 04 09.40","+38 04 46.2",6.86,"B9",18950
14293,"03 04 16.48","-07 36 03.2",5.26,"A8V",19107
14303,"03 04 27.84","+40 17 34.2",6.91,"K0",18971
14315,"03 04 38.05","+01 51 49.0",6.05,"K0III",19121
14318,"03 04 40.65","+15 51 22.5",6.37,"K3III",19080
14328,"03 04 47.79","+53 30 23.2",2.91,"G8III+...",18925
14345,"03 04 59.22","-74 19 11.8",6.81,"K2III",19755
14354,"03 05 10.50","+38 50 25.9",3.32,"M3IIIvar",19058
14355,"03 05 11.26","-08 16 27.5",6.3,"K0",19210
14365,"03 05 21.03","+40 34 55.9",6.06,"K0III",19066
14376,"03 05 26.69","+25 15 18.7",5.45,"B7Vn",19134
14382,"03 05 32.43","+56 42 20.0",4.77,"K0II-III",18970
14387,"03 05 35.47","+36 47 55.6",6.99,"A2",19102
14392,"03 05 40.15","+56 04 08.5",6.1,"G9III",18991
14402,"03 05 46.40","+43 42 08.9",6.9,"F5",19091
14417,"03 06 07.95","+79 25 06.6",5.49,"F7IV comp SB",18438
14439,"03 06 23.69","+13 11 14.6",5.64,"K3III",19270
14455,"03 06 33.36","-10 15 07.0",6.69,"G5",19366
14456,"03 06 33.49","-06 05 18.8",5.23,"M3III",19349
14468,"03 06 43.28","-72 01 29.7",6.99,"K2III",19890
14494,"03 07 12.83","-01 48 09.8",6.95,"G5",19411
14501,"03 07 18.58","-13 45 40.1",6.97,"G3V",19467
14502,"03 07 19.02","+64 03 27.4",5.89,"B9V",19065
14514,"03 07 25.69","+17 52 47.9",6.13,"B1.5V",19374
14521,"03 07 31.90","-78 59 21.9",5.67,"F2II-III",20313
14544,"03 07 47.34","+47 18 31.3",6.38,"A3Vnn",19279
14547,"03 07 49.00","-69 15 53.8",6.12,"K1III",19940
14551,"03 07 50.80","-27 49 52.0",6.18,"A3V",19545
14566,"03 08 03.83","+52 12 48.8",6.33,"B5V",19268
14576,"03 08 10.13","+40 57 20.3",2.09,"B8V",19356
14586,"03 08 21.09","+18 47 42.3",6.24,"M0III",19460
14592,"03 08 25.63","+57 00 47.5",6.64,"G0",19256
14607,"03 08 38.79","+08 28 15.2",6.28,"G9III",19525
14619,"03 08 50.17","-64 33 55.6",6.8,"A9III",19939
14626,"03 08 54.18","+62 23 04.5",6.47,"B1V:e",19243
14632,"03 09 02.88","+49 36 48.6",4.05,"G0V",19373
14649,"03 09 20.10","+20 45 40.1",6.41,"K2",19549
14655,"03 09 22.15","+64 17 58.9",6.84,"G5",19267
14666,"03 09 28.22","+37 18 05.6",6.95,"K0",19509
14668,"03 09 29.63","+44 51 28.4",3.79,"K0III",19476
14672,"03 09 34.61","+19 22 50.7",6.86,"A0",19568
14677,"03 09 36.73","+29 04 37.6",5.74,"B8III",19548
14709,"03 10 03.26","-63 54 49.1",6.65,"A3III/IV",20060
14719,"03 10 08.83","+27 49 11.6",6.42,"A0V",19600
14739,"03 10 19.23","-74 17 52.0",6.9,"F6/F7V",20335
14748,"03 10 27.04","+26 53 45.9",6.02,"K3III",19637
14749,"03 10 27.24","-48 44 02.7",6.11,"K1III",19948
14757,"03 10 35.35","-23 44 19.0",6.37,"K0III",19826
14764,"03 10 38.78","+11 52 21.7",5.97,"B8V",19698
14765,"03 10 39.24","-57 48 35.3",6.63,"G8III",20037
14778,"03 10 49.14","+10 00 21.1",6.95,"K2",19723
14786,"03 10 55.43","+02 18 57.3",6.78,"K0",19760
14791,"03 11 00.80","+64 53 46.7",6.5,"A4V",19439
14797,"03 11 05.27","-13 15 51.5",6.36,"F6III",19850
14814,"03 11 16.74","-16 01 29.8",6.25,"K2III",19887
14817,"03 11 17.40","+39 36 41.7",4.61,"K1III",19656
14819,"03 11 18.78","-03 48 41.6",6.08,"M1III",19836
14821,"03 11 21.93","+13 02 52.1",6.11,"K0IIIp",19789
14838,"03 11 37.67","+19 43 36.1",4.35,"K2IIIvar",19787
14844,"03 11 42.85","+81 28 14.6",5.92,"A7III-IV",18778
14845,"03 11 42.88","+52 09 48.7",6.9,"B5",19624
14862,"03 11 56.24","+74 23 37.9",4.85,"A2Vnn",19275
14868,"03 11 57.63","-39 21 57.1",6.98,"K0III",20035
14871,"03 11 58.82","+46 07 43.2",6.96,"F0",19684
14879,"03 12 04.28","-28 59 20.8",3.8,"F8V",20010
14887,"03 12 09.54","+42 22 33.4",6.15,"B4V",19736
14893,"03 12 14.24","+27 15 25.2",5.78,"B9p Si",19832
14913,"03 12 25.68","-44 25 10.8",5.92,"F3V+...",20121
14914,"03 12 26.36","+47 43 33.9",6.32,"K5III",19735
14915,"03 12 26.37","+06 39 39.2",5.55,"K1IIIpe+...",19926
14925,"03 12 30.91","-32 23 48.0",6.97,"K1IICN...",20071
14930,"03 12 33.14","-57 19 17.7",5.71,"C5II",20234
14954,"03 12 46.32","-01 11 45.4",5.07,"F8V",19994
14970,"03 13 00.00","-20 01 37.5",6.74,"K2III",20069
14972,"03 13 01.49","-35 56 37.3",6.29,"B9IV/V",20144
14988,"03 13 10.56","+31 04 08.7",6.94,"K2",19925
15004,"03 13 23.86","+48 10 37.2",5.93,"G9III",19845
15024,"03 13 37.94","-29 48 14.8",6.17,"K1IICN...",20176
15039,"03 13 50.19","-38 48 33.4",6.88,"A2/A3III/IV",20232
15048,"03 13 54.87","+18 58 23.9",6.51,"K5",20043
15072,"03 14 17.12","+22 57 13.6",6.76,"K0",20078
15073,"03 14 17.19","+74 14 35.2",6.84,"M2III",19534
15092,"03 14 40.07","-35 33 27.7",6.88,"G2V",20301
15108,"03 14 53.02","-59 30 48.6",6.75,"K3III",20485
15110,"03 14 54.11","+21 02 40.7",4.87,"A1V",20150
15118,"03 14 56.55","+42 30 13.0",6.07,"K2III",20063
15125,"03 15 00.28","-26 06 01.5",6.25,"A1V",20293
15131,"03 15 06.50","-45 39 54.6",6.75,"G3V",20407
15135,"03 15 07.56","+73 52 05.6",6.57,"K0",19615
15140,"03 15 11.07","-64 26 37.5",6.62,"F5m",20586
15154,"03 15 20.45","+30 33 24.0",5.61,"A1Vs",20149
15173,"03 15 31.75","-08 46 12.2",6.61,"K0",20290
15187,"03 15 45.42","+80 07 49.8",6.7,"K0",19321
15191,"03 15 47.15","+32 51 24.0",6.3,"F4Vwvar",20193
15192,"03 15 47.97","+57 08 26.3",5.79,"A0Ia",20041
15193,"03 15 48.65","+50 57 21.5",6.46,"A0",20096
15197,"03 15 50.03","-08 49 11.4",4.8,"A5m",20320
15201,"03 15 57.36","-77 23 19.0",5.51,"F4III",21024
15203,"03 16 00.85","-05 55 07.3",6.17,"B9V",20319
15204,"03 16 01.83","+34 41 19.0",6.25,"A1m",20210
15209,"03 16 04.43","+45 20 46.4",6.15,"M2III",20162
15218,"03 16 11.29","-30 49 39.0",6.64,"B9V",20423
15219,"03 16 12.20","+50 56 15.8",5.04,"G5II",20123
15230,"03 16 21.71","-05 43 49.5",6.3,"K5",20356
15232,"03 16 24.89","+66 22 49.2",6.7,"A0",19967
15241,"03 16 35.19","+32 11 03.2",5.98,"G8IV",20277
15244,"03 16 35.77","-09 09 17.1",6.14,"F1V",20395
15279,"03 17 08.98","+06 47 59.9",6.96,"A3",20402
15282,"03 17 11.45","+40 28 59.0",6.44,"B9p",20283
15291,"03 17 17.41","-23 31 13.0",6.61,"K3III",20520
15296,"03 17 21.62","+78 52 30.0",6.76,"F0",19597
15305,"03 17 26.60","-47 45 06.3",5.84,"K2III",20640
15309,"03 17 31.54","+65 39 30.1",6.41,"A3V",20104
15323,"03 17 40.12","+31 07 37.9",6.4,"G0",20367
15330,"03 17 44.47","-62 34 36.8",5.53,"G2V",20766
15334,"03 17 45.74","+39 17 00.3",5.97,"A2IV",20346
15338,"03 17 47.33","+44 01 30.3",5.49,"B8V...",20315
15353,"03 17 58.99","-66 55 36.8",6.03,"A3V",20888
15357,"03 18 02.49","-28 47 49.3",5.93,"F3V+...",20606
15371,"03 18 11.14","-62 30 28.6",5.24,"G1V",20807
15382,"03 18 22.10","-22 30 40.1",4.86,"K0III",20610
15383,"03 18 22.28","-00 55 48.5",5.62,"K1IV",20559
15399,"03 18 32.52","+44 43 10.6",6.95,"A0",20393
15404,"03 18 37.72","+50 13 20.0",5.16,"B3V",20365
15411,"03 18 41.07","-18 33 34.7",5.72,"F3V",20631
15416,"03 18 43.82","+34 13 21.6",4.85,"K2II",20468
15444,"03 19 07.62","+50 05 42.1",5.05,"B5V",20418
15457,"03 19 21.54","+03 22 11.9",4.84,"G5Vvar",20630
15474,"03 19 30.97","-21 45 28.6",3.7,"M3/M4III",20720
15479,"03 19 34.90","-24 07 22.2",5.63,"M1III",20729
15510,"03 19 53.22","-43 04 17.6",4.26,"G8V",20794
15514,"03 19 55.81","+27 04 16.7",5.91,"G8IV",20618
15520,"03 19 59.26","+65 39 08.4",4.74,"B2.5Vne",20336
15523,"03 20 01.84","+01 29 01.0",6.73,"K0",20699
15534,"03 20 06.93","+69 43 52.8",6.6,"A0",20273
15547,"03 20 19.58","+77 44 05.6",5.44,"A6V",19978
15549,"03 20 20.37","+29 02 54.6",4.47,"K2II-III",20644
15555,"03 20 23.32","+19 52 21.8",6.9,"K0",20681
15557,"03 20 25.57","+25 39 46.7",6.14,"K3III:",20663
15582,"03 20 44.56","-26 17 17.3",6.92,"F2V",20852
15585,"03 20 45.18","-26 36 23.6",6.4,"F7V",20853
15597,"03 20 51.46","+20 30 34.1",6.78,"K2",20716
15615,"03 21 03.29","+73 41 57.0",6.87,"K0",20255
15619,"03 21 06.77","+03 40 32.5",5.7,"G8.5III",20791
15627,"03 21 13.61","+21 08 49.7",5.27,"B5IV",20756
15634,"03 21 19.05","+61 59 57.2",6.76,"B8",20536
15643,"03 21 24.03","-23 38 06.3",5.5,"G8III",20894
15648,"03 21 26.61","+43 19 46.7",4.96,"A3V",20677
15655,"03 21 33.43","-47 46 35.9",6.4,"K0III",21011
15660,"03 21 41.91","-20 19 28.6",6.69,"A0V",20911
15669,"03 21 52.37","+49 04 15.8",5.94,"F6V",20675
15692,"03 22 09.37","-46 45 47.5",6.9,"K3III",21068
15696,"03 22 11.89","+27 36 27.3",5.55,"G5III",20825
15700,"03 22 16.28","-25 35 16.1",6.36,"A1V",20980
15702,"03 22 16.43","-21 06 00.3",6.73,"K2II",20965
15737,"03 22 45.27","+20 44 31.6",5.1,"K3III",20893
15770,"03 23 13.18","+49 12 48.0",5.32,"B5V",20809
15775,"03 23 17.34","-17 26 22.4",6.7,"K0III",21066
15776,"03 23 17.70","-07 47 36.8",6.2,"G2V",21019
15795,"03 23 32.80","+58 43 19.4",6.58,"K0II-III",20762
15799,"03 23 35.23","-40 04 35.4",6.9,"K0V",21175
15800,"03 23 36.31","+00 54 37.1",6.47,"K0",21032
15807,"03 23 38.99","+04 52 55.6",6.37,"G5III",21018
15816,"03 23 44.61","-32 42 25.5",6.51,"K3III",21149
15838,"03 24 00.90","+19 54 25.4",6.83,"K5",21006
15840,"03 24 02.28","-69 37 28.7",6.14,"A4:V+...",21563
15843,"03 24 04.10","+74 10 16.9",6.93,"F5",20507
15850,"03 24 10.11","+12 37 46.7",6.03,"K0III-IV",21051
15861,"03 24 18.46","+24 43 27.1",5.5,"K4III",21017
15863,"03 24 19.35","+49 51 40.5",1.79,"F5Ib",20902
15869,"03 24 24.61","-13 59 34.6",6.87,"A2/A3IV/V",21160
15870,"03 24 26.11","+20 48 12.6",6.07,"A1V",21050
15876,"03 24 29.68","+33 32 09.7",5.78,"A0V",20995
15882,"03 24 34.47","+22 02 25.3",6.91,"A0",21049
15884,"03 24 36.21","-51 03 45.7",6.5,"A0V",21360
15886,"03 24 36.99","-76 44 46.0",6.8,"A2m...",21940
15890,"03 24 40.56","+64 35 09.6",5.13,"M0II",20797
15900,"03 24 48.84","+09 01 44.6",3.61,"G8III",21120
15925,"03 25 09.39","+41 15 26.2",6.52,"A0V",21038
15943,"03 25 18.26","+58 41 40.2",6.85,"K1III",20930
15946,"03 25 20.31","-04 39 19.0",6.99,"G5",21215
15968,"03 25 36.25","-69 20 11.7",5.96,"F3V",21722
15979,"03 25 47.85","+53 55 17.8",6.51,"A9III-IV",21004
15987,"03 25 55.82","-35 55 15.1",6.39,"A1IV",21423
15988,"03 25 57.36","+49 07 15.0",6.09,"B7V",21071
16015,"03 26 11.77","-41 38 13.2",6.33,"A1V",21473
16029,"03 26 22.52","-27 19 03.4",5.93,"K0III",21430
16042,"03 26 35.36","+28 42 55.2",6.47,"G5IV",21242
16075,"03 27 02.31","+34 25 46.2",6.76,"G0",21269
16077,"03 27 03.20","+18 45 23.6",6.54,"A3V",21335
16079,"03 27 05.15","+48 12 20.1",6.85,"B8.5Vn",21181
16083,"03 27 10.12","+09 43 58.0",3.73,"B9Vn",21364
16095,"03 27 18.67","+12 44 07.1",6.29,"A0Vs",21379
16112,"03 27 33.37","-35 40 52.8",5.71,"K2III",21574
16118,"03 27 38.95","+49 35 59.9",6.93,"B9V",21238
16128,"03 27 43.75","-43 51 21.4",6.73,"G0IV",21626
16142,"03 28 00.95","-11 17 11.4",5.74,"K2III",21530
16143,"03 28 01.40","+20 27 51.4",6.72,"A3+...",21437
16147,"03 28 03.05","+49 03 46.6",4.99,"B5V",21278
16156,"03 28 11.50","-35 51 12.3",6.49,"A1V",21635
16163,"03 28 17.27","-57 52 55.9",6.69,"K5III",21826
16165,"03 28 18.23","+44 22 38.1",6.52,"K0",21346
16168,"03 28 20.68","+33 48 27.7",5.72,"A2V",21402
16177,"03 28 23.56","+60 15 20.6",6.49,"B9V",21203
16181,"03 28 26.57","+22 48 15.4",6.03,"K0IV",21467
16193,"03 28 36.34","+11 23 26.2",6.74,"G5",21524
16210,"03 28 52.31","+49 50 54.4",5.58,"B6Vn",21362
16226,"03 29 03.80","+03 14 55.3",6.41,"G5",21585
16228,"03 29 04.13","+59 56 25.2",4.21,"B9Ia",21291
16244,"03 29 22.03","+49 30 32.5",4.67,"B3V",21428
16245,"03 29 22.19","-62 56 18.4",4.71,"F5IV-V",22001
16252,"03 29 26.26","+46 56 16.6",6.21,"B7V",21455
16261,"03 29 35.00","-23 28 32.9",6.88,"F3IV/V",21737
16263,"03 29 36.02","-12 40 29.1",5.57,"A5III/IV",21688
16266,"03 29 39.19","-06 48 15.3",6.01,"G5",21665
16274,"03 29 49.06","-22 30 19.9",6.79,"K1III",21760
16281,"03 29 54.75","+58 52 43.5",4.55,"A0Ia SB:",21389
16285,"03 29 55.19","-42 38 03.3",5.76,"A5V",21882
16290,"03 29 58.93","-78 21 06.4",5.68,"G8III",22676
16292,"03 30 00.23","+55 27 06.6",5.09,"A1V",21447
16303,"03 30 10.93","+59 21 57.8",6.14,"A2V",21427
16308,"03 30 13.22","-11 38 46.0",6.77,"G5",21779
16310,"03 30 13.59","-41 22 10.3",6.12,"F7V",21899
16319,"03 30 19.39","+71 51 50.0",6.37,"M2III",21179
16322,"03 30 24.48","+11 20 11.3",5.14,"A0Vn",21686
16335,"03 30 34.48","+47 59 42.6",4.36,"K3III",21552
16339,"03 30 36.90","-47 22 30.6",5.98,"A2V",21981
16340,"03 30 36.93","+48 06 13.2",5.82,"B8V",21551
16341,"03 30 37.05","-05 04 30.6",4.74,"B9Vs",21790
16350,"03 30 40.57","-09 43 49.2",6.86,"K0",21811
16357,"03 30 45.02","+42 12 08.9",6.92,"F2",21589
16358,"03 30 45.40","+06 11 19.5",5.93,"G8III",21755
16368,"03 30 51.68","-66 29 23.0",5.81,"B8V",22252
16369,"03 30 52.37","+12 56 12.1",4.14,"K0II-III...",21754
16370,"03 30 52.47","-62 00 28.8",6.79,"F7V",22166
16389,"03 31 03.99","-00 28 52.1",6.64,"A0",21822
16410,"03 31 19.87","+27 34 18.7",6.99,"A3V",
16411,"03 31 20.73","+27 34 18.8",6.61,"A2V",21743
16414,"03 31 21.13","+17 56 17.4",6.79,"K2",21787
16424,"03 31 29.35","+49 12 35.2",6.29,"A0Vn",21620
16425,"03 31 30.28","+40 45 36.1",6.5,"A5",21684
16430,"03 31 33.12","+47 51 44.9",6.77,"B8.5V",21641
16447,"03 31 49.04","+49 24 03.9",6.41,"B9III",21661
16449,"03 31 53.61","-25 36 50.8",6.38,"A3IV/V",21997
16450,"03 31 53.93","+48 44 06.8",6.62,"B8V",21672
16470,"03 32 08.58","+48 01 24.7",5.47,"B8IIIp Mn",21699
16478,"03 32 11.92","+11 32 33.1",6.79,"A0",21915
16487,"03 32 17.58","+40 55 14.7",6.73,"B9",21795
16489,"03 32 19.72","+84 54 40.9",5.62,"G3IIp...",20084
16499,"03 32 26.30","+46 03 25.4",5.3,"F4IIIvar",21770
16509,"03 32 34.72","-50 22 43.9",5.67,"K3III",22231
16511,"03 32 35.93","+09 22 24.8",5.76,"B9IV",21933
16516,"03 32 38.98","+44 51 20.8",6.42,"B2IV",21803
16518,"03 32 40.02","+35 27 42.2",5.91,"B1V",21856
16531,"03 32 51.46","-61 01 01.2",6.42,"K0III",22382
16537,"03 32 56.42","-09 27 29.9",3.72,"K2V",22049
16570,"03 33 20.87","+47 57 00.5",6.6,"F0",21844
16572,"03 33 21.20","+13 46 56.9",6.9,"G5",22017
16587,"03 33 32.19","+58 45 55.3",6.45,"A4III",21769
16591,"03 33 35.02","+39 53 58.5",5.79,"A5m",21912
16599,"03 33 39.10","+54 58 29.5",5.98,"A3V",21819
16602,"03 33 41.23","+57 52 07.1",6.37,"F7V",21794
16611,"03 33 47.25","-21 37 58.1",4.26,"B9V",22203
16628,"03 33 56.81","-31 04 49.1",6.2,"F5V",22262
16641,"03 34 08.32","+17 50 00.9",6.14,"K1IVe...",22072
16661,"03 34 24.75","-65 45 51.3",6.74,"A3V",22634
16664,"03 34 26.62","+24 27 52.1",5.95,"A3V",22091
16672,"03 34 33.58","-31 52 29.3",6.39,"K3III",22322
16677,"03 34 37.46","-09 52 05.8",6.25,"A2V",22243
16682,"03 34 38.34","-62 33 26.5",6.97,"A4Vs...",22597
16690,"03 34 42.84","-54 19 20.6",6.84,"F3/F5IV",22515
16695,"03 34 49.10","+06 25 03.8",6.49,"G0",22211
16697,"03 34 52.37","-25 34 58.5",6.48,"K0III",22333
16712,"03 35 01.04","+60 02 29.0",6.43,"F5V",21903
16713,"03 35 01.16","+32 01 00.7",6.66,"F2IV-V...",22124
16725,"03 35 12.29","+73 20 49.2",6.56,"A0Vn",21610
16757,"03 35 37.83","+31 40 49.6",6.86,"F0",22195
16779,"03 35 57.25","-05 07 29.8",6.49,"K0",22379
16780,"03 35 57.65","-11 11 38.3",5.56,"G7III:",22409
16782,"03 35 58.47","+47 05 27.9",6.89,"B8V",22136
16803,"03 36 17.39","-17 28 01.3",5.24,"B8/B9III",22470
16810,"03 36 21.91","+55 53 12.7",6.81,"B8",22105
16815,"03 36 25.03","-79 05 55.1",6.84,"K0/K1III",23549
16826,"03 36 29.36","+48 11 33.7",4.32,"B5Ve",22192
16827,"03 36 30.18","-78 19 23.1",6.29,"K2III",23474
16835,"03 36 39.79","+29 13 26.6",6.53,"A5",22317
16843,"03 36 46.91","+34 20 51.6",6.88,"K0",22306
16846,"03 36 47.31","+00 35 17.4",5.82,"G5IV/V +K1IV",22468
16851,"03 36 51.39","-33 46 50.6",6.93,"F3V",22594
16852,"03 36 52.52","+00 24 10.2",4.29,"F9V",22484
16859,"03 36 58.03","+23 12 40.0",6.72,"A2p",22374
16870,"03 37 05.68","-40 16 28.2",4.57,"K0III",22663
16900,"03 37 28.02","+31 07 12.6",6.96,"F5",22418
16914,"03 37 41.10","-74 49 21.2",6.89,"F0III",23358
16917,"03 37 44.15","+56 44 21.8",6.53,"B0.5III",22253
16924,"03 37 47.82","+15 25 50.2",6.4,"A5IV",22522
16938,"03 38 00.17","+42 34 58.4",6.41,"B8Vn",22402
16959,"03 38 10.21","-59 46 35.4",6.96,"F3V",22989
16974,"03 38 19.70","+56 55 58.1",6.29,"B9p",22316
16986,"03 38 26.92","+49 12 20.6",6.87,"B9",22417
16989,"03 38 29.25","-07 23 30.2",5.86,"G5III:",22675
17000,"03 38 40.71","+22 39 35.0",6.71,"A0",22578
17007,"03 38 47.66","-27 56 35.2",6.01,"A0V",22789
17022,"03 38 57.34","+42 32 19.0",6.73,"G0",22521
17026,"03 39 00.06","+20 54 57.1",6.5,"Am...",22615
17027,"03 39 01.13","-05 37 32.5",5.97,"K1V",22713
17049,"03 39 17.05","+13 53 30.3",6.67,"G5",22682
17056,"03 39 25.10","+75 44 22.6",6.25,"G9III-IV",21970
17057,"03 39 25.42","-10 26 13.3",6.19,"G5",22799
17058,"03 39 25.73","+16 32 12.4",6.18,"K0III",22695
17075,"03 39 32.64","+59 26 43.5",6.9,"K2III-IV",22427
17082,"03 39 36.72","-17 21 54.2",6.86,"K0III",22836
17086,"03 39 38.35","-03 23 34.2",6.22,"G5",22798
17089,"03 39 39.23","-56 14 04.7",6.85,"M2III",23100
17098,"03 39 45.16","+56 22 58.9",6.53,"A2",22489
17099,"03 39 45.46","-40 21 08.0",6.55,"A3V",22986
17101,"03 39 47.16","-06 46 38.0",6.96,"A2",22820
17103,"03 39 51.14","+03 03 24.6",5.55,"G6III:",22796
17108,"03 39 53.46","-28 30 40.4",6.94,"F8/G0V",22924
17118,"03 39 58.64","+63 52 14.7",6.81,"F5",22399
17120,"03 39 59.55","-01 07 16.4",6.12,"G5",22819
17129,"03 40 07.24","+34 06 59.3",6.82,"F5",22692
17135,"03 40 10.77","-09 02 20.9",6.92,"F5",22892
17136,"03 40 11.44","-15 13 35.4",6.35,"G8/K0III+..",22905
17138,"03 40 12.48","-19 35 34.3",6.91,"K0III/IV",22921
17147,"03 40 21.66","-03 12 59.3",6.68,"F9V",22879
17155,"03 40 28.04","+05 07 33.2",6.61,"G5",22878
17167,"03 40 38.33","-05 12 38.5",5.53,"B9IIIp Si",22920
17168,"03 40 38.76","+28 46 24.3",6.86,"A0...",22766
17170,"03 40 40.16","-19 28 22.8",6.82,"K2IIICN...",22983
17181,"03 40 46.30","+25 19 46.3",6.11,"A2IV",22805
17183,"03 40 47.21","-02 19 55.7",6.96,"G5",22918
17203,"03 41 07.84","+37 34 49.0",5.55,"B7Vn",22780
17211,"03 41 11.90","+58 50 42.3",6.84,"F0",22601
17214,"03 41 13.75","-11 48 09.0",6.49,"F2III",23010
17220,"03 41 18.39","+28 42 10.1",6.88,"B9",22860
17223,"03 41 22.40","-19 35 03.8",6.58,"A3IV/V",23055
17256,"03 41 45.57","-47 46 32.9",6.96,"A4V",23274
17257,"03 41 48.17","+62 38 54.4",6.99,"C6.4ev",22611
17276,"03 41 59.09","-24 39 07.7",6.77,"F6V",23148
17296,"03 42 09.35","+63 13 00.3",5.06,"S5.3 SB:",22649
17298,"03 42 09.92","-45 57 28.5",6.5,"F8V",23308
17304,"03 42 14.90","-31 56 18.2",4.99,"B5III",23227
17309,"03 42 18.94","+19 42 01.0",5.68,"B9Vn",23016
17313,"03 42 22.64","+33 57 54.1",4.97,"B0.5V",22951
17320,"03 42 27.62","+32 56 22.0",6.77,"F8",22963
17328,"03 42 32.69","-85 15 43.3",6.4,"B9V",25887
17342,"03 42 42.73","+59 58 09.8",5.74,"K4Ib",22764
17347,"03 42 45.17","+69 50 44.6",6.98,"A3+...",22553
17351,"03 42 50.12","-37 18 48.0",4.59,"K2IIICN...",23319
17358,"03 42 55.48","+47 47 15.6",3.01,"B5III SB",22928
17364,"03 43 04.63","-50 38 39.5",6.97,"G1V",23456
17378,"03 43 14.96","-09 45 54.7",3.52,"K0IV",23249
17395,"03 43 33.84","-10 29 08.2",5.59,"A5m",23281
17408,"03 43 47.14","+19 39 54.6",6.13,"G8III",23183
17436,"03 44 06.36","-40 39 36.3",6.45,"K1III",23508
17437,"03 44 06.43","+48 31 25.3",6.06,"K4III",23049
17439,"03 44 09.02","-38 16 56.9",6.99,"K1V",23484
17440,"03 44 11.55","-64 48 25.5",3.84,"K0IV SB",23817
17448,"03 44 19.13","+32 17 17.8",3.84,"B1III",23180
17453,"03 44 28.19","+20 55 43.6",6.09,"A0V",23258
17457,"03 44 30.51","-01 09 47.1",5.24,"B7V",23363
17460,"03 44 31.40","+36 27 36.7",5.6,"A2m",23193
17464,"03 44 33.86","-54 16 27.1",6.29,"K1III",23697
17470,"03 44 37.21","+27 53 51.5",6.75,"F0",23245
17475,"03 44 40.91","+46 05 59.5",6.1,"A7IV",23139
17482,"03 44 44.90","+27 55 17.3",6.86,"G2IV",23257
17489,"03 44 48.20","+24 17 22.5",5.45,"B7IV",23288
17493,"03 44 50.47","-48 03 40.0",6.49,"G8/K0III",23670
17499,"03 44 52.52","+24 06 48.4",3.72,"B6III",23302
17506,"03 44 56.46","-00 17 48.2",5.56,"K4III",23413
17519,"03 45 02.72","+02 37 17.0",6.65,"F5",23412
17523,"03 45 07.09","+74 32 33.1",6.71,"G5",22648
17527,"03 45 09.73","+24 50 21.7",5.66,"B8V",23324
17529,"03 45 11.64","+42 34 42.8",3.77,"F5IIvar",23230
17531,"03 45 12.48","+24 28 02.6",4.3,"B6V",23338
17534,"03 45 15.88","-47 21 34.0",5.72,"K1III",23719
17543,"03 45 23.70","-71 39 29.7",6.26,"B8V",24188
17549,"03 45 31.04","+42 00 25.2",6.89,"A0",23267
17553,"03 45 33.14","-25 54 55.7",6.97,"F0IV/V",23616
17558,"03 45 37.11","+38 40 34.4",6.45,"K0",23301
17563,"03 45 40.43","+06 03 00.1",5.34,"B3V",23466
17572,"03 45 48.80","+23 08 50.1",6.85,"A0V",23410
17573,"03 45 49.59","+24 22 04.3",3.87,"B8III",23408
17575,"03 45 50.56","+55 03 50.0",6.83,"A5",23190
17579,"03 45 54.46","+24 33 16.6",5.76,"B8V",23432
17584,"03 45 59.25","+45 40 55.0",5.66,"B6V",23300
17585,"03 46 00.82","+67 12 06.8",5.79,"F0IV",23005
17587,"03 46 02.33","+63 20 42.2",4.78,"A3V...",23089
17588,"03 46 02.89","+24 31 40.8",6.43,"A0Vn",23441
17593,"03 46 08.50","-12 06 06.2",4.43,"M1III",23614
17595,"03 46 09.36","+06 48 13.2",5.91,"G9III",23526
17601,"03 46 13.27","-09 52 58.1",6.87,"K0",23635
17602,"03 46 13.89","+71 37 05.2",6.97,"G5",22912
17608,"03 46 19.56","+23 56 54.5",4.14,"B6IV",23480
17617,"03 46 26.24","+13 30 33.0",6.88,"A0",23538
17618,"03 46 27.42","-29 20 17.4",5.91,"A2V",23738
17631,"03 46 40.87","+32 17 24.7",6.68,"B3IV...",23478
17651,"03 46 50.99","-23 14 54.4",4.22,"F3/F5V",23754
17664,"03 46 59.38","+24 31 12.8",6.83,"B9.5V",23568
17675,"03 47 10.58","+51 42 23.7",6.9,"F0",23384
17678,"03 47 14.23","-74 14 21.3",3.26,"M2III",24512
17684,"03 47 17.16","+23 43 36.5",6.98,"F8IV",23609
17688,"03 47 19.74","-50 45 14.0",6.58,"K3III",24023
17689,"03 47 19.86","-29 54 05.7",6.54,"F5V",23856
17692,"03 47 20.96","+23 48 12.4",6.99,"A1V",23632
17693,"03 47 22.28","-29 28 06.7",6.93,"K1III",23869
17702,"03 47 29.06","+24 06 18.9",2.85,"B7III",23630
17704,"03 47 29.44","+24 17 18.4",6.83,"A0V...",23642
17707,"03 47 32.12","+55 55 19.4",6.09,"B9Vnn",23383
17717,"03 47 39.62","-23 52 29.3",5.24,"A1V",23878
17732,"03 47 49.04","+32 11 43.8",6.26,"G0",23626
17734,"03 47 49.60","-36 06 21.0",6.21,"B8V",23958
17735,"03 47 52.66","+33 35 59.6",6.57,"B2.5V",23625
17738,"03 47 56.02","-30 10 02.4",5.52,"G6III",23940
17744,"03 47 58.87","-02 51 41.1",6.98,"A2",23827
17745,"03 47 59.06","-26 19 43.0",6.97,"A3V",23920
17759,"03 48 06.56","+24 59 18.5",6.44,"K5",23712
17771,"03 48 16.25","+11 08 36.1",5.08,"B3V",23793
17772,"03 48 18.08","+50 44 12.4",6.18,"B8Vn",23552
17776,"03 48 20.80","+23 25 16.9",5.44,"B8V",23753
17785,"03 48 24.79","-54 17 37.7",6.89,"A4V",24185
17791,"03 48 30.08","+24 20 44.3",6.96,"A1V",23763
17792,"03 48 30.72","+09 38 45.3",6.68,"K1III",23841
17798,"03 48 35.72","-20 54 10.6",5.81,"K5III",23978
17797,"03 48 35.82","-37 37 12.5",4.3,"A+...",24071
17805,"03 48 38.92","+00 13 40.3",5.91,"K3III",23887
17832,"03 48 56.91","+23 51 26.2",6.47,"F0",23822
17838,"03 49 00.27","-26 01 57.2",6.95,"F3V",24070
17846,"03 49 08.12","+43 57 46.9",5.95,"A9IV",23728
17847,"03 49 09.73","+24 03 12.7",3.62,"B8III",23850
17851,"03 49 11.20","+24 08 12.6",5.05,"B7p",23862
17854,"03 49 13.70","+70 52 16.3",5.4,"A2m",23277
17856,"03 49 19.05","-01 27 11.4",6.55,"G5",23992
17858,"03 49 19.73","+57 07 06.0",6.46,"A0Vn",23594
17861,"03 49 21.44","-36 05 33.0",6.75,"K5/M0III",24150
17862,"03 49 21.74","+24 22 51.8",6.62,"B9.5V",23873
17874,"03 49 27.28","-36 12 00.4",4.17,"G8III",24160
17877,"03 49 27.57","+52 39 19.5",6.73,"B0.5III",23675
17884,"03 49 31.29","+65 31 33.6",4.39,"M1III",23475
17886,"03 49 32.70","+33 05 29.0",5.14,"A3V",23848
17891,"03 49 36.62","+63 17 49.6",5.82,"A5Vn",23523
17900,"03 49 43.52","+23 42 43.1",6.17,"B8V",23923
17907,"03 49 46.48","+09 24 27.2",6.77,"B9",23990
17921,"03 49 55.06","+22 14 39.3",6.05,"B8III",23950
17923,"03 49 58.04","+23 50 55.7",6.73,"A0V...",23964
17925,"03 50 02.61","-45 23 07.4",6.93,"G8III",24291
17930,"03 50 03.42","+37 52 26.4",6.61,"F0",23885
17932,"03 50 04.45","+44 58 04.5",5.65,"G2III...",23838
17943,"03 50 13.23","+34 49 13.1",6.77,"F0",23922
17950,"03 50 16.10","-01 31 21.5",6.47,"F2",24098
17951,"03 50 16.55","-32 17 07.5",6.93,"K5III",24248
17954,"03 50 18.91","+25 34 46.7",5.24,"A2V",23985
17959,"03 50 21.48","+71 19 56.5",4.59,"A2IVn",23401
17963,"03 50 25.07","+52 28 54.9",6.97,"B1IV",23800
17982,"03 50 37.55","-36 25 32.2",6.86,"B9.5V",24305
17988,"03 50 41.95","+01 33 50.2",6.6,"F0",24133
17999,"03 50 52.42","+23 57 41.7",6.95,"A2V",24076
18033,"03 51 15.86","+13 02 46.1",6.3,"B9p Si",24155
18046,"03 51 25.30","+25 09 46.6",6.79,"A2",24118
18052,"03 51 31.16","-21 16 51.5",6.59,"K0IIICN...",24328
18059,"03 51 36.61","+22 01 53.1",6.71,"K0III",24154
18067,"03 51 41.75","+68 30 27.1",6.31,"B9IVp",23662
18066,"03 51 41.79","-47 19 01.0",6.7,"A8III/IV",24500
18081,"03 51 53.72","+34 21 32.9",5.78,"B1V",24131
18088,"03 52 00.07","+60 20 11.5",6.91,"K0",23894
18089,"03 52 00.22","+06 32 05.7",5.66,"B5V",24263
18094,"03 52 04.45","+31 10 07.2",6.22,"A5V",24167
18104,"03 52 08.69","-01 08 55.6",6.77,"B9",24325
18106,"03 52 11.48","+25 09 48.5",6.77,"G0",24213
18109,"03 52 17.08","-00 39 20.2",6.82,"A2",24336
18113,"03 52 20.68","+62 20 41.4",6.73,"A2",23909
18122,"03 52 30.85","-05 03 15.2",6.74,"F0",24371
18138,"03 52 39.69","+32 24 30.9",6.73,"K0",24228
18141,"03 52 41.65","-05 21 40.5",5.48,"B8+...",24388
18169,"03 53 08.37","-06 38 01.5",6.56,"B9",24446
18170,"03 53 09.96","+17 19 37.8",5.97,"F4V",24357
18173,"03 53 12.93","-18 26 04.0",6.21,"K0/K1III+..",24497
18190,"03 53 30.21","+02 07 09.1",6.72,"B9",24456
18192,"03 53 30.55","-14 58 14.0",6.93,"K4III",24522
18199,"03 53 33.30","-46 53 36.9",5.93,"K3III",24706
18201,"03 53 34.46","+25 40 58.7",6.35,"A2V",24368
18212,"03 53 38.67","+48 39 02.0",5.76,"K0III",24240
18213,"03 53 38.92","-34 43 56.3",5.11,"B6/B7V",24626
18216,"03 53 42.68","-24 36 44.0",4.64,"B5V",24587
18217,"03 53 43.19","+57 58 31.3",5.8,"A5m",24141
18235,"03 53 59.25","-23 08 10.9",6.68,"G8IV/V",24616
18246,"03 54 07.92","+31 53 01.2",2.84,"B1Ib",24398
18254,"03 54 17.31","-27 40 08.1",6.99,"A4IV",24661
18255,"03 54 17.49","-02 57 17.0",4.46,"G8III",24554
18262,"03 54 23.18","-40 21 25.3",5.7,"K0III...",24744
18267,"03 54 27.90","+16 36 59.2",6.81,"G0",24496
18275,"03 54 33.94","-52 41 25.2",6.46,"A4V",24863
18286,"03 54 37.50","-46 25 00.7",6.9,"A3V",24805
18292,"03 54 42.48","+02 05 23.8",6.8,"G5",24585
18337,"03 55 15.54","-38 45 33.3",6.81,"Ap...",24825
18339,"03 55 16.17","-12 05 56.6",5.99,"Ap SrEu(Cr)",24712
18350,"03 55 23.08","+31 02 45.1",6.79,"O9.5pe",24534
18353,"03 55 24.85","+49 02 26.1",6.85,"B3II",24432
18366,"03 55 37.19","+52 13 35.6",6.82,"F5",24421
18370,"03 55 38.42","+52 38 28.8",6.74,"O9IV-V",24431
18383,"03 55 46.34","+56 55 08.7",6.92,"A7II",24395
18396,"03 55 58.16","+47 52 17.3",5.39,"B6V",24504
18401,"03 56 03.90","-63 27 49.8",6.14,"K1/K2III",25170
18413,"03 56 11.85","+59 38 29.4",6.53,"G0",24409
18428,"03 56 27.66","-13 35 51.1",6.37,"M1III",24834
18432,"03 56 28.60","-25 10 50.4",6.88,"G8V",24892
18434,"03 56 28.69","+35 04 51.3",5.49,"B1.5V",24640
18437,"03 56 29.35","-38 57 43.8",6.89,"A0V",24966
18438,"03 56 30.33","+71 49 17.9",6.31,"A5m",24164
18440,"03 56 31.56","-10 51 11.5",6.56,"F5",24833
18451,"03 56 36.33","+74 04 48.0",6.75,"K0",24064
18453,"03 56 36.44","+50 41 44.5",5.28,"F5IV",24546
18455,"03 56 37.90","-09 45 03.1",6.18,"F1V",24832
18471,"03 56 52.03","+22 28 41.7",5.62,"F2IV",24740
18481,"03 57 01.70","+06 02 24.5",6.09,"A2Vn",24817
18482,"03 57 01.77","-40 02 13.1",6.97,"K2III",25038
18485,"03 57 03.80","+23 10 32.1",6.05,"B9.5IV",24769
18488,"03 57 08.29","+61 06 32.1",4.99,"K3I-II",24480
18490,"03 57 11.29","+21 19 24.9",6.84,"K0",24777
18499,"03 57 16.30","+41 52 50.4",6.84,"A2",24689
18505,"03 57 25.44","+63 04 20.1",4.95,"B9.5V",24479
18508,"03 57 26.39","+24 27 43.0",6.19,"K0",24802
18518,"03 57 35.08","+36 29 29.5",6.98,"F0",24747
18532,"03 57 51.22","+40 00 37.0",2.9,"B0.5V",24760
18543,"03 58 01.73","-13 30 29.7",2.97,"M1IIIb Ca-1",25025
18545,"03 58 02.70","+72 43 28.5",6.63,"K0",24296
18547,"03 58 03.13","+34 48 50.6",6.54,"A8V",24809
18554,"03 58 15.22","-49 36 36.3",6.94,"K0III",25245
18565,"03 58 29.13","+38 50 25.3",6.32,"K1III:",24843
18592,"03 58 42.87","-57 06 08.6",6.05,"F2IV",25346
18597,"03 58 44.74","-61 24 00.5",4.56,"M2III",25422
18602,"03 58 49.83","+57 27 03.5",6.96,"A0",24717
18606,"03 58 52.42","-05 28 10.3",5.85,"G9V",25069
18614,"03 58 57.90","+35 47 27.7",3.98,"O7.5Iab:",24912
18634,"03 59 19.71","+13 58 30.7",6.77,"G5",25049
18635,"03 59 20.27","-43 55 02.8",6.83,"K1III",25301
18647,"03 59 30.13","-12 34 27.6",5.61,"K4III",25165
18656,"03 59 37.43","-56 28 22.5",6.82,"A2m...",25449
18657,"03 59 39.98","+38 49 13.4",6.51,"A1Vp...",24982
18658,"03 59 40.41","+10 19 49.5",6.35,"F5V",25102
18673,"03 59 55.48","-24 00 58.5",4.62,"Ap Si",25267
18677,"03 59 59.33","-61 53 41.2",6.7,"K4III",25581
18688,"04 00 10.45","+40 00 49.4",6.89,"A0",25022
18691,"04 00 15.53","-51 33 53.9",6.51,"M1III",25470
18717,"04 00 36.89","+17 17 48.2",6.31,"A0V",25175
18723,"04 00 40.62","-30 29 26.6",5.93,"A1V",25371
18724,"04 00 40.82","+12 29 25.4",3.41,"B3V + A",25204
18729,"04 00 43.64","-71 10 00.8",6.6,"A1/A2V",25938
18735,"04 00 48.69","+18 11 38.6",5.89,"F4V...",25202
18744,"04 00 53.81","-62 09 33.7",4.48,"M4III",25705
18748,"04 00 56.81","+23 12 05.7",6.52,"B9V",25201
18762,"04 01 06.96","+20 11 57.7",6.76,"K1III",25230
18769,"04 01 14.84","+36 59 22.1",6.39,"A0V",25152
18772,"04 01 18.07","-61 04 44.6",4.97,"K4III",25728
18788,"04 01 32.03","-01 32 58.7",5.28,"B5V",25340
18805,"04 01 46.13","+09 59 52.9",5.67,"B5V",25330
18824,"04 02 03.18","-34 28 55.6",6.73,"G1/G2V",25535
18844,"04 02 26.56","-61 21 25.9",6.74,"G5IV-V",25874
18847,"04 02 28.01","-78 37 59.1",6.63,"K0III",26595
18850,"04 02 29.22","+03 50 50.1",6.91,"B8",25412
18859,"04 02 36.66","-00 16 05.9",5.38,"F5V",25457
18863,"04 02 38.46","-00 48 03.7",6.93,"A0",25466
18875,"04 02 47.05","-22 35 39.3",6.9,"K1III",25575
18893,"04 02 59.45","+09 12 32.0",6.91,"F8",25463
18894,"04 02 59.81","-48 22 07.8",6.95,"K2III",25771
18907,"04 03 09.38","+05 59 21.5",3.91,"A1V",25490
18911,"04 03 10.58","+08 52 57.5",6.65,"K0",25477
18913,"04 03 11.16","+78 12 10.1",6.98,"K0",24545
18923,"04 03 22.12","+48 50 27.2",6.97,"F7IVn",25293
18926,"04 03 24.75","-20 08 37.7",6.47,"B3V",25631
18939,"04 03 33.89","-25 50 52.4",6.57,"M2III",25676
18950,"04 03 39.40","-47 51 42.9",6.62,"A4/A5IV",25860
18957,"04 03 44.60","+05 26 08.3",5.32,"B3V",25558
18975,"04 03 56.51","+08 11 49.9",5.45,"F2V",25570
18990,"04 04 08.65","-16 35 18.9",6.36,"K2/K3III/IV",25700
18993,"04 04 09.79","+02 49 38.1",5.36,"F6IV",25621
19009,"04 04 21.67","+24 06 21.7",5.46,"G0III...",25555
19011,"04 04 22.71","-12 47 32.4",5.62,"K1III",25723
19018,"04 04 27.16","+59 09 19.8",5.0,"F0II",25291
19030,"04 04 36.97","+55 03 59.6",6.55,"F2IV",25362
19036,"04 04 39.62","+17 31 03.3",6.64,"K2III",25627
19037,"04 04 40.89","-20 22 54.6",6.12,"K1II",25803
19038,"04 04 41.66","+22 04 55.4",4.36,"K0III",25604
19039,"04 04 43.07","+32 34 16.4",6.87,"B3V",25539
19070,"04 05 14.35","-01 00 42.2",6.97,"G5",25790
19076,"04 05 20.15","+22 00 33.2",5.9,"G5V",25680
19089,"04 05 36.03","+34 14 21.5",6.64,"F2",25657
19091,"04 05 36.63","-31 03 03.3",6.94,"F6V",25983
19095,"04 05 37.30","-27 39 07.3",5.59,"F0IV/V",25945
19103,"04 05 41.59","+10 02 13.6",6.72,"G5",25800
19111,"04 05 46.73","-20 30 45.1",6.34,"G8/K0III",25944
19121,"04 05 56.49","-08 51 21.9",6.27,"A3V",25910
19127,"04 06 02.11","+46 55 32.5",6.77,"A2",25616
19129,"04 06 03.17","+68 40 47.9",5.88,"K2III",25274
19139,"04 06 08.06","+62 06 06.6",6.76,"B0.5III",25443
19167,"04 06 35.06","+50 21 04.9",4.25,"A0IVn",25642
19171,"04 06 36.40","+27 36 00.1",5.18,"B9p Si",25823
19172,"04 06 36.58","+54 00 32.0",6.31,"K0III-IV",25602
19174,"04 06 36.90","-18 03 02.8",6.6,"K3III",26024
19177,"04 06 38.81","+65 31 15.1",6.14,"A3m",25425
19196,"04 06 51.18","-49 37 42.8",6.86,"F3IV/V",26246
19201,"04 06 55.82","+33 26 47.0",6.7,"B5V:p SB",25833
19202,"04 06 58.12","-21 59 38.5",6.65,"A5m...",26087
19205,"04 07 00.52","+29 00 04.6",5.21,"F1V",25867
19206,"04 07 00.63","-10 00 00.4",6.88,"G0",26040
19222,"04 07 10.72","+74 00 01.9",6.49,"K0",25225
19226,"04 07 15.74","-09 45 28.1",6.77,"K0",26068
19233,"04 07 21.29","-64 13 23.2",6.37,"G3V",26491
19242,"04 07 25.24","-42 55 00.5",6.59,"K0III",26262
19243,"04 07 25.72","+74 38 12.0",6.8,"K0",25213
19249,"04 07 29.27","-06 00 26.8",6.91,"A2",26066
19256,"04 07 37.43","-37 03 43.0",6.71,"K3III",26242
19261,"04 07 41.91","+15 09 46.2",6.02,"F3V",26015
19272,"04 07 51.39","+62 19 48.4",6.95,"B0III",25638
19284,"04 07 59.41","+17 20 23.7",5.89,"K5III",26038
19298,"04 08 13.10","+43 11 28.3",6.57,"B8",25932
19302,"04 08 15.46","+37 43 40.7",6.07,"K1III",25975
19331,"04 08 33.82","-45 51 53.5",6.58,"F2V",26413
19335,"04 08 36.49","+38 02 24.8",5.52,"F7V",25998
19343,"04 08 39.67","+47 42 45.3",3.96,"B3Ve",25940
19348,"04 08 42.10","+10 05 58.0",6.79,"M0",26163
19356,"04 08 47.32","+50 12 01.7",6.95,"A0",25929
19361,"04 08 51.72","+23 52 16.2",6.97,"K2",26116
19363,"04 08 53.50","+23 05 55.1",6.87,"A3",26128
19370,"04 08 56.82","+41 30 14.5",6.98,"A3",26031
19376,"04 09 01.56","+13 23 53.9",5.94,"B9.5V",26171
19388,"04 09 09.90","+19 36 33.5",5.51,"K2III",26162
19398,"04 09 17.84","-16 23 09.2",5.45,"B5IV",26326
19400,"04 09 22.16","+54 49 44.7",6.25,"F5V",25948
19402,"04 09 22.43","+73 34 13.1",6.76,"F5",25473
19411,"04 09 27.21","+06 43 30.7",6.74,"B9",26256
19412,"04 09 27.58","+59 54 29.1",6.29,"G8II",25877
19428,"04 09 38.81","+31 39 07.0",6.88,"F5",26161
19434,"04 09 43.04","+03 19 22.2",6.49,"F2",26292
19440,"04 09 49.14","-03 34 24.7",6.84,"A0",26336
19453,"04 09 58.95","-25 02 30.9",6.95,"K0/K1III",26428
19454,"04 10 00.22","+86 37 34.9",5.84,"F5IV",22701
19461,"04 10 02.79","+80 41 55.2",5.1,"G8III+...",25007
19483,"04 10 22.52","-06 55 25.8",5.44,"G8III",26409
19504,"04 10 42.29","+18 25 24.0",6.61,"F6V",26345
19509,"04 10 45.89","-35 16 25.4",6.43,"K2IIIp...",26575
19511,"04 10 47.74","-08 49 11.4",5.7,"G9III:",26464
19513,"04 10 49.88","+26 28 51.7",5.39,"F2IV-V",26322
19515,"04 10 50.43","-41 59 37.5",4.93,"A9V",26612
19525,"04 10 59.02","+33 35 12.5",5.75,"K1II-III",26311
19529,"04 11 03.39","+16 38 49.1",6.97,"B8",26398
19550,"04 11 13.24","+41 44 51.2",6.98,"K0",26285
19554,"04 11 20.20","+05 31 22.9",5.71,"F4V",26462
19569,"04 11 31.64","-00 25 21.0",6.59,"K0",26516
19571,"04 11 36.18","-20 21 22.6",5.8,"A1V + (F/G)",26591
19587,"04 11 51.93","-06 50 16.0",4.04,"F2II-III",26574
19590,"04 11 56.10","-08 50 15.0",6.45,"G5",26584
19601,"04 12 00.26","-17 16 28.6",6.41,"K0III",26625
19611,"04 12 09.28","+00 44 08.0",6.62,"G5",26573
19619,"04 12 13.60","+79 01 48.0",6.92,"K0",25406
19626,"04 12 20.36","-04 24 37.0",6.7,"K5",26608
19641,"04 12 31.32","+17 16 39.0",6.09,"K0III",26546
19642,"04 12 31.59","-44 22 05.7",6.7,"K3/K4III",26820
19666,"04 12 48.04","-23 49 16.2",6.61,"M0III",26742
19672,"04 12 51.25","+22 24 48.5",6.14,"B9IIIsp...",26571
19673,"04 12 51.88","+68 30 04.1",6.33,"K0",26101
19677,"04 12 56.23","-06 23 16.9",6.76,"K0",26663
19679,"04 12 58.45","+32 31 58.0",6.69,"K0",26526
19690,"04 13 03.31","-23 07 41.8",6.78,"F2IV/V",26757
19704,"04 13 14.95","-70 25 14.1",6.99,"A9IV",27346
19718,"04 13 31.25","+08 53 25.3",6.52,"A2m",26677
19719,"04 13 33.11","+07 42 57.7",5.29,"F3V...",26690
19720,"04 13 34.55","+10 12 45.1",6.24,"B8Vn",26676
19721,"04 13 35.71","-40 21 28.2",6.36,"K3III",26927
19725,"04 13 38.15","-01 08 59.0",6.45,"B5IV",26739
19727,"04 13 41.09","+49 05 38.2",6.92,"G5",26482
19730,"04 13 44.81","+72 07 34.4",6.05,"K1III",26076
19736,"04 13 49.83","+12 45 13.5",6.25,"K0",26703
19740,"04 13 56.39","+09 15 50.0",4.84,"G5III",26722
19741,"04 13 57.25","-37 01 49.3",6.99,"K3III:",26934
19743,"04 13 58.80","-32 02 31.3",6.98,"K0III",26921
19746,"04 13 59.73","+37 58 01.7",6.47,"G9III",26605
19747,"04 14 00.08","-42 17 37.9",3.85,"K1III",26967
19758,"04 14 09.55","-46 07 56.0",6.77,"F8/G0V",27019
19767,"04 14 18.09","+12 20 53.7",6.74,"G2V",26749
19769,"04 14 19.83","-38 15 36.6",6.92,"G8III",26979
19777,"04 14 23.69","-10 15 21.2",4.87,"K3III",26846
19780,"04 14 25.43","-62 28 26.3",3.33,"G7III",27256
19785,"04 14 26.42","+23 41 47.2",6.77,"K0",26719
19799,"04 14 36.24","+10 00 41.2",5.22,"B9Vn",26793
19805,"04 14 48.55","-62 11 31.4",5.45,"K0III",27304
19810,"04 14 52.07","+37 32 33.6",6.31,"G5",26702
19811,"04 14 53.31","+40 29 01.4",4.67,"G5II comp",26673
19812,"04 14 53.86","+48 24 33.7",4.12,"G0Ib...",26630
19820,"04 15 00.30","-16 10 50.4",6.94,"G5IV/V",26940
19823,"04 15 01.80","+57 27 37.3",6.06,"A4III",26553
19836,"04 15 11.07","-37 11 48.8",6.76,"A3V",27078
19849,"04 15 17.64","-07 38 40.4",4.43,"K1V",26965
19855,"04 15 25.85","+06 11 59.7",6.94,"G5IV",26913
19856,"04 15 26.75","-16 26 42.6",6.87,"B7III",26994
19859,"04 15 28.86","+06 11 13.6",6.32,"G0IV...",26923
19860,"04 15 32.05","+08 53 32.7",4.27,"B3IV",26912
19877,"04 15 46.21","+15 24 02.7",6.31,"F5Vvar",26911
19878,"04 15 46.29","-23 14 16.1",6.73,"A1V",27066
19881,"04 15 51.69","-22 09 04.8",6.93,"A3V",27076
19890,"04 15 58.95","-84 10 52.9",6.99,"K0/K1III",29245
19893,"04 16 01.49","-51 29 13.5",4.26,"F4III",27290
19917,"04 16 20.92","-60 56 54.8",6.34,"Ap EuCr(Sr)",27463
19921,"04 16 29.08","-59 18 06.3",4.44,"K2IV",27442
19949,"04 16 43.11","+53 36 42.5",5.2,"A2Vn",26764
19960,"04 16 48.70","+16 12 52.0",6.57,"K1III",27029
19968,"04 16 53.55","+61 51 00.1",5.69,"B5Vn",26670
19983,"04 17 08.07","+57 51 37.7",5.72,"K1III",26755
19985,"04 17 11.42","+05 01 28.6",6.91,"F2",27131
19986,"04 17 12.31","+50 51 57.0",6.59,"K2",26857
19990,"04 17 15.69","+20 34 43.5",4.93,"A3m",27045
19996,"04 17 19.23","-06 28 19.8",5.95,"G8III:",27179
20004,"04 17 21.10","+57 10 41.8",6.71,"Ap Sr",26792
20020,"04 17 40.27","-63 15 19.8",5.88,"B+...",27657
20025,"04 17 42.99","+13 50 11.3",6.9,"G5",27145
20037,"04 17 50.74","+67 05 19.3",6.89,"B8",26669
20039,"04 17 51.85","+80 32 08.7",6.39,"K0",25904
20042,"04 17 53.62","-33 47 54.0",3.55,"B9V",27376
20049,"04 17 59.18","-80 12 51.1",5.67,"K2/K3III+..",28525
20063,"04 18 08.09","+42 08 28.5",6.22,"B9V",27026
20069,"04 18 14.22","-14 38 19.6",6.86,"K0III",27325
20070,"04 18 14.58","+50 17 44.3",4.6,"A2V",26961
20075,"04 18 16.07","-20 42 55.1",6.0,"M4III",27362
20087,"04 18 23.14","+21 34 45.8",5.64,"F0V",27176
20089,"04 18 24.64","+09 29 13.9",6.54,"A4III",27236
20106,"04 18 37.46","-22 58 11.4",6.09,"A3m...",27411
20109,"04 18 39.98","-52 51 37.0",6.08,"A8V+...",27604
20138,"04 19 02.89","-33 54 16.7",6.36,"A+...",27490
20144,"04 19 06.36","-79 31 15.5",6.96,"A7III/IV",28566
20155,"04 19 13.11","+42 22 52.8",6.98,"F5",27157
20156,"04 19 13.18","+50 02 55.8",5.46,"A7V",27084
20161,"04 19 16.65","-44 16 04.2",5.33,"K2III",27588
20171,"04 19 26.08","+21 08 32.7",5.5,"B9IV",27295
20179,"04 19 30.99","-08 07 10.4",6.95,"A0",27436
20186,"04 19 36.69","+21 46 24.9",5.34,"A0p Si",27309
20188,"04 19 37.43","+10 07 17.5",6.31,"K0",27386
20194,"04 19 42.40","-25 01 29.4",6.86,"K3III",27518
20205,"04 19 47.53","+15 37 39.7",3.65,"G8III",27371
20212,"04 19 53.62","-12 23 56.9",6.72,"G8III",27487
20215,"04 19 54.78","+16 31 21.6",6.85,"F7V+...",27383
20219,"04 19 57.63","+14 02 06.9",5.58,"F3V...",27397
20225,"04 20 02.74","+78 04 46.6",6.95,"G5",26415
20229,"04 20 09.06","-16 26 14.1",6.8,"B9V",27528
20231,"04 20 09.95","+31 57 11.5",6.16,"K5",27349
20234,"04 20 11.51","+50 55 15.4",5.55,"B1.5IV",27192
20241,"04 20 14.42","+41 48 29.4",5.95,"K0III",27278
20243,"04 20 15.29","-02 37 42.8",6.89,"M4III",27498
20250,"04 20 21.23","+27 21 03.4",4.97,"K1III",27382
20252,"04 20 24.66","+34 34 00.3",4.93,"G8III",27348
20255,"04 20 25.04","+18 44 33.8",6.11,"F3:V...",27429
20257,"04 20 28.91","-01 18 58.8",6.78,"A3",27516
20261,"04 20 36.24","+15 05 43.8",5.26,"F0V",27459
20263,"04 20 38.59","-06 14 45.1",6.15,"G8IV:",27536
20264,"04 20 39.00","-20 38 22.6",5.38,"A0V",27616
20266,"04 20 40.36","+65 08 25.6",5.26,"G5III",27022
20268,"04 20 41.25","+06 07 51.3",5.76,"G8III-IV",27497
20269,"04 20 41.33","-16 49 48.0",6.97,"M3III",27598
20271,"04 20 42.83","-07 35 33.0",5.85,"B5III",27563
20281,"04 20 49.04","+09 13 29.2",6.52,"A4V",27505
20284,"04 20 52.66","+13 51 52.1",6.15,"F6V...",27483
20297,"04 20 58.03","-81 34 48.8",5.78,"F0/F2III",29116
20330,"04 21 19.59","+76 06 22.1",6.74,"B5",26684
20341,"04 21 27.05","-00 05 52.3",5.86,"K2",27611
20347,"04 21 31.29","-25 43 42.4",6.08,"F2V",27710
20349,"04 21 31.58","+21 02 23.9",6.79,"F5V",27524
20350,"04 21 32.20","+18 25 03.6",6.8,"F6V",27534
20354,"04 21 33.15","+46 29 56.3",4.8,"B4IV",27396
20357,"04 21 34.73","+14 24 35.4",6.6,"F5V",27561
20360,"04 21 37.51","-06 17 02.9",6.45,"A0",27660
20372,"04 21 45.67","-37 46 54.3",6.53,"K4III",27804
20373,"04 21 46.30","+02 23 25.6",6.92,"F5",27642
20376,"04 21 47.58","+60 44 09.2",5.4,"M0III",27245
20380,"04 21 51.82","+56 30 22.7",5.91,"A3V",27322
20384,"04 21 53.22","-63 23 12.5",5.24,"G7III",28093
20400,"04 22 03.45","+14 04 38.1",5.72,"A3m",27628
20417,"04 22 22.73","+20 49 17.1",5.91,"M0III",27639
20430,"04 22 34.93","+25 37 45.7",5.38,"B9V",27638
20440,"04 22 44.10","+15 03 22.1",6.97,"G0V",27691
20446,"04 22 51.08","-82 53 56.7",6.77,"A7IV/V",29598
20455,"04 22 56.03","+17 32 33.3",3.77,"G8III",27697
20456,"04 22 57.91","+59 36 58.6",6.18,"A4V",27402
20465,"04 23 05.66","-24 53 31.6",5.81,"K5III",27881
20467,"04 23 07.76","-35 32 41.4",6.38,"K1III",27941
20472,"04 23 16.83","+11 22 40.8",6.64,"A2",27762
20484,"04 23 25.00","+16 46 38.4",5.64,"A1m",27749
20493,"04 23 32.36","+20 58 55.7",6.0,"B8IV-V",27742
20498,"04 23 35.80","+42 25 40.8",6.25,"A1sp...",27650
20507,"04 23 40.88","-03 44 43.2",5.17,"A2V",27861
20522,"04 23 51.84","+09 27 39.5",5.1,"A3V",27820
20529,"04 23 55.82","-66 44 14.2",6.98,"A2m...",28398
20533,"04 23 59.76","+24 18 03.7",6.34,"B3V",27778
20535,"04 24 02.17","-34 01 01.2",3.97,"K4III",28028
20542,"04 24 05.69","+17 26 39.2",4.8,"A7V",27819
20552,"04 24 12.32","-57 04 16.2",6.28,"G4V+...",28255
20556,"04 24 13.95","+51 56 13.6",6.84,"A2",27636
20558,"04 24 14.47","+12 09 28.9",6.42,"K0",27860
20567,"04 24 22.21","+17 04 44.5",6.96,"F6V",27848
20579,"04 24 29.14","+34 07 51.0",5.73,"B8V",27777
20586,"04 24 32.79","+50 50 43.2",6.87,"F2",27673
20591,"04 24 37.42","+33 57 35.6",5.77,"F4V",27786
20613,"04 24 56.45","-34 45 25.9",6.55,"F3/F5IV",28143
20614,"04 24 57.06","+19 02 31.5",5.97,"F4V",27901
20619,"04 25 05.36","-61 14 17.7",5.94,"K4/K5III",28413
20630,"04 25 19.10","-44 09 39.8",6.38,"F6V",28246
20635,"04 25 22.10","+22 17 38.3",4.21,"A7IV-V",27934
20641,"04 25 24.94","+22 12 00.4",5.27,"A7V",27946
20648,"04 25 29.32","+17 55 40.8",4.3,"A2IV",27962
20650,"04 25 29.65","-53 06 42.8",6.91,"F0V",28349
20661,"04 25 37.25","+15 56 27.9",6.44,"F7V",27991
20667,"04 25 39.61","-01 24 39.1",6.76,"G5",28053
20675,"04 25 42.31","-09 55 35.9",6.66,"K5",28102
20698,"04 26 01.34","+04 22 24.6",6.37,"K0",28086
20704,"04 26 06.26","+31 26 21.1",5.29,"K1III",27971
20711,"04 26 18.39","+22 48 49.3",4.28,"A8Vn",28024
20713,"04 26 20.67","+15 37 06.0",4.48,"F0V...",28052
20715,"04 26 21.10","+08 35 25.0",6.06,"B6IV",28114
20727,"04 26 30.50","-32 48 58.8",6.81,"F2V",28313
20732,"04 26 36.38","+14 42 49.9",4.69,"G8III",28100
20735,"04 26 37.69","-40 31 45.9",6.7,"A1V",28358
20756,"04 26 51.12","+17 01 43.5",6.86,"K5V",28124
20765,"04 26 56.93","-24 04 52.6",6.11,"A3V",28312
20771,"04 27 00.66","+02 04 46.4",6.23,"K1III",28191
20772,"04 27 00.86","+57 35 07.2",6.28,"A0III",27855
20776,"04 27 02.89","+80 49 27.2",5.42,"G6III:",26836
20780,"04 27 04.86","+18 12 27.3",6.94,"A0",28150
20781,"04 27 05.92","-46 56 48.6",6.1,"F8V",28454
20784,"04 27 06.45","-62 47 58.8",6.87,"A0V",28667
20789,"04 27 17.45","+22 59 46.9",5.53,"B7V",28149
20791,"04 27 18.28","+36 31 13.3",6.76,"G5",28067
20800,"04 27 24.63","+46 51 14.0",6.72,"G0",28005
20804,"04 27 28.77","+11 12 44.4",5.87,"B8IV",28217
20825,"04 27 46.04","-62 31 16.4",5.74,"K0III",28732
20829,"04 27 47.50","-11 07 27.7",6.97,"G5",28357
20836,"04 27 55.38","-21 30 14.2",6.75,"F5V",28396
20842,"04 28 00.72","+21 37 12.0",5.72,"Am",28226
20848,"04 28 03.62","+01 51 30.9",6.14,"G9III",28322
20854,"04 28 07.18","-15 10 49.5",6.69,"G8IV",28386
20856,"04 28 09.48","-41 57 35.4",6.41,"M1III",28552
20860,"04 28 13.30","+83 48 27.9",5.51,"B5V",26356
20873,"04 28 23.34","+14 44 27.7",5.9,"F0IV",28294
20877,"04 28 26.37","+16 21 34.7",4.96,"K2IIIvar",28292
20884,"04 28 32.11","+01 22 51.1",5.53,"B3V",28375
20885,"04 28 34.43","+15 57 44.0",3.84,"G7III",28307
20889,"04 28 36.93","+19 10 49.9",3.53,"K0III",28305
20892,"04 28 39.01","-19 27 31.0",5.95,"K2III",28479
20894,"04 28 39.67","+15 52 15.4",3.4,"A7III",28319
20901,"04 28 50.10","+13 02 51.5",5.02,"A7V",28355
20904,"04 28 51.98","+30 21 41.5",6.38,"F7V",28271
20916,"04 28 59.72","+16 09 33.0",6.59,"F7V+...",28363
20922,"04 29 06.93","-13 02 54.1",5.61,"B2V:ne",28497
20933,"04 29 19.83","+27 24 15.5",6.53,"A0",28354
20934,"04 29 20.04","-46 30 55.3",6.13,"K1III",28700
20948,"04 29 30.29","+17 51 47.7",6.9,"F6V",28406
20953,"04 29 32.61","-26 16 33.4",6.78,"K1III",28599
20958,"04 29 38.93","+05 09 51.5",6.93,"M3II",28487
20963,"04 29 42.86","+10 31 18.7",6.77,"B5V",28475
20974,"04 29 51.92","+69 22 42.2",6.63,"K0",27932
20982,"04 30 00.60","+83 20 24.5",5.47,"G8III",26659
20985,"04 30 02.30","+10 15 44.7",6.47,"G8III",28505
20995,"04 30 08.53","+15 38 16.4",5.58,"F0V...",28485
20997,"04 30 09.99","-13 35 32.5",6.22,"K0III",28625
21010,"04 30 19.96","+28 07 54.4",6.51,"G5",28447
21029,"04 30 33.57","+16 11 38.7",4.78,"A6IV",28527
21032,"04 30 33.75","-23 01 27.8",6.83,"A7V",28708
21036,"04 30 37.30","+13 43 28.0",5.4,"F0V",28556
21038,"04 30 38.40","+32 27 28.1",6.18,"B9.5Vn",28459
21039,"04 30 38.83","+15 41 31.0",5.47,"Am",28546
21042,"04 30 40.33","-35 39 12.9",5.95,"K0II",28776
21053,"04 30 46.74","+16 08 55.5",6.5,"F5V",28568
21060,"04 30 50.10","-44 57 13.5",5.07,"B2IV-V",28873
21062,"04 30 52.89","+44 36 11.0",6.99,"K0",28416
21078,"04 31 04.12","+06 47 29.6",6.78,"G5+...",28630
21082,"04 31 07.16","+15 06 18.6",6.28,"M3III",28595
21108,"04 31 24.10","+40 00 36.8",6.25,"B8V",28503
21110,"04 31 25.86","-13 38 38.8",6.25,"A2/A3V",28763
21135,"04 31 50.44","+05 45 52.2",6.68,"B9",28715
21137,"04 31 51.69","+15 51 05.9",6.01,"F4V...",28677
21139,"04 31 52.67","-00 02 38.4",4.91,"K3II-III",28749
21144,"04 31 56.94","+36 44 34.3",6.35,"G5",28591
21147,"04 31 59.81","-20 41 57.8",6.76,"M0III",28859
21148,"04 32 01.84","+53 54 39.0",5.78,"B0III SB",28446
21152,"04 32 04.74","+05 24 36.1",6.37,"F5V",28736
21167,"04 32 17.23","+37 02 35.8",6.8,"F5",28620
21192,"04 32 37.54","-03 12 34.2",5.76,"B9III",28843
21218,"04 33 06.34","-12 32 35.9",6.67,"K1III",28947
21219,"04 33 07.11","+67 37 53.4",6.94,"A2",28342
21236,"04 33 19.03","+64 10 11.0",6.86,"G5",28433
21238,"04 33 21.59","+43 01 55.4",6.8,"F0",28693
21239,"04 33 22.09","-10 47 07.5",6.06,"K0",28970
21242,"04 33 24.90","+43 03 50.0",6.09,"F0V",28704
21247,"04 33 30.62","+72 31 43.8",5.94,"A8m",28204
21248,"04 33 30.63","-29 45 57.0",4.49,"K0III",29085
21249,"04 33 31.64","-06 59 17.3",6.6,"K2",28961
21251,"04 33 33.04","+18 01 00.3",6.24,"B9IVn",28867
21253,"04 33 34.10","-62 49 25.1",5.79,"K1III",29399
21257,"04 33 38.08","+16 19 24.2",6.58,"F0",28879
21258,"04 33 38.49","-08 15 20.3",6.63,"A0",28980
21264,"04 33 44.41","-05 18 34.2",6.66,"K0",28979
21267,"04 33 46.58","+13 15 06.9",6.62,"F5V",28911
21269,"04 33 48.18","+09 24 49.0",6.01,"G8III",28930
21273,"04 33 50.86","+14 50 40.2",4.65,"A8V",28910
21278,"04 33 54.73","-06 44 20.0",5.71,"B9p Si",29009
21281,"04 33 59.72","-55 02 42.0",3.3,"A0V:",29305
21287,"04 34 02.65","-28 26 58.4",6.85,"F0/F2III",29134
21295,"04 34 08.28","+05 34 07.1",5.67,"A2Vs",28978
21296,"04 34 11.64","-08 13 52.9",5.2,"M3III",29064
21297,"04 34 11.79","-08 58 11.9",5.24,"K4III",29065
21298,"04 34 14.21","-06 50 15.8",6.09,"K2III",29063
21300,"04 34 15.44","-73 12 32.1",6.8,"G8III",29751
21323,"04 34 37.99","+28 57 40.3",5.88,"B9p...",28929
21324,"04 34 38.13","-24 02 26.0",6.37,"K1III",29163
21341,"04 34 45.42","+22 41 32.6",6.78,"F2",28976
21363,"04 35 00.65","-19 55 17.5",6.12,"K2IIICN...",29184
21365,"04 35 02.37","+17 12 04.4",6.73,"K5",29051
21369,"04 35 05.34","+57 25 14.3",6.65,"F0",28734
21377,"04 35 14.10","-09 44 10.8",6.74,"A1m",29173
21381,"04 35 17.70","-24 31 58.7",6.69,"F7V",29239
21386,"04 35 24.09","+85 31 37.2",6.55,"F8",26367
21393,"04 35 33.07","-30 33 44.3",3.81,"G8III",29291
21402,"04 35 39.23","+10 09 39.3",4.25,"A5m",29140
21408,"04 35 42.57","+19 52 54.6",6.33,"G5II-III+..",29104
21410,"04 35 43.53","+59 24 03.0",6.78,"A0",28793
21421,"04 35 55.20","+16 30 35.1",0.87,"K5III",29139
21426,"04 36 00.54","+55 30 44.0",6.91,"F8",28877
21428,"04 36 01.67","-03 36 41.8",6.34,"B7III",29227
21444,"04 36 19.14","-03 21 08.8",3.93,"B2III SB",29248
21446,"04 36 19.61","+11 24 45.1",6.74,"A0",29207
21447,"04 36 20.72","+61 21 44.4",6.91,"K2",28828
21452,"04 36 24.23","+64 15 41.8",5.91,"A1V",28780
21459,"04 36 29.07","+23 20 27.5",6.01,"F5IV",29169
21468,"04 36 37.93","+36 57 10.5",6.62,"K2III-IV",29122
21474,"04 36 40.66","+15 52 09.8",6.64,"F5V",29225
21476,"04 36 41.43","+41 15 53.5",4.25,"G8II comp",29094
21479,"04 36 45.68","-62 04 37.1",5.59,"M8e",29712
21486,"04 36 50.94","-30 43 00.5",6.28,"Ap...",29435
21502,"04 37 05.64","-30 25 45.5",6.9,"K1/K2III",29453
21515,"04 37 13.68","+00 59 54.0",5.32,"B7V",29335
21517,"04 37 14.78","+18 32 35.0",6.49,"F5Ib",29260
21525,"04 37 19.25","-41 52 23.0",6.4,"A3Vs...",29559
21547,"04 37 36.11","-02 28 24.2",5.22,"F0V",29391
21583,"04 38 05.86","+46 14 01.3",6.98,"G8V",29203
21585,"04 38 07.59","-58 12 14.0",6.61,"G8III",29781
21588,"04 38 09.38","+16 02 00.2",5.78,"F0V",29375
21589,"04 38 09.40","+12 30 39.1",4.27,"A6V",29388
21594,"04 38 10.87","-14 18 12.9",3.86,"K1III",29503
21601,"04 38 15.04","+60 53 03.3",6.64,"K0",29060
21604,"04 38 15.84","+20 41 05.1",5.85,"B8V",29365
21611,"04 38 21.74","-77 39 21.5",6.05,"K2III",30479
21619,"04 38 29.49","+26 56 21.9",6.56,"F2V:",29364
21634,"04 38 49.28","-62 22 43.0",6.78,"A5V",29920
21642,"04 38 53.33","+42 14 24.1",6.89,"K0",29297
21644,"04 38 53.59","-12 07 23.1",4.99,"A0V",29573
21666,"04 39 04.29","-51 40 22.1",6.45,"K2III",29805
21670,"04 39 06.10","+07 52 15.6",5.38,"A5m",29499
21673,"04 39 09.20","+15 48 00.1",5.08,"A4m",29479
21683,"04 39 16.45","+15 55 04.9",4.67,"A5Vn",29488
21685,"04 39 19.64","-14 21 32.0",5.46,"K0III",29613
21689,"04 39 23.14","+25 13 05.9",6.21,"A5Vn",29459
21718,"04 39 47.21","-01 03 08.8",6.11,"K0",29610
21727,"04 39 54.69","+53 04 46.5",5.07,"K0III SB",29317
21730,"04 39 58.03","+53 28 23.7",5.36,"A8V",29316
21735,"04 40 03.42","+12 11 51.5",5.45,"B8IV",29589
21743,"04 40 06.85","-24 28 56.7",5.56,"G6/G8III",29737
21749,"04 40 11.06","+40 47 20.6",6.58,"F2",29457
21756,"04 40 17.72","-58 56 39.6",6.53,"G5V",30003
21760,"04 40 22.65","+29 58 20.4",6.8,"F0",29537
21763,"04 40 26.49","-19 40 16.5",4.32,"M3/M4III",29755
21770,"04 40 33.82","-41 51 48.9",4.44,"F2V",29875
21771,"04 40 34.22","-48 32 17.9",6.9,"G8/K0III",29930
21819,"04 41 19.74","+28 36 54.2",5.73,"A2V",29646
21823,"04 41 24.09","+48 18 03.6",5.66,"A0V",29526
21837,"04 41 42.04","-12 28 33.0",6.64,"A2IV/V",29851
21843,"04 41 46.15","-47 15 36.1",6.77,"G8III+...",30042
21847,"04 41 50.08","+38 16 49.5",5.97,"G0V",29645
21861,"04 42 03.45","-37 08 41.2",5.04,"F3V",29992
21869,"04 42 08.15","-37 36 48.6",6.93,"B9.5V",30011
21881,"04 42 14.70","+22 57 25.1",4.27,"B3V",29763
21882,"04 42 14.99","+09 38 02.3",6.76,"F2",29819
21893,"04 42 22.22","-23 10 40.6",6.8,"K5III",29963
21894,"04 42 22.58","-00 55 47.5",6.73,"F0",29870
21914,"04 42 46.46","-50 28 53.1",5.3,"K0/K1III",30185
21915,"04 42 47.63","+38 25 35.9",6.66,"A5",29742
21928,"04 42 54.30","+43 21 55.0",5.3,"A1Vn",29722
21942,"04 42 59.32","+14 48 52.4",6.69,"G5",29869
21949,"04 43 03.95","-70 55 52.0",5.53,"B9IV",30612
21958,"04 43 09.31","-30 45 55.4",5.66,"K3III",30080
21961,"04 43 13.75","+24 05 20.3",6.18,"F7IV-V",29859
21966,"04 43 17.76","+59 31 16.4",6.51,"A7IV",29606
21972,"04 43 21.60","+49 58 25.8",5.86,"B9III",29721
21986,"04 43 34.73","-08 47 39.3",5.98,"F4IIIp (Sr)",30020
21998,"04 43 44.26","-41 03 53.3",6.24,"K3/K4III",30202
21999,"04 43 44.35","-52 15 48.3",6.62,"F3IV/V",30317
22003,"04 43 48.27","+32 51 56.0",6.49,"A8V",29867
22006,"04 43 49.58","-48 19 39.5",6.9,"F6/F7V",30292
22013,"04 43 54.00","+22 56 40.0",6.91,"B9",29935
22024,"04 44 05.32","-08 30 12.9",5.78,"B2Ve",30076
22028,"04 44 07.95","-18 39 59.6",5.53,"A1V",30127
22034,"04 44 13.01","+40 47 11.4",6.09,"B8IVn",29866
22036,"04 44 15.28","-27 34 40.2",6.76,"K4III",30182
22040,"04 44 21.12","-59 43 58.2",5.28,"A8/A9III/IV",30478
22041,"04 44 21.41","+48 10 33.4",6.78,"K0",29827
22044,"04 44 25.77","+11 08 46.2",5.39,"F0V",30034
22055,"04 44 35.33","+38 15 17.9",6.74,"G0",29923
22075,"04 44 55.07","+52 20 22.9",6.88,"B5",29846
22081,"04 44 57.91","-63 13 46.9",6.46,"K0/K1III",30610
22086,"04 45 04.15","-21 17 00.0",5.72,"K4III",30238
22093,"04 45 14.56","+79 39 24.8",6.67,"A0",28985
22109,"04 45 30.14","-03 15 16.6",4.01,"B5IV",30211
22128,"04 45 42.46","+23 37 40.9",6.34,"B5III",30122
22136,"04 45 49.64","-34 00 18.2",6.85,"A0V",30397
22144,"04 45 55.50","-39 21 23.7",6.04,"K1III",30432
22152,"04 46 00.39","+76 36 40.9",6.46,"F7V",29329
22157,"04 46 01.70","+11 42 20.2",5.35,"Am...",30210
22176,"04 46 16.78","+18 44 05.5",5.99,"K4III",30197
22189,"04 46 24.15","-02 57 15.8",6.33,"A2V",30321
22190,"04 46 24.50","+64 48 37.5",6.85,"G5",29826
22192,"04 46 25.75","-28 05 15.0",6.18,"A2IV/V",30422
22196,"04 46 26.92","+42 20 54.2",6.53,"G0",30090
22220,"04 46 44.47","+40 18 45.6",5.99,"G9III",30138
22240,"04 47 06.85","-59 08 13.6",6.8,"K0III",30790
22245,"04 47 17.91","+05 47 17.8",6.77,"A0",30365
22263,"04 47 36.21","-16 56 05.5",5.49,"G3V",30495
22279,"04 47 49.52","+53 18 04.6",6.77,"F2",30136
22280,"04 47 49.56","-30 01 14.2",6.35,"K0III",30608
22287,"04 48 00.22","+56 45 27.1",5.29,"A3m",30121
22300,"04 48 06.94","+55 36 10.2",6.32,"F0",30144
22309,"04 48 19.05","+29 14 09.2",6.89,"F5",30379
22319,"04 48 27.65","+02 42 54.5",6.51,"G5",30508
22325,"04 48 32.53","-16 19 46.5",5.76,"F8V",30606
22329,"04 48 33.78","-43 58 48.1",6.72,"G8III",30788
22336,"04 48 36.20","-05 40 24.4",5.77,"F8V",30562
22349,"04 48 42.02","+18 42 37.3",6.95,"G2V...",30455
22354,"04 48 44.63","+03 35 18.8",6.04,"K1III",30545
22358,"04 48 47.03","-60 15 32.2",6.96,"K3III",31028
22361,"04 48 50.26","+75 56 29.6",5.96,"A9IV",29678
22381,"04 49 04.76","-56 39 59.9",6.59,"M2III",31009
22391,"04 49 11.75","-34 18 42.4",6.81,"K1III",30786
22393,"04 49 12.84","+31 26 15.4",5.57,"K2III",30454
22407,"04 49 19.06","+32 35 17.8",5.84,"A8m",30453
22439,"04 49 42.32","-13 46 09.3",6.27,"F3/F5V",30743
22441,"04 49 44.08","+15 54 15.3",6.09,"K3III",30605
22449,"04 49 50.14","+06 57 40.5",3.19,"F6V",30652
22453,"04 49 54.67","+37 29 17.5",4.89,"K4II",30504
22461,"04 50 03.62","+08 24 28.3",6.85,"B1II-IIIn..",30677
22467,"04 50 06.80","-15 48 15.3",6.72,"G8III",30801
22476,"04 50 10.02","+63 37 31.9",6.88,"A0",30244
22479,"04 50 11.59","-16 13 02.2",5.03,"K0III",30814
22488,"04 50 16.18","-41 19 15.6",6.06,"F1III-IV",30985
22508,"04 50 36.39","+70 56 29.7",6.36,"A0IV",30085
22509,"04 50 36.72","+08 54 00.9",4.35,"A1Vn",30739
22520,"04 50 45.39","+01 08 52.1",6.66,"A2",30796
22531,"04 50 55.39","-53 27 42.2",5.58,"F0IV...",31203
22534,"04 50 56.58","-53 27 35.7",6.42,"F0IV",31204
22545,"04 51 09.36","+48 44 26.7",5.64,"G9III",30557
22549,"04 51 12.37","+05 36 18.4",3.68,"B2III SB",30836
22550,"04 51 12.48","+11 04 05.0",6.79,"F6V",30810
22552,"04 51 13.35","+68 10 07.7",6.54,"N5",30243
22563,"04 51 20.87","-68 04 11.3",6.81,"G1V",31532
22565,"04 51 22.41","+18 50 23.8",5.08,"A7IV-V",30780
22570,"04 51 27.03","-51 43 32.1",6.55,"A2/A3",31244
22573,"04 51 28.20","-34 54 22.4",5.82,"A2/A3V",31093
22576,"04 51 29.43","+35 48 55.5",6.78,"G5",30708
22596,"04 51 43.24","+45 50 07.9",6.94,"G1V-VI",30649
22597,"04 51 43.38","+09 58 30.3",6.11,"B5V",30870
22607,"04 51 49.92","+13 39 18.7",6.3,"F5",30869
22611,"04 51 54.19","-34 14 19.3",6.68,"F6IV/V",31142
22616,"04 51 57.17","+09 52 22.0",6.82,"F2",30913
22626,"04 52 05.17","+63 30 20.3",5.47,"M2III",30442
22633,"04 52 10.56","+31 09 51.9",6.71,"G5",30825
22647,"04 52 20.34","+36 38 31.4",6.8,"K0",30794
22650,"04 52 21.47","+45 56 24.2",6.69,"F7V",30736
22667,"04 52 31.96","+14 15 02.8",4.71,"M3Sv",30959
22678,"04 52 38.00","+36 42 11.5",4.79,"K3III",30834
22697,"04 52 47.09","+27 53 51.3",5.97,"F2IV",30912
22699,"04 52 47.77","+42 35 11.9",5.68,"A3III",30823
22701,"04 52 53.68","-05 27 09.9",4.36,"A9IV",31109
22717,"04 53 05.73","-72 24 30.0",6.28,"F8V",31975
22720,"04 53 09.80","+52 50 28.3",6.4,"A2V",30752
22724,"04 53 16.90","-38 08 39.4",6.95,"K4III",31349
22730,"04 53 22.76","+02 30 29.8",5.33,"M1III",31139
22737,"04 53 30.49","-66 40 31.6",6.43,"M0/M1III",31754
22743,"04 53 34.10","+23 18 56.4",6.55,"K0",31039
22744,"04 53 34.76","+36 48 21.2",6.69,"G5",30943
22754,"04 53 39.71","+61 28 54.6",6.64,"A2",30685
22774,"04 53 55.80","+01 34 09.8",6.61,"A1Vn",31209
22783,"04 54 03.01","+66 20 33.6",4.26,"O9.5Ia SB:",30614
22786,"04 54 04.11","-38 09 46.4",6.75,"K1III",31430
22797,"04 54 15.10","+02 26 26.4",3.71,"B2III SB",31237
22812,"04 54 27.96","-03 13 33.3",6.52,"F5",31297
22833,"04 54 46.91","+11 25 33.5",5.18,"A3V",31283
22834,"04 54 47.79","+07 46 45.0",5.33,"K1III",31296
22840,"04 54 50.71","+00 28 01.8",5.98,"B5V",31331
22842,"04 54 51.22","+44 03 39.6",6.06,"A0V",31069
22844,"04 54 52.92","-58 32 52.1",6.11,"F3V",31746
22845,"04 54 53.70","+10 09 04.1",4.64,"A0V",31295
22847,"04 54 54.82","-39 37 43.2",6.11,"K3III",31529
22848,"04 54 56.38","+08 36 00.0",6.86,"A0",31306
22850,"04 54 58.32","+19 29 07.6",6.36,"F3IV",31236
22854,"04 55 03.14","+55 15 32.9",5.52,"B9.5V",30958
22860,"04 55 06.82","-16 44 26.3",5.71,"G8/K0III",31414
22871,"04 55 11.14","-74 56 13.2",5.47,"K6III",32440
22881,"04 55 18.64","-16 25 04.3",5.71,"G6/G8III",31444
22897,"04 55 30.17","-25 43 40.1",6.71,"A8V+...",31517
22913,"04 55 50.16","+15 02 25.1",5.79,"B9V",31373
22923,"04 55 58.36","+05 23 56.6",6.5,"A0V",31411
22926,"04 56 01.03","+01 37 30.3",6.88,"A5",31437
22936,"04 56 07.08","+52 52 11.0",5.75,"A2Vs",31134
22938,"04 56 09.02","+07 54 17.3",6.42,"F5",31423
22949,"04 56 15.59","+24 35 32.1",6.33,"F0",31362
22955,"04 56 20.09","+36 10 06.8",6.1,"B2Ib",31327
22957,"04 56 22.32","+13 30 52.5",4.06,"K2III",31421
22958,"04 56 24.19","-05 10 16.9",5.5,"B6V",31512
22994,"04 56 49.49","+55 49 27.0",6.65,"K5",31189
23011,"04 56 58.73","-08 27 32.0",6.89,"A5",31625
23015,"04 56 59.62","+33 09 58.1",2.69,"K3IIvar",31398
23020,"04 57 02.46","+49 55 20.5",6.95,"F0",31292
23029,"04 57 07.48","-58 04 11.5",6.81,"F2V",32065
23033,"04 57 09.56","+59 07 13.3",6.55,"M0",31177
23037,"04 57 15.42","+61 45 11.2",6.76,"G0",31151
23041,"04 57 17.21","-01 04 01.9",6.25,"F2",31623
23040,"04 57 17.22","+53 45 07.5",4.43,"A1V",31278
23043,"04 57 22.35","+17 09 13.3",5.51,"K1III",31539
23047,"04 57 31.56","+65 16 42.2",6.72,"G5",31067
23060,"04 57 44.69","-14 13 54.8",6.15,"B2V",31726
23068,"04 57 48.65","+23 56 54.9",5.79,"G8III:",31553
23081,"04 58 01.99","-58 12 29.7",6.87,"K5III",32227
23088,"04 58 09.38","+25 03 01.9",5.79,"A0V",31592
23090,"04 58 10.43","-16 46 48.7",6.67,"A2IV",31810
23092,"04 58 10.90","-02 12 46.0",6.34,"A2V",31739
23116,"04 58 26.15","-03 43 58.8",6.97,"F5",31768
23117,"04 58 28.45","+37 19 45.0",6.74,"A5",31550
23123,"04 58 32.90","+01 42 50.5",4.47,"K2IIvar",31767
23148,"04 58 50.99","-82 28 13.9",5.84,"G8III",34172
23161,"04 58 59.41","+14 32 35.7",6.14,"B7V",31764
23166,"04 59 01.44","-16 22 34.8",5.65,"F5V",31925
23179,"04 59 15.38","+37 53 25.7",4.93,"A1V",31647
23183,"04 59 19.19","-32 14 21.3",6.7,"K2III",32079
23196,"04 59 29.64","-49 27 29.2",6.99,"F3V",32278
23213,"04 59 42.79","+41 52 23.4",6.66,"K0III",31664
23214,"04 59 44.27","+15 55 00.5",6.75,"F5V",31845
23216,"04 59 46.34","+53 09 19.7",6.09,"K4III",31579
23221,"04 59 50.44","-10 15 46.8",5.39,"G4V",32008
23228,"04 59 53.74","+27 19 32.4",6.95,"B7V",31806
23231,"04 59 55.71","-12 32 13.9",4.78,"F0V",32045
23251,"05 00 13.29","-78 18 00.0",6.29,"K5/M0III",33519
23261,"05 00 18.35","+39 23 40.9",5.95,"F5V",31761
23265,"05 00 20.72","+81 11 38.5",5.09,"K3III",30338
23268,"05 00 23.21","+39 39 16.8",6.46,"K4Iab:",31780
23286,"05 00 33.77","+14 23 01.3",6.75,"G5V",31966
23287,"05 00 33.93","+03 36 56.9",6.65,"B9Vn",32040
23296,"05 00 39.82","-02 03 57.7",6.31,"A8IV",32115
23303,"05 00 42.62","+10 54 48.4",6.8,"B9",32021
23310,"05 00 47.20","+04 34 03.8",6.69,"K0",32073
23311,"05 00 48.68","-05 45 03.5",6.22,"K3V",32147
23335,"05 01 09.42","-74 20 27.1",6.9,"B9.5V",33244
23362,"05 01 25.56","-20 03 06.8",4.91,"B9V",32309
23363,"05 01 25.65","-00 41 48.6",6.76,"A3",32219
23364,"05 01 26.34","-07 10 26.3",4.8,"B3V",32249
23377,"05 01 34.53","-39 43 05.3",6.02,"G8III",32453
23380,"05 01 36.02","+61 04 42.4",6.03,"F4V",31662
23395,"05 01 44.28","+26 40 15.8",6.79,"G2V",32092
23405,"05 01 47.62","-10 56 02.0",6.76,"G5",32308
23408,"05 01 50.35","+00 43 19.8",5.91,"K0",32263
23416,"05 01 58.13","+43 49 23.9",3.03,"F0Ia",31964
23419,"05 02 00.03","+01 36 31.8",6.45,"B8V",32273
23422,"05 02 00.97","-05 30 03.5",6.64,"F0",32306
23430,"05 02 09.77","-26 16 29.4",5.01,"K1III",32436
23442,"05 02 19.79","+74 16 09.4",6.05,"K5III",31312
23446,"05 02 22.81","-31 46 17.5",5.92,"K2III",32515
23453,"05 02 28.68","+41 04 33.2",3.69,"K4II comp",32068
23457,"05 02 31.49","+07 25 26.7",6.86,"G5",32304
23467,"05 02 43.00","-71 18 51.6",5.3,"G8III",33285
23474,"05 02 44.94","-22 47 42.3",5.74,"K1IV",32503
23475,"05 02 45.37","-04 12 36.5",5.86,"K3",32393
23482,"05 02 48.73","-49 09 05.3",5.37,"F2V",32743
23484,"05 02 50.34","+66 49 25.6",6.2,"F6V:",31675
23493,"05 03 01.97","-08 39 47.3",6.86,"A0",32468
23495,"05 03 02.08","-42 29 52.3",6.95,"M2III",32693
23497,"05 03 05.70","+21 35 24.2",4.62,"A7V",32301
23511,"05 03 18.64","+41 26 30.0",6.11,"A2sh",32188
23522,"05 03 25.10","+60 26 32.2",4.03,"G0Ib",31910
23539,"05 03 42.83","-02 32 24.0",6.73,"K0",32526
23551,"05 03 52.12","-14 22 12.9",6.42,"B2IV",32612
23554,"05 03 53.26","-24 23 17.0",5.61,"A2IV",32667
23555,"05 03 53.94","-41 44 43.2",6.3,"F8V",32820
23560,"05 03 56.57","-14 33 22.3",6.71,"K1III",32613
23582,"05 04 12.77","+73 45 50.2",6.21,"K0",31563
23583,"05 04 14.56","+30 29 40.6",6.14,"K0II-III",32406
23585,"05 04 16.17","+45 46 46.2",6.51,"A2",32296
23586,"05 04 18.00","-06 01 52.7",6.93,"B9",32622
23589,"05 04 21.58","+21 16 40.8",6.2,"K0",32482
23595,"05 04 24.31","-35 28 58.3",4.55,"K2III",32831
23596,"05 04 26.14","-35 42 18.7",6.32,"F2IV/V",32846
23607,"05 04 34.14","+15 24 15.1",4.65,"A0p Si",32549
23611,"05 04 36.92","+32 19 13.6",6.59,"A4m",32428
23614,"05 04 37.95","+27 41 46.0",6.62,"F0III",32480
23617,"05 04 39.65","+74 04 01.2",6.1,"A1V",31590
23621,"05 04 41.80","+14 51 32.8",6.78,"A3p",32576
23643,"05 04 54.53","-03 02 22.8",6.04,"B5IV",32686
23649,"05 04 57.95","-49 34 40.2",5.05,"M2IIIvar",33042
23653,"05 05 00.61","-54 24 26.7",6.26,"M2III",33116
23668,"05 05 16.19","-26 09 08.1",5.71,"K2III",32890
23680,"05 05 23.71","+01 10 39.5",6.1,"N5",32736
23684,"05 05 27.29","+46 54 59.0",6.6,"F8",32416
23685,"05 05 27.65","-22 22 15.1",3.19,"K4III",32887
23693,"05 05 30.69","-57 28 22.8",4.71,"F7V",33262
23695,"05 05 32.11","+19 48 24.3",6.48,"A5m",32642
23699,"05 05 37.72","+23 03 39.8",6.69,"B5",32641
23712,"05 05 53.41","+26 25 47.8",6.6,"B5",32656
23724,"05 06 00.93","+35 56 11.1",6.49,"A5V",32608
23730,"05 06 06.07","+68 58 21.4",6.68,"F2",32049
23734,"05 06 08.46","+58 58 20.6",5.22,"B2.5Ve",32343
23737,"05 06 09.26","-73 02 16.2",6.26,"A0V",33875
23743,"05 06 12.14","+59 01 17.1",6.08,"K0III",32357
23766,"05 06 29.66","+61 10 11.8",6.0,"K5II",32356
23767,"05 06 30.87","+41 14 04.7",3.18,"B3V",32630
23777,"05 06 36.73","-13 07 21.6",6.04,"B9.5/A0IV",32996
23783,"05 06 40.66","+51 35 53.3",4.98,"F0V",32537
23794,"05 06 45.65","-04 39 18.6",5.12,"B9.5V",32964
23799,"05 06 49.56","+43 10 29.0",6.2,"F2IIp...",32655
23818,"05 07 09.78","-19 23 33.1",6.47,"G2V",33095
23824,"05 07 18.31","-83 51 36.9",6.8,"F8V",35877
23831,"05 07 24.88","-12 29 27.6",5.97,"G2V",33093
23833,"05 07 25.92","-44 49 18.2",6.91,"B5III",33331
23835,"05 07 26.68","+18 38 42.0",4.91,"G4V",32923
23840,"05 07 34.01","-63 23 58.5",5.19,"M3III",33684
23852,"05 07 38.32","+09 28 21.8",6.15,"G1IV",33021
23865,"05 07 46.16","+55 45 33.1",6.92,"K0",32629
23871,"05 07 48.43","+20 25 06.4",5.28,"A5V",32977
23874,"05 07 49.82","-12 35 32.8",6.33,"M1III",33162
23875,"05 07 51.03","-05 05 10.5",2.78,"A3IIIvar",33111
23879,"05 07 52.87","+08 29 54.9",5.33,"Am",33054
23883,"05 07 55.43","+21 42 17.4",5.84,"B2Ve",32991
23896,"05 08 05.00","+07 53 55.5",6.66,"K0",33066
23900,"05 08 06.62","+24 15 54.7",5.5,"B2V...",32990
23908,"05 08 13.26","-15 05 43.3",6.38,"K1III + F/G",33238
23910,"05 08 14.74","-35 43 05.8",6.51,"K1III",33377
23916,"05 08 20.19","-08 39 55.0",5.8,"B8V",33224
23926,"05 08 29.96","-41 12 51.7",6.75,"G3V",33473
23933,"05 08 35.34","+28 16 24.4",6.96,"A2",33034
23941,"05 08 43.67","-04 27 22.5",5.11,"F2V",33256
23949,"05 08 50.43","+19 51 35.6",6.51,"G5III",33121
23957,"05 08 56.16","+03 13 07.6",6.51,"B8V",33236
23964,"05 09 04.40","+49 07 18.8",6.64,"A3",32903
23972,"05 09 08.78","-08 45 14.7",4.25,"B2IVn",33328
23983,"05 09 19.60","+09 49 46.6",5.43,"A2m",33254
23995,"05 09 29.75","-02 08 06.1",6.59,"G8V",33345
24002,"05 09 36.43","+38 41 07.9",6.91,"G5",33089
24003,"05 09 36.62","+69 38 22.4",6.43,"K1III",32518
24009,"05 09 40.22","+62 28 47.4",6.63,"A5",32784
24010,"05 09 41.96","+15 35 50.2",4.81,"F2IV",33276
24016,"05 09 43.65","+29 47 55.1",6.67,"F8V",33185
24017,"05 09 44.53","+64 55 11.8",6.37,"F3V:",32715
24019,"05 09 45.06","+28 01 50.2",5.93,"A5m",33204
24038,"05 10 02.41","-40 33 34.3",6.89,"K5III",33680
24041,"05 10 03.26","-00 33 54.7",6.11,"K0III",33419
24046,"05 10 03.74","+27 33 24.2",6.97,"F8V",33252
24059,"05 10 10.45","+13 32 54.5",6.69,"F4III",33336
24072,"05 10 18.81","+37 18 06.7",6.02,"B2II: comp",33203
24100,"05 10 34.98","+30 47 51.2",6.71,"K1Ib",33299
24108,"05 10 42.65","+63 35 50.7",6.74,"F0",32893
24109,"05 10 42.87","+46 57 44.8",5.67,"F5V",33167
24114,"05 10 44.59","-25 54 37.9",6.4,"K1III/IV",33667
24130,"05 10 57.97","-02 15 13.5",6.24,"G8III",33555
24162,"05 11 19.13","-02 29 26.8",5.89,"F5V",33608
24169,"05 11 22.85","-11 50 57.2",5.6,"M6.2III",33664
24172,"05 11 27.56","+30 48 19.2",6.62,"K0",33427
24189,"05 11 35.84","-37 23 43.1",6.57,"M1III",33872
24193,"05 11 38.31","+29 54 13.1",6.42,"M2III",33463
24196,"05 11 41.35","+00 30 52.5",6.68,"B9Vn",33647
24197,"05 11 41.56","+16 02 44.4",5.18,"K5III",33554
24203,"05 11 45.35","+01 02 13.4",5.88,"F5",33646
24239,"05 12 14.97","+40 06 05.7",6.97,"B8",33462
24244,"05 12 17.89","-11 52 08.9",4.45,"B8V",33802
24252,"05 12 21.56","+26 27 17.9",6.78,"G5III...",33585
24254,"05 12 22.45","+73 56 48.3",5.44,"B9p Si",32650
24256,"05 12 25.69","-81 32 30.7",6.51,"K1III",35798
24294,"05 12 48.12","-06 03 25.6",5.9,"G7III",33833
24305,"05 12 55.87","-16 12 19.5",3.29,"B9IV: HgMn",33904
24313,"05 13 02.83","+61 51 00.1",6.17,"A2III",33266
24327,"05 13 13.89","-12 56 28.6",4.36,"B7V",33949
24331,"05 13 17.48","+02 51 40.5",4.46,"K3III...",33856
24332,"05 13 17.55","+37 20 15.5",6.48,"F8",33632
24340,"05 13 25.73","+38 29 04.8",4.82,"A4m",33641
24348,"05 13 31.29","+62 41 28.1",6.49,"A7Vn",33296
24349,"05 13 31.55","+01 58 03.7",6.08,"A5V",33883
24372,"05 13 45.43","-67 11 07.3",4.81,"K2III",34649
24373,"05 13 46.32","-35 49 31.1",6.98,"K4III",34167
24377,"05 13 47.25","+00 33 37.7",6.33,"M0V",33946
24379,"05 13 49.25","+37 01 57.9",6.86,"A0",33704
24384,"05 13 53.33","-52 01 50.6",6.03,"K3III",34347
24394,"05 13 59.94","-14 36 24.7",6.22,"A9II/III",34045
24426,"05 14 28.84","-35 58 37.3",5.75,"G8III",34266
24430,"05 14 30.53","-26 12 30.7",6.93,"K2III/IV",34198
24436,"05 14 32.27","-08 12 05.9",0.18,"B8Ia",34085
24440,"05 14 35.54","+76 28 22.0",6.36,"A0V",32781
24441,"05 14 36.94","-00 33 46.2",6.89,"M6V",34055
24445,"05 14 38.60","+63 07 37.0",6.89,"F0",33441
24447,"05 14 39.44","+31 24 07.3",6.63,"K0",33862
24449,"05 14 41.31","-07 04 17.9",6.7,"K2",34121
24450,"05 14 44.05","+05 09 22.1",5.5,"K4III",34043
24451,"05 14 44.27","+53 12 50.2",6.16,"A0V",33654
24474,"05 15 08.76","-36 39 10.4",6.75,"K1II",34358
24479,"05 15 11.38","+59 24 20.6",6.15,"K2III-IV",33618
24488,"05 15 15.38","+47 10 15.6",6.91,"G5",33798
24493,"05 15 18.52","-01 24 32.6",6.15,"F0IV",34180
24505,"05 15 24.37","-26 56 36.4",5.06,"B9V",34310
24504,"05 15 24.41","+32 41 15.3",5.01,"A9IV",33959
24507,"05 15 24.88","-73 35 18.6",6.49,"A6V",35184
24512,"05 15 27.66","+22 17 05.5",6.26,"A2V",34053
24520,"05 15 38.80","-52 10 56.0",6.48,"K2III",34587
24528,"05 15 43.91","-22 53 39.7",6.76,"A3V",34324
24532,"05 15 47.06","-34 55 36.3",6.66,"A2III/IV",34435
24555,"05 16 04.14","+11 20 28.9",5.52,"A0V",34203
24560,"05 16 10.56","-11 21 09.2",6.45,"G0",34318
24575,"05 16 18.15","+34 18 44.0",5.99,"O9.5Vvar",34078
24577,"05 16 23.85","-33 32 16.0",6.95,"K0III",34496
24607,"05 16 41.05","+01 56 50.4",6.42,"A0V",34317
24608,"05 16 41.30","+45 59 56.5",0.08,"M1: comp",34029
24618,"05 16 48.26","-17 08 32.5",6.55,"B2V",34447
24642,"05 17 15.47","+28 54 18.0",6.76,"F0",34250
24649,"05 17 22.30","-17 46 29.3",6.76,"F0II",34513
24658,"05 17 27.57","+60 10 55.2",6.96,"F5",33924
24659,"05 17 29.02","-34 53 39.8",4.81,"K0/K1III/IV",34642
24663,"05 17 31.16","+20 07 55.5",6.69,"F7V",34335
24665,"05 17 31.79","+24 00 35.5",6.85,"K0",34303
24670,"05 17 35.50","-15 13 10.5",6.98,"B9V",34527
24674,"05 17 36.40","-06 50 39.8",3.59,"B5III",34503
24679,"05 17 40.25","-13 31 10.9",5.48,"G8IV",34538
24727,"05 18 10.55","+33 22 19.2",4.54,"K3III...",34334
24732,"05 18 13.25","+73 16 05.3",5.81,"A0V",33541
24738,"05 18 15.68","+42 47 31.9",5.55,"M4III",34269
24740,"05 18 18.89","+33 46 02.7",6.15,"B9.5V",34364
24766,"05 18 32.62","+48 55 24.9",6.93," ",34247
24771,"05 18 40.32","+40 27 54.6",6.22,"K0",34332
24786,"05 18 50.24","-18 07 48.7",5.96,"G0V",34721
24793,"05 18 55.40","+41 05 44.0",6.69,"K5",34381
24799,"05 19 00.02","+33 44 54.5",5.38,"A0p...",34452
24813,"05 19 08.08","+40 06 02.4",4.69,"G0V",34411
24817,"05 19 11.23","+02 35 45.4",5.34,"F5IIvar",34658
24820,"05 19 14.71","+20 08 04.8",6.12,"G8III+...",34579
24822,"05 19 16.59","+22 05 48.1",4.96,"G8III",34559
24825,"05 19 17.44","-18 31 11.8",6.37,"B5IV/V",34798
24827,"05 19 18.31","-18 30 34.5",6.53,"B8/B9IV:",34797
24829,"05 19 22.11","-50 36 23.5",5.44,"F7III-IV",35072
24831,"05 19 23.69","-27 22 07.9",5.98,"A0V",34868
24832,"05 19 23.72","+33 59 07.6",6.49,"A7V",34499
24836,"05 19 27.85","+58 07 02.7",6.13,"B5V",34233
24840,"05 19 31.18","-25 07 26.8",6.94,"M5III",34867
24845,"05 19 34.53","-13 10 36.4",4.29,"B0.5IV",34816
24847,"05 19 35.28","-01 24 42.8",6.33,"B1.5Vn",34748
24873,"05 19 59.03","-12 18 56.2",5.29,"B7/B8V",34863
24879,"05 20 00.92","+33 57 29.0",5.05,"A5IIvar",34578
24881,"05 20 02.32","+44 25 31.5",6.49,"K0",34498
24902,"05 20 14.68","+41 05 10.8",5.46,"A3V",34557
24906,"05 20 18.29","+19 34 41.7",6.65,"A0p",34719
24909,"05 20 20.71","-34 41 55.9",6.34,"F0/F2IV",35046
24914,"05 20 22.61","+62 39 13.4",5.64,"K4Iab:",34255
24925,"05 20 26.41","-05 22 03.1",6.4,"B8III",34880
24927,"05 20 26.91","-21 14 23.1",4.7,"A0V",34968
24943,"05 20 36.93","-43 32 02.6",6.6,"M3/M4III",35158
24948,"05 20 38.34","+71 42 53.0",6.57,"G5",34004
24951,"05 20 39.17","+46 57 49.7",6.54,"A2V+...",34533
24955,"05 20 40.69","+66 44 48.5",6.39,"G5",34200
24957,"05 20 43.08","+37 26 19.2",6.79,"O7I...",34656
24960,"05 20 43.74","+02 32 41.0",6.43,"G8IV",34878
24967,"05 20 52.25","+02 55 43.7",6.77,"A5",34888
24971,"05 20 53.22","+09 43 28.4",6.62,"A2",34855
24977,"05 20 56.62","+19 48 51.7",6.2,"K0III",34810
24984,"05 20 59.34","+27 57 26.3",6.35,"B9IV",34762
25001,"05 21 12.69","+29 34 11.6",5.66,"A1Vs",34790
25007,"05 21 16.86","-34 20 42.2",6.05,"B5II/III",35165
25008,"05 21 17.35","+54 15 08.9",6.63,"G5",34544
25011,"05 21 19.31","+04 00 43.1",6.49,"B5Vp",34959
25017,"05 21 23.05","-51 34 31.4",6.67,"K0IIICN...",35356
25028,"05 21 31.84","-00 24 59.4",5.68,"B3V",35007
25041,"05 21 43.56","+08 25 42.8",5.78,"B1V...",34989
25044,"05 21 45.75","-00 22 56.9",4.72,"B2IV-V",35039
25045,"05 21 46.27","-24 46 22.6",5.06,"A2/A3",35162
25048,"05 21 48.41","+41 48 16.8",5.22,"B5V",34759
25053,"05 21 50.99","-13 45 20.5",6.62,"B8II",35104
25059,"05 21 55.31","-17 36 13.1",6.47,"K0III",35137
25064,"05 21 57.08","+42 17 09.6",6.98,"K0",34769
25092,"05 22 18.62","-08 39 58.0",6.82,"S4,1",35155
25098,"05 22 22.15","-56 08 04.0",6.1,"B8/B9V",35580
25107,"05 22 32.33","-73 48 05.3",6.86,"K3IIICN...",36208
25110,"05 22 33.78","+79 13 50.7",5.08,"F6V",33564
25136,"05 22 45.73","+02 47 46.8",6.71,"A0",35134
25142,"05 22 50.00","+03 32 40.0",4.99,"B1V",35149
25143,"05 22 50.32","+41 01 45.3",5.54,"A3V",34904
25180,"05 23 11.98","-26 42 19.8",6.49,"F6V",35386
25184,"05 23 12.61","+47 01 17.9",6.81,"K5",34903
25187,"05 23 18.51","-08 24 56.1",5.99,"B8+...",35281
25192,"05 23 22.86","+28 56 12.6",6.45,"B9Vs",35076
25194,"05 23 24.00","-39 40 42.4",5.73,"M2III",35515
25197,"05 23 27.83","+57 32 40.3",5.24,"A0Vn",34787
25202,"05 23 30.16","-13 55 38.5",5.25,"B2IV",35337
25205,"05 23 31.08","+05 19 23.0",6.34,"A2V",35242
25216,"05 23 37.72","+16 41 57.7",6.09,"A2IV",35189
25221,"05 23 38.87","-37 20 12.1",6.8,"K1III",35528
25223,"05 23 42.31","-00 09 35.3",5.69,"B1.5V",35299
25226,"05 23 43.30","+56 05 20.0",6.85,"K0II-III",34853
25238,"05 23 51.26","+36 23 54.4",6.83,"G5",35089
25240,"05 23 51.33","-00 51 59.8",6.13,"F7V",35317
25247,"05 23 56.84","-07 48 28.6",4.13,"G8III",35369
25278,"05 24 25.31","+17 23 00.8",5.0,"F8V SB",35296
25280,"05 24 28.47","-16 58 32.7",5.64,"A0V",35505
25281,"05 24 28.62","-02 23 49.7",3.35,"B1V + B2",35411
25282,"05 24 28.91","-00 53 30.0",5.07,"K0III",35410
25288,"05 24 36.10","+02 21 11.4",6.33,"B4IVn",35407
25290,"05 24 38.44","+31 13 26.2",6.3,"K1III...",35238
25291,"05 24 38.53","+31 08 35.4",5.94,"B9III",35239
25292,"05 24 39.14","+37 23 07.4",5.02,"K4III",35186
25293,"05 24 40.38","-02 29 52.2",6.92,"B8",35456
25298,"05 24 42.33","-52 18 46.7",6.79,"A2V",35859
25301,"05 24 44.80","+36 11 59.9",6.49,"K2",35202
25302,"05 24 44.83","+01 50 47.2",4.89,"B1V:pe",35439
25303,"05 24 46.29","-52 18 58.2",6.26,"A0V",35860
25317,"05 24 55.58","-44 13 32.5",6.09,"K1III",35765
25322,"05 24 59.43","+73 42 25.9",6.48,"M0",34450
25329,"05 25 01.74","-10 19 43.8",5.6,"K5III",35536
25336,"05 25 07.87","+06 20 59.0",1.64,"B2III",35468
25337,"05 25 10.38","+20 35 01.4",6.75,"B0.5III:",35395
25343,"05 25 12.94","+34 51 18.6",6.55,"F6V...",35295
25353,"05 25 20.15","-12 33 14.4",6.55,"K1IIICN...",35591
25363,"05 25 30.00","+34 11 10.9",6.66,"F2",35327
25365,"05 25 31.08","-00 32 38.2",6.55,"B9sp...",35548
25368,"05 25 36.50","-01 29 28.7",6.44,"B3V",35575
25378,"05 25 47.02","+00 31 12.9",6.18,"B2.5V",35588
25397,"05 25 59.82","-19 41 43.3",5.78,"F5V",35736
25399,"05 26 00.91","-32 12 33.1",6.86,"K0III",35811
25401,"05 26 02.36","-05 31 06.6",6.24,"B9.5Vn",35640
25410,"05 26 05.72","+16 42 00.6",6.23,"B2Vn",35532
25416,"05 26 10.78","+78 24 52.4",6.68,"G5",34188
25428,"05 26 17.50","+28 36 28.3",1.65,"B7III",35497
25429,"05 26 19.28","-58 54 45.4",5.14,"G6III",36189
25443,"05 26 31.22","+02 56 09.3",6.52,"B9V",35673
25453,"05 26 38.82","+06 52 07.5",6.41,"A0Vn",35656
25471,"05 26 48.80","+34 23 30.6",5.92,"A1p",35520
25473,"05 26 50.23","+03 05 44.4",4.59,"B2IV",35715
25475,"05 26 51.28","+33 15 44.2",6.18,"K0",35521
25476,"05 26 54.33","+35 27 26.3",6.17,"K2",35519
25480,"05 26 59.16","-02 21 38.3",6.62,"B2V",35777
25482,"05 26 59.82","-68 37 21.0",6.02,"F0IV/V",36584
25486,"05 27 04.75","-11 54 03.0",6.3,"F7V:",35850
25488,"05 27 05.32","-40 56 37.6",5.86,"A7m",36060
25489,"05 27 06.36","-44 51 43.7",6.81,"K3III",36095
25492,"05 27 08.27","+30 12 31.0",5.69,"B9Ib",35600
25493,"05 27 08.30","+03 51 20.0",6.74,"B2V",35762
25499,"05 27 10.09","+17 57 44.2",5.4,"B5V",35671
25502,"05 27 13.90","+15 15 27.6",6.18,"A1IV",35693
25504,"05 27 14.64","-34 36 51.7",6.94,"G8III",36038
25505,"05 27 15.40","+02 20 28.3",6.36,"K0",35775
25532,"05 27 36.49","-21 22 32.8",6.08,"K0III",35991
25539,"05 27 38.08","+21 56 13.1",4.88,"B2.5IV",35708
25541,"05 27 38.89","+34 28 33.6",5.08,"K4IIIp",35620
25542,"05 27 39.20","+43 22 04.6",6.76,"A0",35544
25544,"05 27 39.53","-60 24 56.8",6.99,"G5V",36435
25553,"05 27 44.85","-39 13 18.9",6.86,"G8III",36136
25555,"05 27 45.61","+15 52 26.8",5.52,"B9.5Vn",35770
25562,"05 27 50.55","-32 25 03.3",6.82,"G8III",36094
25569,"05 27 54.70","+48 13 36.2",6.51,"K5",35543
25580,"05 28 00.92","+33 45 51.2",6.41,"F5",35681
25582,"05 28 01.47","+01 17 53.7",6.41,"B2V",35912
25583,"05 28 01.60","+17 14 21.3",5.77,"M1III",35802
25589,"05 28 09.27","+16 26 20.9",6.85,"G0",35833
25606,"05 28 14.73","-20 45 33.2",2.81,"G5II",36079
25608,"05 28 15.33","-37 13 51.4",5.56,"A0V",36187
25616,"05 28 21.11","-22 26 03.4",6.78,"G3V",36108
25622,"05 28 25.75","+00 01 13.3",6.66,"B9",35971
25624,"05 28 26.40","+34 41 50.9",6.56,"K0",35742
25630,"05 28 29.94","+74 18 27.1",6.99,"B9",34885
25638,"05 28 34.77","+13 40 44.5",6.35,"A4V",35909
25646,"05 28 42.50","-08 22 36.0",6.75,"G5",36059
25647,"05 28 44.78","-65 26 56.2",6.88,"K1III(p)",36705
25648,"05 28 45.29","+01 38 38.2",6.91,"B3V:n",36013
25653,"05 28 47.94","+78 18 02.1",6.72,"F0",34531
25662,"05 28 51.58","+12 33 04.9",6.71,"G0V",35956
25667,"05 28 56.91","-03 18 26.7",6.39,"A0Vn",36058
25674,"05 29 01.08","+42 16 14.1",6.58,"G5",35761
25685,"05 29 06.69","-30 07 00.3",6.75,"G8/K0III",36255
25695,"05 29 16.49","+25 09 01.1",5.47,"B9Vn",35943
25700,"05 29 17.32","-62 18 51.1",6.6,"K4/K5III",36689
25702,"05 29 19.15","+18 21 56.6",6.74,"A2",35985
25708,"05 29 23.70","-03 26 46.9",5.8,"K1III...",36134
25712,"05 29 25.41","-07 15 39.2",6.69,"B5V",36151
25714,"05 29 25.65","+77 58 39.2",6.53,"A7III",34653
25727,"05 29 37.56","-00 01 16.4",6.87,"A0",36139
25730,"05 29 40.63","+29 11 11.7",6.2,"F6III",35984
25732,"05 29 41.59","-00 48 08.7",6.49,"A2",36150
25733,"05 29 42.65","+35 22 30.1",6.78,"O9.5III",35921
25735,"05 29 43.64","+35 06 31.6",6.88,"K0",35940
25737,"05 29 43.98","-01 05 31.8",4.71,"K5III",36167
25746,"05 29 50.11","-47 04 34.6",6.64,"F2V",36520
25748,"05 29 51.50","+60 16 07.0",6.86,"A0",35607
25751,"05 29 54.77","+01 47 21.3",5.77,"B2V",36166
25768,"05 30 09.46","-47 04 38.4",5.46,"G3IV",36553
25769,"05 30 10.21","+63 04 02.0",5.43,"M1III",35583
25776,"05 30 13.93","-84 47 06.8",6.18,"A1V",39780
25781,"05 30 15.87","-63 55 40.2",6.19,"F0IV",36876
25785,"05 30 19.91","+04 12 17.5",6.21,"K2IIIvar",36217
25786,"05 30 20.75","-07 26 05.3",6.33,"B2IV-V",36285
25790,"05 30 26.17","+15 21 38.0",5.93,"A3Vn",36162
25806,"05 30 43.32","+22 27 44.3",6.29,"K0",36160
25807,"05 30 44.77","-57 09 36.1",6.96,"A6IV",36789
25810,"05 30 45.07","+39 49 33.6",6.38,"G9III",36041
25813,"05 30 47.05","+05 56 53.6",4.2,"B5V",36267
25816,"05 30 48.65","+41 27 43.5",5.99,"K0IIIp",36040
25840,"05 30 59.85","-10 04 49.1",6.95,"G0",36379
25853,"05 31 07.62","-20 51 48.8",5.53,"A0V",36473
25856,"05 31 10.43","-42 17 59.8",6.7,"A7/F0V + F/G",36648
25859,"05 31 12.74","-35 28 13.6",3.86,"K1II/III",36597
25861,"05 31 14.53","+03 17 31.7",5.46,"B1.5V",36351
25869,"05 31 20.89","-06 42 30.2",6.23,"B2V",36430
25877,"05 31 26.73","+38 19 10.9",6.88,"K5",36148
25886,"05 31 35.73","+14 55 44.1",6.69,"B5",36337
25887,"05 31 35.99","-45 55 31.5",5.86,"K3III",36734
25893,"05 31 39.19","+18 14 39.1",6.77,"K5",36320
25902,"05 31 43.67","-03 12 59.3",6.69,"G5",36457
25911,"05 31 48.00","+85 56 19.4",6.5,"A5m",32196
25918,"05 31 52.66","-76 20 30.0",5.18,"K4III",37763
25922,"05 31 55.60","-16 40 33.2",6.99,"K0IV",36561
25923,"05 31 55.86","-07 18 05.5",4.62,"B0V",36512
25930,"05 32 00.40","-00 17 56.7",2.25,"O9.5II",36486
25945,"05 32 12.75","+18 35 39.3",4.32,"M2Ib",36389
25950,"05 32 14.14","+17 03 29.4",5.5,"B7III",36408
25964,"05 32 20.59","+49 23 36.5",6.72,"F5+...",36146
25973,"05 32 33.68","+57 13 17.8",6.44,"F8V",36066
25976,"05 32 37.97","+00 00 43.1",6.15,"K5",36558
25980,"05 32 41.35","-01 35 30.6",5.34,"B1IV",36591
25981,"05 32 41.84","-16 19 09.5",6.68,"K4/K5III",36656
25984,"05 32 43.67","+32 11 31.3",4.71,"B5Iab",36371
25985,"05 32 43.81","-17 49 20.3",2.58,"F0Ib",36673
25993,"05 32 51.38","-38 30 48.0",5.45,"K2/K3III",36848
26001,"05 32 59.52","-64 13 39.1",5.34,"G8/K0III",37297
26008,"05 33 02.91","+68 00 48.4",6.82,"F0",35863
26019,"05 33 07.32","-35 08 21.5",5.75,"K0III",36874
26020,"05 33 07.35","-01 43 02.5",6.53,"B4Vn",36646
26034,"05 33 15.53","+32 17 21.9",6.62,"B9",36453
26035,"05 33 16.20","-34 18 14.4",6.87,"A3V+...",36888
26054,"05 33 27.41","+32 48 04.7",6.5,"A2m",36484
26057,"05 33 28.72","+42 06 32.3",6.55,"B9IIIp...",36404
26062,"05 33 30.75","+24 37 44.1",6.97,"B8",36546
26063,"05 33 31.45","-01 09 21.9",5.36,"B1V",36695
26064,"05 33 31.63","+18 32 24.8",5.67,"B2IV-Ve",36576
26066,"05 33 34.47","-57 04 59.6",6.76,"F0II",37227
26069,"05 33 37.52","-62 29 23.5",3.76,"F6Ia",37350
26070,"05 33 37.72","-03 27 47.4",6.75,"K2",36710
26071,"05 33 38.23","+34 43 32.2",6.27,"A3IV",36499
26072,"05 33 38.84","+20 28 27.2",6.19,"B6V",36589
26077,"05 33 43.10","+32 44 56.2",6.54,"K5",36506
26079,"05 33 44.30","-54 54 08.3",6.42,"F8V",37226
26091,"05 33 51.99","-29 50 57.2",6.52,"A0IV",36965
26093,"05 33 54.29","+14 18 20.1",5.6,"B3V",36653
26098,"05 33 57.59","+01 24 27.5",6.58,"B2V",36741
26104,"05 34 02.48","-07 01 25.1",6.45,"K0",36814
26106,"05 34 03.89","-01 02 08.6",6.24,"B2.5V",36779
26108,"05 34 04.06","-01 28 12.7",5.92,"K5III",36780
26120,"05 34 14.91","-02 52 54.0",6.69,"B5",36827
26122,"05 34 15.82","-18 48 43.2",6.72,"M0III",36923
26126,"05 34 16.79","+03 46 01.0",5.32,"A2V",36777
26128,"05 34 17.01","+41 07 24.3",6.87,"K5",36535
26137,"05 34 24.07","-04 48 15.7",6.8,"Am",36843
26149,"05 34 29.29","-00 00 44.4",6.25,"G5",36840
26166,"05 34 43.36","+05 39 39.1",6.71,"B3V",36824
26169,"05 34 44.78","-73 44 28.9",5.79,"M2/M3III",37993
26173,"05 34 48.00","-07 12 01.3",6.69,"K0",36920
26174,"05 34 48.20","-00 57 13.4",6.98,"G5",36882
26176,"05 34 49.24","+09 29 22.5",4.39,"B0IV...",36822
26182,"05 34 53.97","-04 06 37.5",6.74,"B8IIIp",36916
26190,"05 34 57.44","-61 10 33.5",6.32,"G5IV",37501
26197,"05 35 01.01","-06 00 33.4",5.67,"B1Vvar",36959
26199,"05 35 02.68","-06 00 07.3",4.78,"B0.5V",36960
26200,"05 35 02.75","-58 52 16.3",6.69,"K4III",37462
26201,"05 35 03.57","+24 17 26.9",6.82,"K0",36758
26207,"05 35 08.28","+09 56 03.0",3.39,"O...",36861
26213,"05 35 12.79","-00 44 07.3",6.97,"B3V",36954
26212,"05 35 12.80","+09 36 47.8",6.72,"B2IV-V",36895
26215,"05 35 13.24","+10 14 24.4",5.6,"B9IIIMNp...",36881
26219,"05 35 15.45","-33 04 48.0",5.76,"K0III",37192
26220,"05 35 15.82","-05 23 14.3",4.98,"O7",37020
26221,"05 35 16.47","-05 23 22.9",5.13,"O6pe",37022
26224,"05 35 17.20","-05 23 15.7",6.71,"B0.5Vp...",37023
26233,"05 35 21.87","-04 29 39.0",6.57,"B1.5V",37017
26234,"05 35 22.32","-04 25 27.6",6.24,"B2.5V",37016
26235,"05 35 22.90","-05 24 57.8",4.98,"O9.5Vpe",37041
26237,"05 35 23.16","-04 50 18.0",4.58,"B2III...",37018
26241,"05 35 25.98","-05 54 35.6",2.75,"O9III",37043
26243,"05 35 26.57","-15 44 16.6",6.82,"B5IV/V",37104
26245,"05 35 26.78","-33 16 10.1",6.74,"F6V",37224
26248,"05 35 27.12","+24 02 22.7",5.37,"B2.5IV",36819
26257,"05 35 31.08","-04 21 50.6",6.56,"B2.5IV",37040
26258,"05 35 31.36","-05 16 02.6",6.75,"B1V",37061
26263,"05 35 35.90","-03 15 10.2",6.4,"B3IV",37055
26264,"05 35 36.13","-78 49 15.2",6.04,"B8III",38602
26268,"05 35 39.49","-04 51 21.9",5.24,"F0III",37077
26291,"05 35 55.52","+27 39 44.7",6.27,"K0",36859
26300,"05 36 02.85","-47 18 49.4",6.1,"K2III",37434
26309,"05 36 10.28","-28 42 28.8",6.26,"A2III/IV",37286
26311,"05 36 12.81","-01 12 06.9",1.69,"B0Ia",37128
26314,"05 36 15.03","-05 38 52.5",6.56,"B3Vvar",37150
26315,"05 36 15.95","+47 42 55.2",6.1,"F0V:",36719
26328,"05 36 26.41","+21 59 35.9",6.88,"F8",37013
26332,"05 36 30.18","+25 56 24.4",6.52,"F5III",36994
26344,"05 36 35.22","+54 25 43.3",5.74,"M0III",36678
26345,"05 36 35.69","-06 03 53.1",5.71,"B1V...",37209
26348,"05 36 36.34","-35 03 40.9",6.88,"K2/K3III",37377
26363,"05 36 52.42","+40 10 56.6",6.08,"G3Ib",36891
26366,"05 36 54.33","+09 17 29.1",4.09,"G8III-IV",37160
26368,"05 36 54.99","-66 33 37.1",6.28,"B9.5V",37935
26380,"05 37 01.73","-73 41 56.7",6.69,"WN...",38283
26382,"05 37 03.71","+17 02 25.5",5.53,"F0V",37147
26386,"05 37 04.35","+11 02 06.2",5.97,"K4II SB",37171
26395,"05 37 08.76","-11 46 31.7",6.1,"A2V",37306
26394,"05 37 08.79","-80 28 18.0",5.65,"G3IV",39091
26396,"05 37 08.84","+26 55 28.3",5.83,"B9IV-V",37098
26408,"05 37 15.07","+64 09 17.5",6.15,"A0V",36570
26410,"05 37 16.05","+66 41 48.2",6.26,"A8Vn",36496
26412,"05 37 16.49","-27 52 16.3",6.15,"F0IV",37430
26414,"05 37 19.31","+08 57 06.8",6.11,"B2IV-V",37232
26420,"05 37 21.77","-38 01 22.4",6.9,"K2III",37496
26427,"05 37 27.36","-05 56 18.2",6.03,"B1Vvar",37303
26451,"05 37 38.68","+21 08 33.3",2.97,"B4IIIp",37202
26460,"05 37 44.64","-28 41 23.3",5.28,"F5V",37495
26463,"05 37 45.80","+33 33 33.0",6.36,"K0",37138
26466,"05 37 48.09","-34 41 22.9",6.57,"K1/K2III",37549
26474,"05 37 52.13","+71 39 16.1",6.62,"G5",36357
26477,"05 37 53.39","-04 48 50.5",6.16,"B2IV-V",37356
26487,"05 38 01.11","+07 32 29.2",5.87,"B8III",37320
26495,"05 38 06.91","-27 12 38.7",6.53,"K4/K5III",37530
26508,"05 38 13.74","-01 10 09.0",6.84,"B2V",37397
26510,"05 38 15.28","-04 06 29.5",6.86,"A2",37410
26515,"05 38 17.42","-50 38 27.7",6.43,"A0V",37781
26518,"05 38 21.74","+08 29 14.4",6.72,"G5",37355
26535,"05 38 37.97","-06 34 26.2",5.96,"B1.5IV",37481
26536,"05 38 38.10","+30 29 32.8",5.4,"A2V + GIII",37269
26545,"05 38 43.53","-40 42 26.5",5.81,"B8V",37717
26546,"05 38 43.83","+41 50 21.5",6.59,"K5",37184
26548,"05 38 44.43","+70 21 52.3",6.97,"A0",36554
26549,"05 38 44.77","-02 36 00.2",3.77,"O9.5V...",37468
26551,"05 38 45.62","-02 35 58.9",6.81,"B0",
26563,"05 38 53.09","-07 12 45.8",4.77,"A4V",37507
26569,"05 38 56.75","+49 24 58.4",6.85,"G5",37145
26571,"05 38 57.36","+26 37 05.1",6.45,"G9III",37329
26592,"05 39 08.72","+41 21 31.9",6.44,"K0",37250
26594,"05 39 11.15","+04 07 17.3",4.5,"B3IIIe",37490
26602,"05 39 16.23","-17 50 57.9",6.4,"B4",37643
26606,"05 39 18.31","+29 12 54.8",5.98,"B2IV-V",37367
26616,"05 39 27.11","+21 45 46.8",6.42,"A1Vn",37439
26623,"05 39 30.84","-09 42 23.8",6.49,"B7V",37635
26624,"05 39 31.15","-03 33 53.0",5.99,"A8Vs",37594
26632,"05 39 36.80","+37 59 20.0",6.96,"B9",37339
26633,"05 39 37.99","+00 50 02.0",6.91,"K0",37593
26634,"05 39 38.94","-34 04 26.6",2.65,"B7IV",37795
26638,"05 39 43.72","+75 02 37.7",6.19,"M0III",36384
26640,"05 39 44.19","+25 53 49.7",5.18,"B3IV",37438
26642,"05 39 44.71","-20 26 06.7",6.89,"B8V+...",37702
26648,"05 39 49.08","+01 29 30.3",6.9,"B8V",37606
26649,"05 39 49.85","-32 37 44.9",5.44,"G6/G8III",37811
26661,"05 39 59.33","-85 54 51.6",6.77,"G8III",42556
26666,"05 40 02.92","+43 19 28.0",6.96,"K5",37338
26682,"05 40 13.35","+69 58 54.6",6.92,"K0",36768
26692,"05 40 18.85","+15 21 00.6",6.98,"F0",37603
26700,"05 40 29.01","+61 56 56.0",6.86,"A5",37136
26712,"05 40 35.91","+31 21 29.6",6.04,"B9.5III-IVp",37519
26713,"05 40 37.29","-02 49 30.9",6.22,"B1.5V",37744
26718,"05 40 42.05","+31 55 14.2",6.23,"M2SIab",37536
26727,"05 40 45.52","-01 56 33.3",1.74,"O9.5Ib SB",37742
26728,"05 40 46.19","-10 24 31.2",6.46,"B9.5IIIp Si",37808
26736,"05 40 50.72","-01 07 43.6",4.95,"B2IV-V",37756
26740,"05 40 54.62","-11 11 59.8",6.86,"K0",37828
26742,"05 40 56.37","-01 30 25.9",6.99,"B2IV",37776
26744,"05 40 57.82","+32 53 45.6",6.74,"F8",37574
26762,"05 41 05.59","+00 20 15.7",5.93,"F0IV",37788
26774,"05 41 15.08","+33 55 08.2",6.93,"K0",37617
26777,"05 41 17.72","+16 32 03.1",4.84,"B3IV...",37711
26779,"05 41 20.33","+53 28 56.4",6.21,"K1V",37394
26781,"05 41 20.97","+29 29 14.9",6.4,"B8IV",37646
26786,"05 41 22.60","+17 31 19.9",6.97,"M...",37710
26795,"05 41 26.77","+03 46 40.9",6.82,"G5",37824
26796,"05 41 26.92","-33 24 02.6",6.35,"B9.5V",38056
26814,"05 41 36.70","+60 37 22.9",6.99,"A3",37315
26820,"05 41 40.31","-02 53 47.5",6.41,"A9IV-V",37904
26821,"05 41 41.51","-16 43 33.0",6.22,"B4/B5III",37971
26836,"05 41 54.76","+23 19 34.6",6.57,"B8p",37752
26838,"05 41 56.72","+35 37 52.8",6.85,"A0",37670
26842,"05 41 57.53","-62 54 49.6",6.89,"A1V",38511
26853,"05 42 03.99","+22 39 37.4",6.35,"K2",37784
26862,"05 42 11.58","-30 32 07.7",6.18,"A0V",38138
26865,"05 42 13.96","-22 22 25.5",5.88,"A2/A3V",38090
26866,"05 42 14.49","-17 31 49.4",6.15,"K3III",38054
26868,"05 42 15.19","-34 40 04.6",5.29,"B9/B9.5V",38170
26870,"05 42 17.62","+02 22 01.9",6.67,"B8",37958
26882,"05 42 26.45","+65 41 51.7",5.62,"K5III",37289
26885,"05 42 28.66","+01 28 28.8",4.9,"K1III",37984
26893,"05 42 32.91","-00 00 57.8",6.85,"K0",38002
26925,"05 42 53.68","+18 58 49.4",6.66,"B9",37940
26926,"05 42 53.91","-06 47 46.7",5.97,"F3V",38089
26930,"05 42 58.10","+14 10 42.7",6.72,"K1IV",37981
26931,"05 42 58.26","+33 18 52.6",6.91,"F5",37859
26940,"05 43 00.75","+73 59 08.8",6.77,"F0",36971
26942,"05 43 01.66","+56 34 53.2",6.05,"K0III",37601
26953,"05 43 09.32","-01 36 47.4",6.31,"K4III",38099
26957,"05 43 13.75","+41 41 47.6",6.81,"G0",37799
26959,"05 43 14.52","-33 25 29.9",6.83,"M3III",38297
26964,"05 43 19.50","+23 12 15.9",6.23,"B2.5Ve",37967
26966,"05 43 21.66","-18 33 26.8",5.73,"A0V",38206
26969,"05 43 22.81","+29 12 01.0",6.62,"K1III",37956
26971,"05 43 23.92","+05 21 31.2",6.73,"B8",38098
26981,"05 43 30.15","-39 24 24.9",6.25,"F3V",38385
26998,"05 43 39.06","+25 26 22.4",6.81,"B1Vpe",38010
27001,"05 43 41.12","-45 49 59.2",6.38,"F0IIIn",38458
27011,"05 43 46.50","-21 25 43.1",6.68,"K0III",38295
27015,"05 43 48.96","+85 40 06.0",6.69,"A2V",34109
27025,"05 43 56.69","+66 37 34.7",6.82,"K0",37465
27027,"05 43 58.60","+54 51 53.5",6.95,"A0",37735
27046,"05 44 08.46","+61 28 35.5",6.17,"G5III:",37638
27072,"05 44 27.97","-22 26 51.0",3.59,"F7V",38393
27075,"05 44 28.41","-20 07 36.0",6.34,"F8/G0V",38382
27083,"05 44 33.19","-06 51 51.4",6.76,"A2",38312
27091,"05 44 41.43","+12 24 55.4",6.95,"G5",38221
27100,"05 44 46.42","-65 44 07.9",4.34,"A7V",39014
27103,"05 44 50.67","-21 39 33.2",6.79,"B3V",38426
27106,"05 44 53.24","+16 05 10.0",6.99,"A0",38219
27116,"05 45 01.30","+12 53 18.1",6.47,"A3",38263
27118,"05 45 01.80","+04 00 29.5",6.09,"F0III:n",38309
27123,"05 45 06.72","+33 37 35.3",6.78,"F5",38141
27129,"05 45 11.52","+18 42 15.7",6.67,"G8Iab",38247
27133,"05 45 13.10","-31 40 09.5",6.83,"F3/F5III",38536
27164,"05 45 29.59","+31 19 29.5",6.5,"K0",38200
27165,"05 45 29.79","+52 09 41.4",6.85,"G0",38007
27181,"05 45 39.41","+20 41 42.2",6.87,"C5II",38307
27192,"05 45 49.53","+40 30 26.1",6.57,"A3e...",38189
27196,"05 45 54.05","+49 49 34.6",5.46,"A0p...",38104
27204,"05 45 59.89","-32 18 23.0",5.18,"B1IV/V",38666
27212,"05 46 02.86","-04 16 05.9",6.24,"K1III...",38495
27227,"05 46 12.62","+64 46 08.4",6.66,"K0",37856
27229,"05 46 13.96","-23 38 39.8",6.54,"M4/M5III",38628
27243,"05 46 27.37","-46 35 50.0",5.31,"K0/K1II",38871
27244,"05 46 27.95","-53 13 08.3",6.63,"G2V",38973
27249,"05 46 30.37","+56 06 56.6",5.93,"A4Vn",38091
27253,"05 46 34.96","+01 10 06.7",5.95,"G4V",38529
27259,"05 46 42.09","-36 13 52.7",6.84,"A3V",38805
27265,"05 46 45.49","+15 49 21.0",6.0,"B8IIIMNp...",38478
27280,"05 46 52.15","+09 31 21.0",5.78,"G8III",38527
27283,"05 46 54.60","+56 55 26.4",6.79,"A7V",38129
27288,"05 46 57.35","-14 49 19.0",3.55,"A2Vann",38678
27293,"05 47 00.06","+51 31 15.5",6.47,"G5",38229
27303,"05 47 04.58","-28 38 20.2",6.22,"B5III",38804
27308,"05 47 07.81","-16 14 17.0",6.18,"G8III",38713
27314,"05 47 10.28","+58 47 07.8",6.56,"K0",38128
27316,"05 47 13.15","+14 29 18.3",5.72,"A3Vn",38545
27317,"05 47 13.33","-54 21 38.6",6.19,"K3III",39110
27319,"05 47 14.68","+42 31 37.1",6.3,"K0",38358
27321,"05 47 17.08","-51 04 00.2",3.85,"A3V",39060
27325,"05 47 18.69","-35 40 27.2",6.29,"K1III",38885
27338,"05 47 26.20","+17 43 44.9",5.47,"F0III",38558
27341,"05 47 26.90","-10 31 58.5",6.04,"A4V",38735
27344,"05 47 29.49","-41 35 24.7",6.78,"M5III",38989
27346,"05 47 32.26","+63 35 55.7",6.49,"G5",38058
27353,"05 47 34.66","+25 34 07.1",6.48,"K1III",38524
27355,"05 47 37.14","+54 29 40.9",6.58,"K0",38257
27364,"05 47 42.90","+13 53 58.7",5.28,"B2IV-V",38622
27366,"05 47 45.39","-09 40 10.6",2.07,"B0.5Iavar",38771
27369,"05 47 48.15","-72 42 08.3",6.54,"K0III",39810
27378,"05 47 56.13","+24 41 12.7",6.77,"K2",38584
27380,"05 47 56.32","+35 09 33.4",6.55,"F8Ib-II",38503
27383,"05 47 58.08","-40 39 10.8",6.62,"K1III",39040
27386,"05 48 00.23","+06 27 15.2",5.26,"A5V",38710
27390,"05 48 02.08","+12 25 06.3",6.68,"B5",38672
27404,"05 48 11.46","+30 32 06.9",6.97,"K5",38583
27415,"05 48 19.69","-33 25 54.2",6.86,"K3III",39027
27421,"05 48 22.36","+20 52 10.3",6.03,"B9Vn",38670
27435,"05 48 34.90","-04 05 38.7",5.97,"G4V",38858
27444,"05 48 39.68","-14 18 51.7",6.74,"G6/G8III/IV",38931
27446,"05 48 41.01","-01 47 08.0",6.94,"K2",38867
27453,"05 48 47.31","+11 59 50.0",6.93,"B8",38797
27458,"05 48 51.82","+39 32 01.2",6.8,"G0",38604
27468,"05 49 00.96","+24 34 03.2",4.88,"G8IIIvar",38751
27472,"05 49 04.68","+62 48 29.5",6.18,"A4V",38284
27479,"05 49 07.30","-32 30 15.7",6.89,"K4III",39148
27483,"05 49 10.46","+39 10 52.1",4.51,"G8III",38656
27511,"05 49 32.94","+12 39 04.9",4.89,"B9IV",38899
27512,"05 49 34.13","-44 52 31.5",6.38,"K1III",39312
27517,"05 49 36.55","-14 29 00.8",5.49,"G8III",39070
27530,"05 49 49.58","-56 09 59.4",4.5,"K1III",39523
27533,"05 49 53.51","-22 58 18.9",5.87,"A1V",39190
27534,"05 49 53.55","-66 54 04.4",5.1,"B6V",39844
27537,"05 49 54.19","-30 37 16.1",6.63,"K0III",39241
27538,"05 49 55.53","+31 47 08.7",6.87,"A3",38819
27549,"05 50 02.68","+09 52 16.4",5.79,"G8III",39007
27555,"05 50 09.35","-32 48 33.2",6.84,"A1V",39294
27560,"05 50 13.06","+04 25 24.6",5.96,"K2III",39051
27566,"05 50 16.80","-79 21 41.5",5.46,"B9.5V",40953
27583,"05 50 28.83","-52 46 04.5",6.32,"K0/K1III",39547
27581,"05 50 28.90","+14 18 20.5",5.54,"G9III:",39019
27588,"05 50 30.03","+02 01 29.0",5.97,"G8III+...",39118
27592,"05 50 33.89","+56 55 08.2",6.53,"A4IV-V",38618
27614,"05 50 48.66","+14 26 36.2",6.75,"B9",39098
27618,"05 50 51.38","+14 02 52.9",6.59,"K1III",39099
27621,"05 50 53.22","-52 06 31.3",5.16,"G8III",39640
27625,"05 50 56.22","+51 30 52.9",6.29,"K1III",38765
27628,"05 50 57.55","-35 46 09.5",3.12,"K1.5III",39425
27629,"05 50 58.11","+27 58 04.2",5.6,"G7III:",39004
27634,"05 51 01.10","+65 45 14.6",6.61,"F8",38475
27639,"05 51 02.41","+37 18 20.5",4.72,"M1III",38944
27641,"05 51 03.26","+11 29 55.9",6.94,"K0IV",39156
27642,"05 51 04.63","+18 33 04.7",6.76,"K0",39097
27654,"05 51 19.15","-20 52 39.0",3.76,"G8III/IV",39364
27658,"05 51 21.98","-07 31 04.8",5.36,"B2IV-V",39291
27660,"05 51 23.10","-64 02 01.0",6.35,"G8III",39963
27661,"05 51 25.74","+32 07 28.9",6.28,"M3III",39045
27666,"05 51 27.86","+18 26 39.3",6.99,"G5",39168
27670,"05 51 28.62","-22 55 36.6",6.16,"K0IIICN...",39385
27673,"05 51 29.39","+39 08 54.5",3.97,"K0III",39003
27696,"05 51 50.66","+23 22 58.2",6.97,"K5",39184
27700,"05 51 55.37","-41 06 19.1",6.71,"M1III",39654
27705,"05 51 59.59","-29 26 57.8",6.47,"K3III",39543
27712,"05 52 07.56","-25 56 36.0",6.86,"G8IV",39533
27713,"05 52 07.73","-09 02 31.1",5.95,"A2Vn",39421
27723,"05 52 13.87","+38 33 36.7",6.93,"B8",39114
27731,"05 52 17.26","+58 57 50.9",6.14,"A0Vs",38831
27737,"05 52 20.18","-57 09 21.6",5.93,"F7IV",39937
27743,"05 52 22.30","+14 10 18.5",5.6,"B9p...",39317
27747,"05 52 23.41","+19 52 04.3",5.96,"B9V + G",39286
27749,"05 52 24.52","-52 03 18.6",6.82,"M1III",39875
27750,"05 52 26.44","+01 51 18.6",4.76,"K2IIvar",39400
27751,"05 52 26.88","+06 12 34.1",6.9,"G5",39374
27766,"05 52 33.16","-37 37 51.6",5.62,"K1III",39720
27777,"05 52 39.67","+39 34 29.0",6.4,"A2V",39182
27778,"05 52 40.08","+33 55 02.8",6.04,"M2II:",39225
27787,"05 52 47.71","-38 31 33.5",6.69,"K1III",39752
27788,"05 52 49.20","-34 33 37.7",6.64,"G6/G8III",39718
27795,"05 52 55.49","+68 28 17.9",6.22,"G9III",38645
27810,"05 53 06.88","-33 48 05.2",4.88,"B5V",39764
27818,"05 53 09.57","-47 57 18.9",6.75,"K2/K3III",39918
27822,"05 53 14.72","-61 50 21.9",6.81,"A2V",40201
27829,"05 53 19.02","+20 17 56.9",6.7,"B9V",39417
27830,"05 53 19.64","+27 36 44.2",4.56,"A0V",39357
27835,"05 53 22.85","-42 55 16.9",6.55,"K3III",39901
27844,"05 53 28.67","+37 20 19.9",6.7,"F5",39315
27876,"05 53 57.60","-19 38 19.6",6.68,"A3IV",39789
27890,"05 54 05.90","-63 05 27.7",4.65,"K1III/IV",40409
27892,"05 54 06.75","-35 54 10.9",6.78,"F5IV",39932
27896,"05 54 10.73","-50 21 50.0",6.53,"K1V",40105
27897,"05 54 11.94","-64 28 56.6",6.62,"F0III",40455
27900,"05 54 13.35","+10 35 11.1",6.13,"G9II",39632
27901,"05 54 14.04","-29 08 49.6",6.34,"F3V",39891
27902,"05 54 15.72","+03 13 32.8",6.3,"K0",39685
27913,"05 54 23.08","+20 16 35.1",4.39,"G0V",39587
27920,"05 54 29.60","-08 24 45.2",6.61,"K0",39787
27924,"05 54 32.25","+11 45 47.9",6.59,"A2V",39662
27929,"05 54 34.69","-04 03 53.0",6.57,"B1.5V",39777
27935,"05 54 39.17","-26 39 37.4",6.85,"A5V",39945
27937,"05 54 41.12","-49 37 37.4",6.11,"B3V",40200
27938,"05 54 43.59","-11 46 27.3",5.62,"K3 comp",39853
27939,"05 54 44.04","+00 58 07.0",5.99,"K0III",39775
27947,"05 54 50.11","-52 38 09.9",5.29,"F0Ve...",40292
27949,"05 54 50.79","+55 42 24.9",4.96,"A2V",39283
27955,"05 54 52.49","-39 57 28.5",5.55,"M0III",40091
27961,"05 54 55.20","+14 13 11.6",6.63,"K0",39729
27962,"05 54 55.45","+05 51 38.9",6.8,"B9...",39773
27965,"05 54 56.69","+19 44 58.6",5.92,"B2V",39698
27971,"05 54 57.83","+59 53 18.3",5.2,"A2V",39220
27973,"05 54 59.02","+31 42 07.0",5.9,"A5IV",39586
27989,"05 55 10.29","+07 24 25.3",0.45,"M2Ib",39801
28010,"05 55 29.89","-37 07 14.2",4.97,"K1IIICN...",40176
28011,"05 55 30.16","-04 36 59.4",5.87,"K2III:",39910
28019,"05 55 35.38","-04 47 18.7",6.28,"A2III",39927
28047,"05 55 52.86","-21 41 21.1",6.77,"G3IV/V",40100
28054,"05 55 56.62","+41 19 24.2",6.64,"F0",39660
28060,"05 55 58.89","-31 31 55.4",6.73,"B8/B9V",40195
28066,"05 56 03.21","+13 55 33.9",6.6,"G5IV",39881
28081,"05 56 10.65","-21 07 21.5",6.89,"A1V",40138
28085,"05 56 14.20","-22 50 24.2",5.95,"K0/K1III",40151
28086,"05 56 14.46","+51 48 14.4",6.62,"A5V",39551
28098,"05 56 20.94","-31 22 56.8",5.52,"F2III",40248
28103,"05 56 24.32","-14 10 04.9",3.71,"F1V",40136
28110,"05 56 28.04","+09 30 33.9",5.97,"A0IV",39985
28117,"05 56 33.77","+28 56 32.2",6.35,"A2II",39866
28118,"05 56 34.43","-23 12 55.4",6.37,"K0III",40235
28138,"05 56 49.00","-31 58 34.6",6.44,"G8III",40359
28139,"05 56 49.39","+11 31 16.3",5.89,"K2III",40020
28149,"05 56 54.73","-08 23 02.5",6.88,"G5",40168
28150,"05 56 54.91","-44 00 32.9",6.65,"G0IV-V",40483
28154,"05 56 56.12","+24 14 58.9",6.03,"A0Ia",39970
28162,"05 57 04.64","+49 01 46.9",6.55,"G8III",39743
28168,"05 57 07.69","+55 56 51.2",6.95,"K2IV",39628
28180,"05 57 14.36","-53 25 32.5",6.48,"K5/M0III",40665
28187,"05 57 25.28","+00 01 39.1",6.9,"A0V",40210
28199,"05 57 32.21","-35 16 59.9",4.36,"B2.5IV",40494
28201,"05 57 33.30","-18 03 18.7",6.67,"F6V",40379
28205,"05 57 34.95","+66 05 46.1",6.24,"K0",39429
28208,"05 57 37.35","+45 54 04.9",6.59,"G5",39863
28232,"05 57 54.51","+01 13 27.5",6.22,"M0III",40282
28237,"05 57 59.66","+25 57 14.1",4.81,"B1Ib",40111
28252,"05 58 11.70","-00 59 38.3",6.21,"K0",40347
28255,"05 58 13.52","+01 51 23.1",6.92,"A0",40335
28267,"05 58 21.49","-04 39 00.6",6.99,"G0",40397
28271,"05 58 24.44","+01 50 13.7",5.89,"A5me del Del",40372
28287,"05 58 37.56","-44 02 04.5",5.81,"G8II",40733
28293,"05 58 46.28","+60 22 48.5",6.86,"F0",39781
28296,"05 58 49.58","+00 33 10.7",5.21,"A1Vs",40446
28301,"05 58 52.92","+25 46 37.4",6.63,"K0III",40280
28302,"05 58 53.24","+12 48 29.7",5.7,"K2III...",40369
28321,"05 59 01.07","-09 22 56.1",6.15,"F2IV",40535
28322,"05 59 01.76","-51 13 23.5",6.82,"B8V",40909
28325,"05 59 04.31","-09 33 29.3",5.04,"A6m",40536
28328,"05 59 08.79","-42 48 54.4",3.96,"K0III",40808
28343,"05 59 21.78","+49 55 28.4",5.9,"G5III",40084
28349,"05 59 24.88","+45 37 10.8",6.83,"A0",40143
28353,"05 59 27.70","+08 24 55.8",6.77,"K0",40491
28358,"05 59 31.55","+54 17 05.9",3.72,"K0III",40035
28360,"05 59 31.77","+44 56 50.8",1.9,"A2V",40183
28370,"05 59 37.75","-01 26 38.6",6.62,"B8IIIn",40574
28372,"05 59 38.80","-35 21 09.7",6.78,"K2/K3III",40805
28374,"05 59 39.61","+21 36 15.4",6.89,"A0",40443
28380,"05 59 43.24","+37 12 46.0",2.65,"A0p Si",40312
28385,"05 59 45.83","+55 19 15.9",6.42,"A5m",40062
28390,"05 59 47.95","+54 32 49.6",6.14,"K2III",40083
28404,"05 59 56.10","+45 56 12.3",4.3,"M3IIvar",40239
28409,"06 00 01.13","-08 06 27.1",6.65,"K0",40672
28413,"06 00 03.35","-03 04 26.7",4.53,"K2IIIvar",40657
28416,"06 00 04.93","+28 07 32.8",6.69,"K5III",40441
28417,"06 00 06.05","+27 16 20.5",6.61,"K1III",40460
28424,"06 00 09.64","+51 04 51.4",6.76,"A0",40204
28429,"06 00 14.42","+33 08 13.0",6.84,"A2",40439
28433,"06 00 17.18","+12 36 41.1",6.8,"B9",40571
28434,"06 00 17.66","-12 53 59.7",6.21,"F2IV",40745
28438,"06 00 18.92","+44 35 31.6",6.21,"K2III...",40325
28447,"06 00 24.28","+16 17 56.3",6.54,"K2",40569
28448,"06 00 24.51","+34 30 28.6",6.76,"K0",40458
28464,"06 00 35.73","-58 06 07.8",6.97,"A3V",41296
28482,"06 00 48.34","+67 00 50.5",6.88,"A0",39894
28484,"06 00 49.20","-51 12 59.6",5.65,"A1m...",41214
28485,"06 00 49.33","+02 54 57.6",6.98,"G5",40726
28489,"06 00 51.03","-42 52 13.7",6.58,"B9IIIp SrEu+",41089
28499,"06 00 58.56","+47 54 07.1",5.71,"B9.5p SiFe",40394
28500,"06 01 00.45","+27 34 20.5",6.04,"B9Iab",40589
28517,"06 01 10.06","+31 02 04.3",6.18,"A2V",40588
28520,"06 01 13.11","-25 25 03.8",6.04,"A0V",40972
28521,"06 01 14.64","-60 29 08.3",6.93,"K1III",41451
28523,"06 01 15.10","+65 31 32.0",6.61,"A3",40034
28524,"06 01 16.29","-33 54 42.4",5.54,"K5III",41047
28532,"06 01 20.17","+85 10 55.6",6.17,"M0III",36905
28553,"06 01 39.23","-15 35 21.3",6.66,"K1III",40969
28561,"06 01 41.63","+22 24 03.8",6.36,"B8V",40724
28562,"06 01 43.05","+48 57 34.1",5.98,"K0",40486
28574,"06 01 50.43","-10 35 52.6",4.92,"B5III",40967
28593,"06 02 06.32","-38 59 22.1",6.82,"G8IV",41245
28595,"06 02 08.87","-05 08 12.9",6.56,"K2",40985
28596,"06 02 09.32","-60 05 48.7",6.41,"M4III",41586
28609,"06 02 17.11","+01 41 38.6",6.58,"B8V",40964
28614,"06 02 22.99","+09 38 50.5",4.12,"Am...",40932
28621,"06 02 33.32","+13 01 31.9",6.96,"M0III",40931
28622,"06 02 33.81","-14 29 49.9",6.2,"K0III",41125
28626,"06 02 37.61","+32 35 29.0",6.79,"F5",40787
28634,"06 02 45.11","+47 48 33.5",6.49,"F5",40650
28637,"06 02 48.59","+49 54 20.8",6.04,"B9.5IV",40626
28642,"06 02 53.49","+43 22 42.3",6.38,"K0",40722
28644,"06 02 55.12","+32 38 10.4",6.23,"F4V",40832
28654,"06 03 03.17","-37 32 49.6",6.88,"A4V",41393
28656,"06 03 04.31","+57 01 06.3",6.5,"G5",40568
28659,"06 03 06.99","+20 35 10.7",6.88,"G5",40981
28662,"06 03 08.36","-36 52 22.6",6.9,"B9.5V",41392
28667,"06 03 10.00","+07 37 37.7",6.73,"K2",41079
28675,"06 03 15.56","-26 17 05.1",5.03,"K3II/IIICNv",41312
28677,"06 03 17.87","+42 54 42.8",6.08,"K0III",40801
28686,"06 03 24.77","+11 40 51.9",6.09,"A0Vs",41076
28691,"06 03 27.36","+19 41 26.2",5.14,"B8V",41040
28697,"06 03 33.93","+26 31 44.9",6.99,"B8",40996
28716,"06 03 55.18","+20 08 18.5",4.64,"B2Iavar",41117
28734,"06 04 07.22","+23 15 49.1",4.16,"G7III",41116
28742,"06 04 12.07","+25 26 38.6",6.95,"K0",41139
28743,"06 04 13.05","-14 05 03.9",6.94,"F5/F6V",41366
28744,"06 04 13.50","-06 42 32.2",5.19,"B2Vne+",41335
28756,"06 04 20.28","-32 10 21.8",5.65,"B2V",41534
28764,"06 04 28.51","-45 02 13.9",6.35,"G0IV-V",41700
28765,"06 04 29.11","+51 34 24.6",6.39,"A7III",40873
28767,"06 04 29.87","+44 15 38.9",6.74,"F8",40979
28769,"06 04 30.39","-45 11 47.9",6.92,"G8Ib/II",41701
28787,"06 04 39.74","+38 34 30.5",6.93,"B8",41075
28790,"06 04 40.17","-45 04 46.4",5.93,"F4V",41742
28792,"06 04 42.85","-01 34 49.5",6.94,"A0",41381
28796,"06 04 46.77","-48 27 29.7",6.6,"G6V",41824
28813,"06 04 58.18","+14 23 20.0",6.72,"F6V",41304
28812,"06 04 58.19","+05 25 11.9",5.67,"G7III:",41361
28814,"06 04 58.36","+04 09 31.2",5.63,"G4III",41380
28816,"06 04 59.13","-16 29 03.9",4.92,"Ap shell",41511
28820,"06 05 02.58","+37 57 51.4",6.32,"K0III+...",41162
28823,"06 05 03.42","+42 58 55.1",5.9,"F3V",41074
28827,"06 05 06.72","-56 13 59.4",6.76,"K3III",42026
28829,"06 05 08.23","+59 23 36.0",6.32,"K1III-IV",40827
28831,"06 05 09.32","+75 35 09.4",6.28,"K5",40055
28854,"06 05 27.02","-10 14 33.6",5.88,"F4V:",41547
28855,"06 05 27.17","-35 30 49.3",5.8,"A0V",41759
28861,"06 05 33.90","+33 35 56.7",6.23,"B9sp...",41269
28874,"06 05 45.54","-24 11 43.9",6.74,"M5III",41698
28881,"06 05 52.46","+48 14 57.4",6.77,"O8V",41161
28897,"06 06 02.24","-05 52 48.6",6.88,"M1III",41608
28899,"06 06 05.53","-29 45 30.7",5.79,"A1V",41843
28900,"06 06 05.58","-33 13 09.4",6.7,"F5IV",41863
28908,"06 06 08.62","+35 23 18.4",6.12,"G0V",41330
28910,"06 06 09.33","-14 56 07.0",4.67,"A0V",41695
28909,"06 06 09.36","-66 02 22.9",5.72,"A0V",42525
28930,"06 06 22.44","+29 30 44.7",6.01,"M3II comp",41429
28943,"06 06 32.10","-23 06 38.8",5.46,"A2V",41841
28946,"06 06 35.09","+38 28 58.0",5.35,"A4m",41357
28948,"06 06 38.38","-16 31 05.9",6.6,"G8III",41818
28949,"06 06 38.74","-04 11 37.8",5.37,"B5IV",41692
28951,"06 06 39.20","+63 27 13.7",6.42,"K0",40956
28954,"06 06 40.55","+15 32 32.5",6.76,"K0",41593
28957,"06 06 41.07","-42 17 55.7",6.15,"Am",42078
28966,"06 06 44.66","-24 55 36.6",6.96,"F0/F2V",41898
28969,"06 06 48.66","+23 38 19.0",6.67,"K0",41543
28970,"06 06 50.56","-67 17 00.1",6.7,"K3III",42701
28973,"06 06 51.89","-11 10 24.9",6.66,"B3V",41814
28978,"06 06 55.83","+16 22 00.2",6.57,"K0",41602
28981,"06 06 56.26","-03 20 28.3",6.92,"B5",41756
28984,"06 06 57.52","-21 48 44.2",5.74,"M3II/III",41933
28985,"06 06 58.56","-06 12 09.5",6.58,"A5",41794
28987,"06 06 59.85","-46 12 20.1",6.83,"F3V",42190
28988,"06 07 01.83","-45 05 29.8",6.48,"K1III",42168
28991,"06 07 03.36","-62 09 15.9",5.04,"K2/K3III",42540
28992,"06 07 03.67","-34 18 43.3",5.82,"B4Vnn",42054
29002,"06 07 09.37","+09 09 58.1",6.94,"F2",41712
29024,"06 07 25.84","+36 16 28.7",6.94,"B9",41523
29025,"06 07 26.76","+41 51 15.6",6.15,"K0III",41467
29034,"06 07 31.63","-37 15 10.5",5.0,"B8:IV",42167
29038,"06 07 34.32","+14 46 06.7",4.42,"B3IV",41753
29040,"06 07 35.89","+10 27 22.8",6.7,"K0",41790
29048,"06 07 41.63","-19 09 57.6",5.28,"M1III",42042
29057,"06 07 46.99","-44 43 45.8",6.76,"F0V",42304
29064,"06 07 52.87","-42 09 14.4",5.5,"A0V",42303
29068,"06 07 55.98","+36 03 55.3",6.96,"K2",41599
29083,"06 08 06.44","-15 54 04.2",6.95,"F5V",42074
29114,"06 08 23.14","+41 03 21.0",6.34,"G9III",41636
29118,"06 08 25.39","-11 08 46.5",6.79,"A2",42116
29126,"06 08 30.37","+13 58 15.8",6.93,"B1V",41943
29129,"06 08 34.64","-44 21 22.4",6.26,"B8II",42448
29134,"06 08 44.34","-68 50 36.4",5.06,"B8V",43107
29135,"06 08 45.70","-07 56 10.7",6.69,"A2",42133
29138,"06 08 47.03","+08 40 10.0",6.55,"B9V",42035
29140,"06 08 47.72","-06 49 17.0",6.46,"G5",42132
29150,"06 08 57.87","-22 25 38.2",5.49,"A0V",42301
29151,"06 08 57.90","+02 29 59.0",5.7,"A3Vn",42111
29154,"06 08 59.68","+02 29 47.1",6.93,"A0",42092
29163,"06 09 06.79","-08 18 05.7",6.64,"K0",42205
29166,"06 09 07.25","+07 30 48.7",6.63,"G0",42089
29178,"06 09 20.20","-18 07 34.8",6.36,"B9Vn...",42327
29185,"06 09 23.43","-49 33 46.8",6.48,"F8V",42683
29196,"06 09 32.44","+22 11 25.0",5.93,"K4III",42049
29205,"06 09 34.53","-14 35 04.9",5.56,"K2III",42341
29210,"06 09 36.21","-05 42 41.2",6.16,"F3IVw",42278
29225,"06 09 43.99","+23 06 48.5",5.75,"B2.5Ib",42087
29233,"06 09 47.16","-26 42 04.0",6.27,"G8/K0III",42486
29234,"06 09 47.91","-22 46 28.2",5.71,"F5V",42443
29236,"06 09 49.14","+02 52 10.6",6.57,"K0",42256
29246,"06 09 58.99","+58 56 08.3",5.35,"G8III",41597
29263,"06 10 10.42","-40 21 14.3",5.54,"M2II/III",42682
29271,"06 10 14.20","-74 45 09.1",5.08,"G5V",43834
29275,"06 10 16.63","-15 03 33.9",6.9,"B8V",42459
29276,"06 10 17.91","-54 58 07.2",4.72,"B0.5IV",42933
29282,"06 10 23.79","+02 54 06.7",6.85,"B9",42353
29284,"06 10 26.51","-77 06 20.3",6.83,"A1V",44148
29288,"06 10 29.94","+22 59 52.4",6.88,"B9",42216
29292,"06 10 31.92","-34 49 00.7",6.65,"G6:III+...",42698
29294,"06 10 34.69","-27 09 15.1",5.72,"K1III",42621
29304,"06 10 39.93","-45 16 55.2",6.28,"A0V",42834
29310,"06 10 47.36","+13 39 34.1",6.93,"B1III",42352
29323,"06 11 01.22","-06 45 15.1",6.15,"A0sp...",42536
29326,"06 11 01.77","+18 07 49.7",6.37,"K1II",42351
29348,"06 11 13.63","+60 27 12.7",6.48,"M0",41782
29347,"06 11 13.66","-26 28 55.6",6.08,"B9.5IV/V",42729
29353,"06 11 15.02","-65 35 22.9",5.01,"M2.5III",43455
29357,"06 11 15.83","+47 54 24.6",6.85,"A2",42084
29365,"06 11 21.75","-15 47 34.9",6.78,"Ap...",42659
29367,"06 11 23.18","+20 54 19.5",6.84,"B5II",42400
29371,"06 11 27.91","+13 38 19.0",6.04,"A0Vnn",42477
29373,"06 11 29.76","+43 09 54.3",6.95,"G5",42196
29379,"06 11 32.31","+24 25 13.4",5.83,"K0III",42398
29388,"06 11 36.58","+48 42 40.0",5.78,"A3V+...",42126
29399,"06 11 43.11","-18 11 10.1",6.6,"K0III",42747
29401,"06 11 43.72","-04 39 55.6",6.18,"B9MNp...",42657
29404,"06 11 45.91","+52 38 50.5",6.28,"A5m",42083
29416,"06 11 51.41","+21 52 05.7",6.93,"M1:Iavar",42475
29417,"06 11 51.82","-06 33 01.0",5.06,"B2V",42690
29426,"06 11 56.40","+14 12 31.7",4.45,"B3IV",42560
29432,"06 12 00.45","+06 47 01.3",6.85,"G4V",42618
29433,"06 12 01.34","+19 47 26.1",5.76,"B9.5V",42509
29434,"06 12 03.28","+16 07 49.6",4.95,"B5Vn",42545
29439,"06 12 11.20","-65 31 53.5",6.85,"F6V",43618
29450,"06 12 19.10","+22 54 30.7",6.51,"M1Ia-ab",42543
29451,"06 12 20.13","+32 41 36.2",5.78,"M1III",42471
29464,"06 12 29.16","-36 33 49.5",6.88,"B3Vn",43071
29468,"06 12 32.20","-61 28 26.7",6.59,"B9.5V",43519
29487,"06 12 44.61","-02 30 17.3",6.62,"A2V",42824
29488,"06 12 46.33","-17 45 47.7",6.52,"B5II/III",42927
29490,"06 12 51.05","+65 43 06.6",5.36,"K2II-III",41927
29497,"06 12 55.51","-08 43 44.6",6.91,"B9",42881
29508,"06 12 59.40","+10 17 14.8",6.6,"B9",42770
29509,"06 12 59.57","+06 00 58.6",6.45,"M...",42787
29513,"06 13 02.81","-04 56 06.6",6.94,"K0",42879
29525,"06 13 12.46","+10 37 40.3",6.43,"G8V",42807
29536,"06 13 24.68","-15 23 02.8",6.85,"G8III",43028
29541,"06 13 30.49","+37 09 32.9",6.77,"A0",42617
29545,"06 13 33.25","+18 40 49.4",6.58,"B8Vnn",42784
29546,"06 13 33.49","-29 23 44.7",6.52,"B7V",43179
29555,"06 13 40.45","-56 55 06.0",6.77,"K1/K2III",43598
29561,"06 13 41.77","-51 40 02.9",6.85,"A2/A3V",43504
29568,"06 13 45.33","-23 51 43.9",6.37,"G5V",43162
29569,"06 13 45.34","+51 10 21.4",6.07,"K1III",42466
29575,"06 13 54.24","-03 44 29.1",5.83,"G8III",43023
29579,"06 13 57.11","-07 14 53.1",6.78,"B9",43066
29581,"06 14 00.50","+33 14 39.5",6.59,"K5",42767
29616,"06 14 28.58","+17 54 23.0",5.86,"A6m",42954
29619,"06 14 30.31","-29 36 15.5",6.98,"A0V",43369
29629,"06 14 36.71","-04 34 06.5",5.83,"B5V",43157
29635,"06 14 41.94","-73 37 35.6",6.61,"B8V",44533
29637,"06 14 43.29","+16 02 13.4",6.66,"G8III",43043
29650,"06 14 50.94","+19 09 24.8",5.2,"F6V",43042
29651,"06 14 51.34","-06 16 29.0",3.99,"K3III",43232
29655,"06 14 52.70","+22 30 24.6",3.31,"M3III",42995
29673,"06 15 06.05","-71 42 10.4",6.62,"F8V",44447
29679,"06 15 08.40","-20 16 20.1",5.88,"K2III",43396
29678,"06 15 08.46","+13 51 03.9",5.91,"B1V",43112
29692,"06 15 17.71","-18 28 37.2",5.99,"K1III",43429
29694,"06 15 22.01","+16 25 51.5",6.98,"K5Ib",43152
29696,"06 15 22.74","+29 29 55.4",4.32,"G8IIIvar",43039
29699,"06 15 23.66","-11 54 16.1",6.6,"A2",43393
29704,"06 15 25.13","+16 08 35.5",5.34,"B7V",43153
29705,"06 15 26.16","-09 02 08.7",6.09,"B9III",43362
29711,"06 15 29.66","-04 54 52.7",5.99,"A5IVs",43319
29716,"06 15 34.36","-00 30 42.0",5.62,"F6V",43318
29725,"06 15 39.06","+36 08 55.3",6.86,"F4V:",43017
29728,"06 15 40.18","+06 03 58.3",6.07,"B6V",43285
29730,"06 15 40.51","+59 59 56.5",5.37,"K3III",42633
29731,"06 15 41.36","+18 17 51.0",6.61,"K2III",43185
29735,"06 15 44.88","-13 43 06.2",5.0,"B9V",43445
29736,"06 15 44.97","+12 33 03.9",5.44,"B9II-III",43247
29739,"06 15 47.02","+04 17 01.1",6.63,"B3IV",43317
29746,"06 15 53.98","+01 10 08.4",6.37,"F5IV:",43358
29752,"06 15 56.50","+10 16 54.5",6.84,"K3III-IV",43299
29756,"06 15 57.17","-29 47 18.4",6.67,"K4III",43636
29763,"06 16 03.99","+59 12 54.4",6.59,"G8II-III",42721
29771,"06 16 07.70","-16 37 04.8",5.97,"B2/B3V",43544
29788,"06 16 18.84","-59 12 45.8",6.44,"G1V",44120
29789,"06 16 19.05","+23 58 12.2",6.09,"G8III",43261
29790,"06 16 20.59","+30 06 09.1",6.91,"B9",43228
29791,"06 16 21.08","+01 04 49.3",6.63,"B6V",43461
29798,"06 16 23.79","+17 10 53.9",6.39,"K5II",43335
29800,"06 16 26.57","+12 16 18.2",5.04,"F5IV-V",43386
29807,"06 16 33.14","-35 08 26.6",4.37,"G8II",43785
29808,"06 16 35.60","-39 15 51.7",6.0,"A2Vm...",43847
29811,"06 16 41.63","-12 02 49.9",6.76,"F2III/IV",43628
29839,"06 16 58.45","+07 03 09.3",6.56,"B7III",43526
29840,"06 16 58.71","+23 44 27.3",6.24,"B3Ia",43384
29842,"06 17 01.23","-37 44 15.5",5.54,"K2III",43899
29843,"06 17 03.52","-22 42 52.6",6.05,"F8/G0V",43745
29850,"06 17 06.62","+09 56 33.1",5.39,"A2V",43525
29852,"06 17 09.57","-37 15 12.4",5.88,"A2V",43940
29854,"06 17 12.79","-24 04 28.2",6.73,"G8III",43804
29855,"06 17 13.91","-26 55 58.6",6.87,"G8III/IV",43828
29860,"06 17 16.25","+05 05 58.9",5.7,"G0.5Vb",43587
29881,"06 17 33.31","+14 03 31.3",6.59,"A0V",43583
29882,"06 17 33.69","+35 08 56.8",6.68,"F6V",43382
29884,"06 17 34.68","+46 25 26.1",6.53,"F0V",43244
29885,"06 17 35.13","-10 43 30.0",6.76,"F0e...",43760
29895,"06 17 41.73","-16 48 57.3",5.15,"K1III",43827
29900,"06 17 44.23","-19 11 19.3",6.72,"B5IV/V",43861
29901,"06 17 44.98","+39 28 26.0",6.72,"K2",43381
29913,"06 17 51.74","-52 43 58.9",6.4,"K2/K3III",44267
29917,"06 17 53.33","-04 22 57.3",6.65,"K0",43757
29919,"06 17 54.83","+61 30 55.1",5.01,"M3III",42973
29929,"06 18 05.55","-53 33 33.0",6.86,"A3m...",44295
29931,"06 18 05.61","+14 22 58.3",6.12,"A3V",43683
29936,"06 18 08.45","-06 43 31.7",6.79,"K0",43843
29941,"06 18 13.73","-19 58 01.2",5.51,"B2/B3V",43955
29949,"06 18 16.86","+46 21 38.7",6.33,"K2III",43380
29951,"06 18 17.42","-05 39 15.6",6.88,"A0",43857
29955,"06 18 20.78","+27 12 37.1",6.66,"K1III",43624
29975,"06 18 37.76","+29 46 53.5",6.86,"A0",43646
29982,"06 18 40.35","+09 02 50.2",6.24,"K0",43821
29993,"06 18 48.79","-15 01 30.0",6.04,"M1III:",44021
29996,"06 18 50.58","-09 23 23.9",5.36,"K1III",43993
29997,"06 18 50.78","+69 19 12.1",4.76,"A0Vn",42818
30002,"06 18 53.86","+35 12 28.9",6.62,"K0",43644
30003,"06 18 54.43","+23 36 11.9",6.58,"G5",43740
30011,"06 18 58.98","-20 55 32.2",5.79,"B3II/III",44081
30019,"06 19 01.85","+17 19 31.0",6.27,"B9IIIsp...",43819
30023,"06 19 04.82","+47 23 38.8",6.83,"F5",43523
30025,"06 19 06.27","+12 44 48.3",6.73,"B8",43873
30028,"06 19 07.94","-08 35 09.7",6.22,"B9V",44037
30031,"06 19 10.00","+56 31 36.0",6.9,"K1III",43352
30038,"06 19 15.20","-69 47 05.0",6.91,"F6V",45080
30046,"06 19 19.30","+23 28 09.9",6.91,"B0II",43818
30049,"06 19 22.52","+23 16 28.2",6.95,"A0II",43836
30051,"06 19 25.40","+13 26 02.3",6.9,"F7V",43931
30058,"06 19 35.84","+69 34 09.0",6.77,"A5",42937
30060,"06 19 37.39","+59 00 39.3",4.44,"A2Vs",43378
30062,"06 19 38.19","-22 06 11.3",6.29,"K3III",44225
30064,"06 19 38.47","-63 49 25.3",6.86,"G8III/IV",44880
30065,"06 19 38.99","+68 40 36.9",6.86,"G0",42992
30067,"06 19 40.18","+16 00 47.8",6.61,"F8V",43947
30069,"06 19 40.95","-34 23 47.7",5.76,"B9V",44323
30073,"06 19 42.80","-07 49 22.5",5.27,"B2.5V",44112
30079,"06 19 47.95","-39 29 11.3",6.61,"K2/K3III",44404
30088,"06 19 57.37","-13 59 34.9",6.67,"B9V",44200
30093,"06 19 59.60","-02 56 40.2",4.91,"M1III",44131
30094,"06 19 59.87","-61 19 47.2",6.95,"K1/K2III",44846
30099,"06 20 04.23","+14 39 04.2",5.67,"K3Ib",44033
30104,"06 20 05.93","-48 44 25.6",6.61,"G4V",44594
30105,"06 20 06.83","-07 52 19.0",6.94,"A5",44178
30120,"06 20 17.14","+07 43 07.9",6.76,"B9",44109
30122,"06 20 18.79","-30 03 48.2",3.02,"B2.5V",44402
30132,"06 20 26.96","-49 06 15.5",6.81,"K1III",44666
30141,"06 20 35.17","-23 38 16.1",6.49,"K0III",44379
30143,"06 20 36.24","-34 08 39.1",5.55,"B3V",44506
30149,"06 20 40.05","-09 53 27.6",6.9,"A2",44288
30153,"06 20 42.06","+72 08 45.6",6.57,"G5",42951
30167,"06 20 50.45","-04 35 43.4",6.75,"A5",44286
30169,"06 20 52.12","+11 45 22.4",6.54,"B5III",44173
30174,"06 20 56.38","-29 40 14.4",6.99,"F3V",44524
30190,"06 21 05.43","-11 49 02.4",6.32,"K5",44394
30200,"06 21 11.91","+29 32 27.3",6.41,"A1Vs",44092
30205,"06 21 17.89","+42 20 25.4",6.79,"A0",44004
30214,"06 21 24.72","-11 46 23.7",5.48,"B1Vpe SB",44458
30215,"06 21 25.04","-60 01 19.1",6.96,"A7III",45058
30217,"06 21 25.78","+02 16 06.9",6.3,"A4.5V",44333
30218,"06 21 25.91","+17 45 49.0",6.32,"G9:III:",44234
30237,"06 21 40.74","-56 21 44.2",6.79,"M3III",45002
30238,"06 21 41.78","-08 14 09.6",6.96,"M...",44480
30245,"06 21 44.97","+12 51 43.0",6.68,"G5",44318
30247,"06 21 46.11","+53 27 08.6",5.34,"F5III...",43905
30252,"06 21 50.05","-51 14 15.8",6.74,"A5V",44958
30267,"06 22 01.30","+44 03 30.8",6.88,"G5",44091
30272,"06 22 03.56","+59 22 19.6",6.05,"A3V",43812
30276,"06 22 06.15","-15 39 47.9",6.51,"K0III",44621
30277,"06 22 06.85","-33 26 10.6",3.85,"G7II",44762
30299,"06 22 23.20","-45 57 37.3",6.84,"B8IV",44972
30314,"06 22 30.95","-60 13 07.7",6.53,"G1V",45270
30318,"06 22 36.42","+12 34 13.1",6.0,"F0III",44497
30321,"06 22 38.23","-69 59 02.9",5.56,"K5III",45669
30324,"06 22 41.99","-17 57 21.3",1.98,"B1II/III",44743
30328,"06 22 45.25","+04 12 37.5",6.89,"A3",44602
30333,"06 22 49.63","+17 34 26.8",6.92,"A0",44496
30339,"06 22 55.18","-45 37 44.2",6.73,"K1III",45056
30342,"06 22 55.87","-56 22 11.7",5.6,"Am",45229
30343,"06 22 57.59","+22 30 49.9",2.87,"M3IIIvar",44478
30351,"06 23 01.47","-03 16 37.1",6.56,"B5V",44701
30352,"06 23 01.48","-63 40 59.4",6.3,"M1III",45461
30357,"06 23 06.37","+56 58 35.5",6.47,"K1III",44061
30372,"06 23 13.05","-34 59 48.6",6.53,"Ap...",44979
30376,"06 23 14.50","-31 47 25.1",6.31,"G8III",44956
30381,"06 23 18.38","-14 50 07.2",6.96,"A8IV",44800
30382,"06 23 18.49","+03 45 52.2",6.41,"B3V",44700
30387,"06 23 22.79","-04 41 14.9",6.66,"A2V",44756
30395,"06 23 29.55","-29 51 38.8",6.99,"K1/K2III",44978
30407,"06 23 35.92","-09 52 29.1",6.11,"K5",44816
30408,"06 23 38.81","+40 31 17.0",6.81,"G5",44413
30414,"06 23 42.76","-16 28 02.0",6.57,"A9/F0IV",44892
30418,"06 23 45.25","-37 00 52.6",6.89,"B5V",45098
30419,"06 23 46.10","+04 35 34.2",4.39,"A5IV",44769
30420,"06 23 46.14","-15 04 16.5",6.27,"K2/K3III",44891
30422,"06 23 46.50","+04 35 45.1",6.72,"F5V",44770
30423,"06 23 46.92","-58 32 38.2",6.47,"A3V",45450
30425,"06 23 47.57","+02 39 56.7",6.86,"K0",44771
30426,"06 23 47.66","-19 47 07.5",6.61,"B8III",44953
30436,"06 23 55.91","-25 34 39.1",5.61,"K5III",45018
30438,"06 23 57.09","-52 41 44.6",-0.62,"F0Ib",45348
30444,"06 24 01.02","-36 42 28.4",5.62,"K1II/III",45145
30448,"06 24 02.29","+08 53 06.1",6.24,"B8Vn",44783
30455,"06 24 06.12","-36 42 10.7",6.84,"G6/G8III",45158
30457,"06 24 10.35","-11 31 48.0",5.21,"K3III",44951
30461,"06 24 13.07","-26 26 42.1",6.68,"K0/K1III+..",45074
30463,"06 24 13.88","-60 16 53.0",5.78,"A0V",45557
30466,"06 24 17.38","+43 13 49.6",6.98,"G5",44495
30468,"06 24 20.58","-12 57 43.0",6.12,"B4V",44996
30469,"06 24 21.16","-16 13 28.4",6.95,"A9V",45016
30476,"06 24 24.41","-42 50 57.9",6.67,"G5V",45289
30480,"06 24 26.57","-63 25 43.1",6.45,"G3III/IV",45701
30492,"06 24 33.80","+11 15 23.4",6.85,"K0",44853
30493,"06 24 33.94","-01 25 05.5",6.72,"B8",44948
30497,"06 24 38.96","+35 15 18.4",6.56,"K0",44694
30501,"06 24 43.75","+25 02 55.4",6.35,"K2III",44780
30503,"06 24 43.99","-28 46 47.3",6.37,"G2V",45184
30505,"06 24 44.50","-40 17 02.3",6.3,"B9V",45306
30518,"06 24 52.75","+29 42 25.5",6.7,"B8IIIn",44766
30517,"06 24 52.76","+16 03 26.0",6.35,"G9III",44867
30520,"06 24 53.90","+49 17 16.4",4.92,"K5Iabvar",44537
30524,"06 24 55.81","-63 49 41.4",6.26,"B6V",45796
30540,"06 25 12.83","+32 16 18.4",6.97,"K0",44794
30541,"06 25 13.00","+07 05 08.6",6.26,"K1Iabv SB",44990
30545,"06 25 16.41","-00 56 43.3",5.88,"F8V",45067
30547,"06 25 18.49","+01 30 05.5",6.66,"B9V",45050
30564,"06 25 28.18","+14 43 19.2",6.3,"C5II",44984
30565,"06 25 28.65","-69 41 26.8",5.37,"G8III",46116
30566,"06 25 30.01","-35 03 50.5",6.24,"K3III",45383
30569,"06 25 32.59","+23 26 31.8",6.63,"K1III",44926
30570,"06 25 32.94","+23 19 38.0",6.05,"A2Vn",44927
30575,"06 25 34.76","-02 59 29.2",6.54,"A0",45139
30583,"06 25 40.48","-29 42 10.7",6.89,"A0V",45382
30586,"06 25 42.07","+14 05 33.7",6.85,"F6V",45044
30588,"06 25 42.73","+21 38 42.2",6.53,"G5",44974
30591,"06 25 43.66","-48 10 36.7",5.76,"B9V",45572
30594,"06 25 46.53","+02 16 18.2",6.51,"A0V",45137
30595,"06 25 47.14","-03 53 20.5",6.33,"G9III",45168
30601,"06 25 51.39","+00 48 45.9",6.6,"G5",45152
30602,"06 25 52.33","+11 07 33.3",6.39,"A0",45090
30605,"06 25 58.15","+58 36 11.6",6.87,"F2",44536
30608,"06 25 58.83","-07 53 41.9",6.4,"A4V",45239
30627,"06 26 09.60","-03 30 57.1",6.42,"G5",45215
30630,"06 26 10.32","+18 45 26.3",6.78,"K0",45088
30650,"06 26 25.16","-00 46 36.3",6.79,"B9",45257
30651,"06 26 25.86","+56 17 06.2",5.53,"A3m",44691
30660,"06 26 34.45","-04 35 50.6",6.16,"B2.5V",45321
30663,"06 26 37.73","+15 31 25.3",6.88,"B9V",45180
30665,"06 26 39.20","+13 06 05.1",6.6,"F7V",45194
30666,"06 26 39.59","-01 30 26.2",5.87,"A3Vn",45320
30669,"06 26 42.66","-14 36 12.2",6.32,"K0/K1III",45420
30670,"06 26 43.40","+00 27 15.4",6.88,"G5",45317
30675,"06 26 44.85","-07 30 42.9",6.35,"A0Vn",45380
30679,"06 26 48.88","+58 25 02.7",5.21,"K4III",44708
30691,"06 26 58.35","-04 27 33.4",6.91,"K0",45398
30692,"06 26 58.83","+00 50 27.7",6.7,"A1Vn",45357
30700,"06 27 00.88","-04 21 20.3",6.5,"B4V",45418
30703,"06 27 04.14","-58 00 07.6",5.82,"K3III",45984
30706,"06 27 07.59","-37 53 44.2",6.48,"F3V",45680
30711,"06 27 11.48","-25 51 21.5",6.05,"F8/G0V",45588
30714,"06 27 12.11","-60 43 43.0",6.97,"K2IIICN...",46069
30717,"06 27 13.76","+00 17 57.4",5.19,"K1II",45416
30720,"06 27 15.59","-00 16 33.6",5.55,"K5III",45433
30722,"06 27 15.78","+14 53 21.2",6.57,"O9:pe",45314
30728,"06 27 20.48","+02 54 29.7",5.55,"G9III",45415
30735,"06 27 27.93","+05 10 31.5",6.72,"F0",45431
30741,"06 27 35.52","+32 33 47.2",6.43,"K0",45192
30747,"06 27 40.30","+30 38 42.8",6.95,"K0IV",45237
30757,"06 27 46.58","+20 47 22.6",6.54,"K0",45352
30760,"06 27 48.62","-62 09 00.0",6.61,"A0V",46190
30762,"06 27 50.98","+47 24 17.7",6.55,"A0V",45105
30769,"06 27 56.69","+20 29 46.6",6.22,"A2Vs",45394
30772,"06 27 57.57","-04 45 43.7",5.06,"B2V",45546
30788,"06 28 10.22","-32 34 48.5",4.47,"B4V",45813
30794,"06 28 14.49","+70 32 07.0",6.03,"A4V",44472
30795,"06 28 14.65","-77 17 27.4",6.94,"A1IV",47332
30798,"06 28 16.77","+01 54 45.8",6.48,"B9V",45563
30804,"06 28 18.80","+10 18 14.4",6.16,"K2III-IV",45512
30815,"06 28 28.11","+16 14 18.6",6.24,"G5",45506
30827,"06 28 34.09","+30 29 35.1",5.75,"F5.5Ibv",45412
30836,"06 28 37.41","-17 27 57.7",5.76,"K0III",45765
30838,"06 28 38.22","-00 43 15.9",6.8,"F8",45654
30840,"06 28 39.24","-32 22 16.7",5.74,"B5IV",45871
30849,"06 28 42.40","-41 04 29.7",6.32,"F2/F3V",45983
30863,"06 28 47.06","-00 34 20.7",6.52,"F0",45674
30867,"06 28 49.07","-07 01 59.0",3.76,"B3Ve",45725
30869,"06 28 50.54","+52 26 55.3",6.94,"G5",45175
30874,"06 28 52.36","+00 07 40.7",6.56,"A0",45689
30880,"06 28 56.33","+26 58 03.5",6.57,"F5",45504
30883,"06 28 57.79","+20 12 43.8",4.13,"B6III",45542
30886,"06 29 00.17","+11 01 09.3",6.59,"A9IV",45638
30906,"06 29 14.81","+02 38 46.6",6.17,"M1",45724
30925,"06 29 25.56","-22 35 28.0",6.8,"A1V",45941
30932,"06 29 28.54","-56 51 10.2",5.2,"K0III",46355
30953,"06 29 49.13","-50 14 20.3",5.28,"F2V",46273
30959,"06 29 55.28","-59 35 26.4",6.81,"F0III",46479
30970,"06 30 02.29","+07 55 16.0",6.63,"K0Iab",45829
30972,"06 30 02.98","+46 41 07.9",5.88,"K4III",45466
30973,"06 30 03.01","-65 34 06.2",6.28,"F0III",46730
30977,"06 30 05.60","+09 01 47.0",6.57,"A0III",45827
30986,"06 30 11.28","-10 04 53.4",5.92,"K0",45976
30988,"06 30 11.81","-19 12 53.4",6.44,"M0/M1III",46037
31000,"06 30 21.87","+22 32 41.8",6.98,"A0",45769
31001,"06 30 22.01","+28 12 43.7",6.85,"A2",45721
31002,"06 30 22.56","+60 08 47.4",6.8,"B8",45271
31006,"06 30 25.26","+41 24 06.2",6.7,"B8",45622
31010,"06 30 26.82","-03 01 19.5",6.96,"G5",45974
31017,"06 30 29.79","-14 57 15.7",6.75,"B8V",46035
31019,"06 30 32.94","+05 52 01.2",6.7,"B2:IIIpshev",45910
31020,"06 30 33.20","-12 04 51.8",6.58,"K0III",46034
31024,"06 30 34.89","-13 08 53.4",6.16,"B2III",46064
31032,"06 30 40.68","-40 26 53.4",6.68,"B3IV",46288
31037,"06 30 46.29","-27 46 10.5",5.92,"B3IV/V",46189
31039,"06 30 47.14","+58 09 48.4",5.86,"K0IV",45410
31056,"06 30 59.90","-40 54 58.6",6.19,"K3III",46365
31058,"06 31 03.10","+39 45 16.9",6.66,"A0",45720
31061,"06 31 04.55","-43 43 01.7",6.68,"G8IV",46415
31066,"06 31 09.56","+11 15 05.0",6.17,"B2V:nne",45995
31067,"06 31 10.03","+16 56 19.1",6.18,"K2III...",45951
31068,"06 31 10.65","-61 52 46.5",6.15,"B3V",46792
31072,"06 31 13.10","-35 15 31.9",5.82,"G8III+...",46349
31079,"06 31 18.22","-51 49 34.3",5.58,"F8V",46569
31084,"06 31 23.02","-12 23 30.9",5.16,"K1III",46184
31086,"06 31 24.01","-32 52 06.8",6.31,"M4III",46347
31088,"06 31 24.24","-12 33 34.9",6.8,"B2/B3II:",46185
31092,"06 31 29.49","-21 24 20.2",6.58,"A6V",46270
31096,"06 31 31.58","+37 10 40.9",6.64,"K0",45848
31099,"06 31 34.95","-36 56 24.7",6.26,"M2/M3III",46431
31105,"06 31 37.44","+15 54 12.7",6.38,"A8V",46031
31107,"06 31 39.38","+11 47 32.3",6.64,"B6III",46075
31119,"06 31 48.29","+11 32 39.6",5.22,"A3V",46089
31121,"06 31 50.07","-08 09 29.5",5.43,"K2III",46229
31125,"06 31 51.37","-23 25 06.4",4.34,"B1III",46328
31130,"06 31 55.52","+04 56 34.3",6.75,"O6e",46150
31131,"06 31 55.66","-18 03 44.2",6.59,"K3III",46308
31137,"06 31 58.31","-58 45 13.8",5.69,"B9V",46860
31147,"06 32 07.14","+06 02 08.4",6.7,"B9V",46179
31155,"06 32 17.53","+08 49 04.8",6.98,"A3",46199
31156,"06 32 17.81","+17 46 46.4",6.91,"G8",
31158,"06 32 18.52","+17 47 03.4",6.26,"F6V...",46136
31159,"06 32 19.23","+04 51 21.6",5.88,"K0V",46241
31165,"06 32 21.33","-37 41 47.4",5.25,"G8III",46568
31167,"06 32 23.13","-05 52 07.4",5.6,"F0Vnn+...",46304
31168,"06 32 23.27","+11 40 25.0",6.08,"K0III",46178
31173,"06 32 27.20","+32 27 17.8",5.82,"A3m + A3m",46052
31190,"06 32 38.98","-32 01 49.6",5.73,"B2V",46547
31193,"06 32 40.22","+35 17 37.5",6.79,"K0",46050
31201,"06 32 46.10","-27 24 16.5",6.89,"F8V",46523
31203,"06 32 46.35","-61 49 40.6",6.85,"K2/K3III",47095
31205,"06 32 46.88","-11 09 59.0",6.3,"K0III:...",46407
31216,"06 32 54.23","+07 19 58.7",4.47,"A0Ib",46300
31223,"06 32 57.69","-48 32 39.2",6.96,"F5V",46836
31231,"06 33 04.01","+78 58 46.4",6.61,"K0",44385
31237,"06 33 06.18","+01 16 24.0",6.88,"K4III",46377
31241,"06 33 10.24","-38 37 30.5",6.44,"G8III",46727
31265,"06 33 26.31","-52 19 45.5",6.18,"G8III",47001
31266,"06 33 26.68","-20 55 26.0",6.39,"K0III+...",46602
31269,"06 33 27.34","-32 13 35.0",6.96,"K3III",46694
31277,"06 33 36.17","+14 09 19.3",5.57,"K2III:",46374
31278,"06 33 37.92","-01 13 12.4",5.09,"B5Vn",46487
31290,"06 33 42.65","+33 01 26.5",6.53,"A3V",46251
31299,"06 33 49.49","-36 13 56.2",5.42,"K3III",46815
31309,"06 33 57.62","+52 27 41.8",6.91,"A3...",46048
31314,"06 34 02.53","-77 41 15.2",6.66,"F6V",48584
31325,"06 34 08.11","-29 37 46.3",6.82,"A1V + (F)",46813
31326,"06 34 08.42","+02 53 54.9",6.9,"F0",46558
31340,"06 34 19.37","+38 04 33.7",6.66,"K0",46296
31344,"06 34 21.66","-03 04 26.8",6.59,"K2",46644
31359,"06 34 32.80","+55 21 10.9",6.45,"K0III:",46101
31362,"06 34 35.33","-32 42 58.5",5.62,"B9V",46936
31363,"06 34 35.61","+04 58 04.9",6.68,"M0III",46612
31374,"06 34 43.36","-34 00 34.2",6.69,"A4V",46973
31385,"06 34 46.33","+07 34 21.0",6.44,"A0Vs",46642
31396,"06 34 53.68","+16 12 20.9",6.61,"G5",46594
31398,"06 34 54.25","-30 05 31.3",6.94,"K5III",46971
31407,"06 34 58.59","-52 58 32.3",4.35,"B9III",47306
31416,"06 35 03.38","-22 57 53.4",4.54,"A0III",46933
31434,"06 35 12.06","+28 01 20.4",5.26,"A0Vnn",46553
31446,"06 35 15.83","+00 53 24.8",5.78,"B8Ib",46769
31448,"06 35 17.60","+09 59 18.1",5.93,"K4III",46709
31457,"06 35 24.22","-36 46 47.7",5.59,"A0V",47144
31469,"06 35 30.81","-22 06 32.4",6.32,"K0III",47012
31509,"06 35 54.07","-36 05 18.4",6.36,"F6V",47230
31511,"06 35 54.71","+43 42 21.1",6.87,"G5",46493
31520,"06 35 59.38","+31 28 45.5",6.9,"K2",46657
31523,"06 36 00.11","+04 29 53.0",6.55,"B9V",46885
31525,"06 36 02.12","+16 47 49.5",6.73,"F5",46781
31526,"06 36 02.27","+56 23 10.3",6.56,"F2",46318
31552,"06 36 15.00","+58 06 26.1",6.61,"F5",46317
31564,"06 36 22.86","-18 39 35.8",5.71,"G8/K0III+..",47138
31565,"06 36 24.01","+59 39 52.3",6.84,"A0",46294
31567,"06 36 25.89","+06 04 59.5",6.87,"O8",46966
31568,"06 36 26.26","+27 16 43.0",6.89,"G0",46780
31572,"06 36 27.96","-31 53 12.9",6.87,"F2V",47282
31579,"06 36 32.84","+38 26 44.0",5.4,"C5II",46687
31583,"06 36 35.33","-05 12 40.0",5.52,"B8V",47054
31592,"06 36 41.00","-19 15 20.6",3.95,"K1III+...",47205
31593,"06 36 41.07","-22 36 53.1",6.35,"B3V",47247
31599,"06 36 46.60","-13 19 15.5",5.95,"K4/K5III",47182
31603,"06 36 51.27","-41 33 25.8",6.36,"K0II",47475
31617,"06 37 01.89","-38 08 47.8",6.03,"K0III",47463
31637,"06 37 13.84","-36 59 26.5",5.72,"B6IV",47500
31642,"06 37 19.98","-43 27 04.7",6.87,"B5III",47601
31646,"06 37 24.04","+06 08 07.4",6.05,"O8e",47129
31650,"06 37 27.29","+24 35 27.0",6.44,"A3V",47020
31660,"06 37 33.94","+12 10 52.5",6.84,"G5",47127
31661,"06 37 36.20","-55 20 37.7",6.88,"G8III",47910
31662,"06 37 36.92","+10 51 12.1",6.39,"K0",47156
31665,"06 37 38.40","+56 51 27.0",5.87,"A2V",46590
31672,"06 37 40.35","+02 42 15.4",6.17,"K1III",47220
31674,"06 37 40.79","-12 59 05.3",6.11,"K1III:",47366
31676,"06 37 41.64","+61 28 54.8",5.94,"G8IV-V",46480
31681,"06 37 42.70","+16 23 57.9",1.93,"A0IV",47105
31685,"06 37 45.67","-43 11 45.3",3.17,"B8III SB",47670
31688,"06 37 47.54","-32 20 23.6",5.25,"K1III",47536
31696,"06 37 52.47","+23 36 16.0",6.65,"K0",47086
31697,"06 37 52.70","+04 57 24.0",6.14,"B1Ib",47240
31700,"06 37 53.43","-18 14 14.8",4.42,"K0II/III",47442
31703,"06 37 55.24","+73 41 44.3",6.26,"F2",45947
31711,"06 38 00.42","-61 32 00.8",6.15,"G1/G2V",48189
31730,"06 38 18.90","+24 27 01.9",6.75,"A5",47176
31731,"06 38 20.00","+57 11 30.3",6.73,"G8III-IV",46702
31733,"06 38 20.46","-02 32 38.1",6.14,"K2",47420
31736,"06 38 22.91","-23 34 49.1",6.48,"A2V",47579
31737,"06 38 23.02","+28 59 03.8",5.76,"B9npe...",47152
31738,"06 38 23.03","-52 55 55.7",6.74,"K5/M0III",48024
31758,"06 38 35.43","-16 52 24.6",6.01,"A0IV",47561
31763,"06 38 36.38","+61 28 40.0",6.96,"A3",46635
31765,"06 38 37.63","-48 13 12.8",5.05,"G8III",47973
31766,"06 38 38.19","+01 36 48.7",6.23,"O9.5II",47432
31771,"06 38 39.55","+39 23 28.0",5.7,"K5III",47070
31776,"06 38 40.76","+41 34 53.4",6.87,"B9",47046
31787,"06 38 47.93","+06 54 06.8",6.94,"B0IV",47417
31789,"06 38 49.19","+39 54 09.3",5.34,"B8III",47100
31790,"06 38 49.41","+04 42 02.2",6.56,"B8IIIn",47431
31813,"06 39 05.29","+22 01 51.4",6.09,"G9III",47358
31827,"06 39 16.72","-14 08 44.7",4.82,"K2III",47667
31832,"06 39 19.83","+42 29 20.4",4.8,"K3III",47174
31850,"06 39 31.47","+24 35 59.8",6.43,"F8IV",47415
31852,"06 39 33.12","+28 15 47.4",6.02,"B7III",47395
31859,"06 39 36.22","-23 41 44.3",6.05,"A0V",47827
31870,"06 39 42.67","-30 28 12.1",5.7,"K1III",47946
31872,"06 39 43.58","+58 05 42.4",6.96,"G5",46963
31874,"06 39 46.53","-01 22 48.5",6.92,"K0",47663
31876,"06 39 47.73","+12 58 58.1",5.99,"A2V",47575
31886,"06 39 56.87","-38 09 32.1",6.59,"K1IIICN...",48087
31889,"06 39 57.87","+44 00 50.8",6.35,"K1III",47270
31897,"06 40 02.91","-80 48 49.4",5.61,"A5III",50506
31916,"06 40 12.89","+44 19 58.4",6.75,"G5",47335
31922,"06 40 16.61","+79 35 58.1",6.74,"A1V",45560
31925,"06 40 18.86","-06 20 46.7",6.91,"M3III",47821
31928,"06 40 21.30","+40 58 10.9",6.82,"F2",47412
31940,"06 40 28.84","+77 59 44.9",5.75,"K5III",45866
31944,"06 40 31.39","+61 55 20.9",6.58,"A2",47005
31945,"06 40 31.95","+06 22 16.5",6.51,"B8III",47756
31946,"06 40 32.24","+71 44 55.5",5.88,"K0III",46509
31962,"06 40 47.45","-47 37 17.6",6.66,"B5III",48402
31966,"06 40 49.47","-47 40 28.8",6.71,"M2",48403
31976,"06 40 57.31","-12 10 56.1",6.92,"B2III",48038
31977,"06 40 57.56","-71 46 30.3",6.5,"K1IIICN...",49268
31978,"06 40 58.66","+09 53 44.7",4.66,"O7",47839
31985,"06 41 01.85","-07 34 21.5",6.84,"K2",48016
31992,"06 41 05.45","+00 29 43.2",5.79,"B8III",47964
31996,"06 41 09.42","+08 59 05.2",6.53,"F5+...",47888
32007,"06 41 14.17","-40 20 59.5",6.16,"B4V",48383
32012,"06 41 17.22","+11 00 11.4",6.19,"M1III",47886
32019,"06 41 20.90","+28 11 47.9",6.45,"G5Ib",47731
32020,"06 41 21.94","+16 23 51.6",6.28,"A1V",47863
32022,"06 41 22.42","-07 10 07.4",6.96,"B8",48106
32037,"06 41 30.78","-20 19 03.2",6.88,"G8/K0III",48203
32040,"06 41 37.77","+35 55 55.2",6.48,"F8III",47703
32055,"06 41 50.62","+14 13 00.3",6.8,"A2",48011
32064,"06 41 56.37","-09 10 02.7",5.21,"M0III",48217
32065,"06 41 57.18","-20 14 58.6",6.85,"K0III",48315
32067,"06 41 59.23","+06 20 43.5",6.36,"O6",48099
32069,"06 41 59.70","-16 00 26.0",6.94,"B8/B9III",48287
32076,"06 42 05.31","-15 12 53.8",6.97,"F7V",48286
32091,"06 42 16.39","-38 23 55.7",6.28,"A+...",48543
32094,"06 42 17.14","+07 23 52.2",6.86,"K5",48144
32104,"06 42 24.32","+17 38 43.9",5.2,"A2V",48097
32106,"06 42 25.58","-67 50 35.5",6.72,"B9.5/A0V",49306
32140,"06 42 43.38","-32 42 46.0",6.76,"F0V",48581
32143,"06 42 45.03","+32 33 32.0",6.74,"G5",48006
32144,"06 42 46.08","-22 26 55.8",6.26,"F2V",48501
32146,"06 42 47.49","-04 08 27.2",6.57,"F5",48332
32173,"06 43 05.01","+44 31 28.3",5.04,"K5III",47914
32177,"06 43 06.61","+03 02 01.8",6.18,"K0",48348
32190,"06 43 13.72","+37 08 50.7",6.21,"K0",48073
32208,"06 43 23.35","-39 11 35.1",6.3,"A8:+...",48797
32222,"06 43 36.73","-73 07 04.7",6.36,"G8III",49947
32226,"06 43 38.65","+03 55 57.1",5.88,"B0III",48434
32243,"06 43 53.56","-25 32 05.9",6.7,"G8III",48758
32246,"06 43 55.93","+25 07 52.2",3.06,"A3mA6-A9",48329
32249,"06 43 59.29","+13 13 41.3",4.49,"K1III",48433
32252,"06 44 05.22","+62 57 46.9",6.61,"K2",47659
32256,"06 44 09.81","-54 43 50.7",6.68,"B8/B9V",49192
32261,"06 44 11.48","+53 17 47.1",6.28,"K0",47979
32268,"06 44 12.52","+36 06 33.3",6.37,"A2V",48272
32269,"06 44 12.81","-54 41 43.9",6.47,"B5/B6V",49219
32275,"06 44 17.39","+40 37 23.9",6.84,"M4III",48228
32284,"06 44 24.66","+56 55 59.1",6.9,"M2III",47930
32288,"06 44 25.40","+03 08 29.7",6.81,"F5Ib",48616
32292,"06 44 28.47","-31 04 13.9",5.23,"B2V",48917
32296,"06 44 30.30","+82 06 55.7",6.61,"A5V",45618
32309,"06 44 44.22","-61 13 27.3",6.95,"K4III",49518
32311,"06 44 45.46","+28 58 15.6",5.42,"K4III",48450
32315,"06 44 46.60","+44 30 20.0",6.64,"G5",48270
32322,"06 44 51.96","-27 20 32.6",6.43,"F7V",48938
32332,"06 44 55.67","-70 26 01.6",6.1,"K3III",50002
32333,"06 44 56.36","+22 50 14.6",6.76,"A2",48548
32339,"06 45 02.56","-30 35 11.1",6.53,"B8IV",49028
32349,"06 45 09.25","-16 42 47.3",-1.44,"A0m...",48915
32350,"06 45 09.73","+39 22 06.5",6.93,"F0",48412
32352,"06 45 10.01","-18 16 05.7",6.9,"G8/K0III",48923
32362,"06 45 17.43","+12 53 45.8",3.35,"F5IV",48737
32366,"06 45 23.08","-31 47 34.5",5.92,"F7V",49095
32368,"06 45 23.38","-23 27 45.0",6.04,"K2III",49001
32369,"06 45 23.51","+24 40 20.9",6.95,"K2:Ib",48640
32375,"06 45 26.05","-52 12 03.4",6.56,"G3Ib",49396
32376,"06 45 26.51","+09 45 56.9",6.65,"F0",48784
32385,"06 45 31.19","-30 56 56.4",5.62,"B+...",49131
32389,"06 45 35.10","+27 40 23.7",6.7,"K3III",48638
32398,"06 45 50.06","-00 42 59.2",6.78,"A0",48922
32402,"06 45 53.72","-52 24 35.0",5.81,"K3III",49517
32404,"06 45 54.20","+12 41 36.8",6.47,"A9III",48843
32406,"06 45 57.46","-20 46 30.1",6.91,"K3III",49091
32411,"06 45 59.40","-14 47 45.9",5.3,"A1IV/V",49048
32418,"06 46 03.23","-39 32 25.0",6.62,"B4Vne",49319
32431,"06 46 10.38","+23 22 16.0",6.51,"G8V",48805
32433,"06 46 11.31","+42 15 56.1",6.88,"K0",48587
32434,"06 46 12.16","-37 46 31.3",6.19,"B3Vne",49336
32438,"06 46 14.15","+59 26 30.1",4.86,"A3V",48250
32439,"06 46 14.47","+79 33 58.6",5.44,"F8V",46588
32444,"06 46 16.40","-29 33 39.9",6.91,"G6III",49258
32455,"06 46 25.82","-19 52 40.4",6.75,"G8II",49183
32463,"06 46 32.42","+08 35 13.8",5.92,"B2.5V",48977
32466,"06 46 33.01","-14 31 25.5",6.69,"A1IV/V",49148
32474,"06 46 39.02","-10 06 26.5",5.66,"B9.5V",49147
32477,"06 46 41.70","-54 41 42.2",6.45,"G6III",49705
32480,"06 46 44.34","+43 34 37.3",5.24,"G0V",48682
32481,"06 46 44.64","-47 48 16.2",6.95,"K3III",49614
32488,"06 46 49.33","+16 46 21.0",6.83,"F5",48953
32489,"06 46 49.49","+57 10 09.4",5.34,"K0III",48432
32492,"06 46 51.09","-14 25 33.6",5.28,"B8/B9III",49229
32494,"06 46 52.69","-51 15 55.6",5.39,"K1II/IIIp+G:",49689
32500,"06 46 58.52","-87 01 29.9",6.46,"F3V",58805
32504,"06 47 01.49","-21 00 55.5",6.07,"B7II/III",49333
32531,"06 47 18.71","-55 32 24.2",5.6,"K5III",49877
32533,"06 47 19.84","+08 02 14.2",4.77,"K4III",49161
32537,"06 47 21.41","-37 55 46.8",5.27,"B8/B9V",49591
32538,"06 47 22.79","-48 33 49.2",6.84,"G8:III+...",49758
32539,"06 47 23.46","+18 11 36.8",6.35,"A2V",49059
32558,"06 47 37.22","-08 59 54.6",5.08,"M1II",49331
32562,"06 47 39.58","+48 47 22.1",5.22,"K1III",48781
32571,"06 47 47.51","+21 41 29.7",6.81,"M...",49120
32578,"06 47 51.66","+02 24 43.9",4.48,"K0III",49293
32607,"06 48 11.54","-61 56 31.1",3.24,"A7IV",50241
32609,"06 48 12.23","+55 42 16.0",5.54,"F5V:+...",48766
32617,"06 48 19.09","-01 19 07.8",5.75,"F1V",49434
32622,"06 48 21.56","-07 45 16.6",6.9,"B8",49481
32659,"06 48 44.02","+08 51 58.6",6.92,"K0",49429
32668,"06 48 49.24","-34 56 12.6",6.91,"B9V",49833
32669,"06 48 50.58","-29 44 37.2",6.83,"K4III",49793
32677,"06 48 57.74","-15 08 41.0",5.39,"B7IV",49662
32682,"06 49 03.66","+01 00 07.5",6.16,"B3II-III",49567
32688,"06 49 08.59","+23 12 07.0",6.8,"A0",49381
32689,"06 49 10.20","+27 11 25.8",6.66,"A2",49345
32697,"06 49 16.34","-28 58 24.8",6.99,"A9V",49872
32698,"06 49 16.41","-02 16 19.3",5.75,"B8IIIn",49643
32716,"06 49 31.80","-32 32 31.9",6.85,"B9V",49961
32740,"06 49 41.34","+32 36 24.8",5.72,"K3II",49380
32743,"06 49 43.23","+25 29 04.0",6.8,"K0III SB:",49500
32744,"06 49 44.00","-24 04 33.7",6.31,"A0/A1V",49891
32746,"06 49 44.30","+37 30 45.8",6.49,"K5",49364
32753,"06 49 49.85","+16 12 10.5",5.87,"B7III",49606
32759,"06 49 50.47","-32 30 30.6",3.5,"B1.5IVne",50013
32761,"06 49 51.32","-53 37 21.0",4.41,"G6II",50337
32765,"06 49 54.62","-46 36 55.7",5.14,"F5III",50223
32768,"06 49 56.14","-50 36 51.8",2.94,"K0III...",50310
32771,"06 49 57.70","-45 27 00.9",6.54,"K5III",50196
32775,"06 50 01.01","-60 14 57.9",6.11,"F7III-IV",50571
32776,"06 50 02.18","+12 03 29.3",6.85,"M...",49676
32779,"06 50 02.52","-66 17 36.6",6.99,"G5III",50862
32793,"06 50 12.35","+05 40 24.6",6.77,"A5",49739
32801,"06 50 16.68","-17 17 30.9",6.62,"A1V",49955
32809,"06 50 21.77","-17 05 04.4",5.77,"K3III",49980
32810,"06 50 23.35","-31 42 21.9",5.74,"B3V",50123
32813,"06 50 25.29","-69 59 10.4",6.8,"K0III",51211
32814,"06 50 25.50","+13 24 47.5",5.68,"K3III",49738
32827,"06 50 36.96","-25 46 42.3",6.32,"B2III/IV",50093
32838,"06 50 42.31","-08 02 27.6",6.31,"A2p SrCrEu",49976
32839,"06 50 43.27","-04 15 58.4",6.87,"B8",49935
32844,"06 50 45.96","+41 46 53.6",4.99,"K3III",49520
32851,"06 50 49.82","-00 32 25.5",5.78,"F2V",49933
32855,"06 50 52.35","-34 22 02.4",4.99,"K2/K3III",50235
32864,"06 50 57.09","+67 34 18.9",5.14,"B4IV",48879
32872,"06 50 59.53","+05 50 32.6",6.97,"F5",49932
32874,"06 51 00.42","+25 45 39.0",6.98,"F8",49736
32912,"06 51 26.98","-70 57 48.5",5.41,"B7IV",51557
32918,"06 51 32.56","-48 17 33.8",6.42,"K2/K3III",50621
32921,"06 51 33.05","+21 45 40.4",5.28,"A2V",49908
32923,"06 51 33.40","-06 57 59.5",6.58,"B9",50138
32926,"06 51 35.79","+09 26 24.5",6.84,"K5",50005
32931,"06 51 39.37","+03 02 31.4",6.37,"A2Vs",50062
32936,"06 51 41.22","-02 24 09.8",6.64,"K2",50134
32938,"06 51 42.45","-36 13 48.5",5.94,"A3V",50445
32947,"06 51 45.75","+05 05 03.9",6.91,"B2Ve",50083
32948,"06 51 47.28","+86 41 04.5",6.59,"K3III",42855
32957,"06 51 51.82","-02 10 33.7",6.86,"F2",50170
32964,"06 51 58.21","+25 39 46.7",6.75,"A2",49951
32968,"06 52 00.01","+23 36 06.3",5.68,"K5III",49968
32984,"06 52 18.37","-05 10 25.3",6.58,"K3V",50281
32990,"06 52 22.87","-05 18 58.5",6.3,"K0",50282
33006,"06 52 39.64","-42 30 15.8",6.52,"F5II/III",50785
33012,"06 52 45.44","-59 20 28.6",6.41,"A3m...",51210
33016,"06 52 47.03","-54 05 25.3",6.56,"G5Ib/II",51043
33015,"06 52 47.14","-43 58 32.2",6.47,"B8V",50860
33018,"06 52 47.34","+33 57 40.9",3.6,"A3III",50019
33024,"06 52 49.49","+08 22 49.6",5.75,"F0Vn",50277
33040,"06 53 00.31","-26 57 26.9",6.33,"M6III",50648
33041,"06 53 01.41","+38 52 08.9",6.1,"F2V",50018
33044,"06 53 03.54","+35 47 16.8",6.03,"K3III:",50056
33048,"06 53 05.06","+59 26 55.2",5.34,"G4III...",49618
33056,"06 53 07.57","+44 50 24.3",6.24,"A8Vn",49949
33064,"06 53 13.37","+38 26 18.4",6.32,"F5V:",50037
33077,"06 53 18.84","-19 01 58.0",5.65,"A9/F0III",50644
33079,"06 53 21.85","-18 55 58.5",6.13,"A3III",50643
33081,"06 53 22.10","-24 41 03.7",6.52,"A1/A2V",50711
33082,"06 53 22.40","+10 59 49.0",6.3,"K0III",50371
33085,"06 53 26.18","+51 31 05.1",6.95,"F5",49902
33092,"06 53 32.91","-20 13 27.3",4.82,"B1Ib",50707
33094,"06 53 33.76","-28 32 19.4",6.05,"G3/G5V",50806
33104,"06 53 42.24","+68 53 17.9",5.11,"B7III",49340
33126,"06 53 55.46","-24 32 19.5",6.23,"A0V",50853
33133,"06 53 57.07","+38 30 18.3",6.46,"B9.5sp...",50204
33139,"06 54 02.31","-50 36 43.7",6.24,"K0/K1III",51266
33150,"06 54 07.58","+32 30 41.0",6.95,"B9",50316
33152,"06 54 07.95","-24 11 03.2",3.89,"K3Iab",50877
33154,"06 54 08.60","-05 51 07.9",6.39,"A6Vn",50700
33160,"06 54 11.48","-12 02 18.9",4.08,"K4III",50778
33165,"06 54 13.05","-23 55 42.1",6.65,"WN5 (SB1)",50896
33178,"06 54 20.11","-31 48 05.9",6.86,"B6V",51014
33179,"06 54 21.31","+21 09 41.3",6.51,"K1III",50482
33184,"06 54 24.66","-01 07 37.1",5.44,"A4IV",50747
33189,"06 54 26.68","-42 21 56.2",6.32,"C3II",51208
33202,"06 54 38.59","+13 10 40.9",4.73,"F0Vp",50635
33205,"06 54 39.78","+15 50 16.7",6.57,"G8III",50607
33210,"06 54 42.04","-01 45 23.3",6.2,"B3IVe+...",50820
33212,"06 54 42.85","+24 14 44.9",6.84,"F8",50554
33217,"06 54 45.98","+48 54 18.3",6.99,"A3",50202
33239,"06 54 56.75","+21 34 16.9",6.98,"B9",50634
33243,"06 54 58.92","-02 48 12.9",6.03,"G6III:",50890
33248,"06 55 02.74","-20 24 17.5",5.8,"A2V",51055
33269,"06 55 14.66","+43 54 36.2",6.16,"A9III",50420
33271,"06 55 15.21","+45 49 35.7",6.31,"K0III-IV",50384
33277,"06 55 18.69","+25 22 32.3",5.74,"G0V",50692
33291,"06 55 31.95","+37 54 55.6",6.73,"K0",50576
33294,"06 55 32.89","-22 02 14.9",6.78,"B2III/IV",51200
33297,"06 55 34.63","+08 19 27.4",6.28,"A0V",50931
33298,"06 55 36.47","-33 48 24.7",6.99,"K1/K2III",51367
33302,"06 55 37.40","-20 08 11.7",4.66,"F2IV/V",51199
33306,"06 55 40.95","-68 30 20.9",6.86,"K2III",52418
33316,"06 55 46.93","-22 56 29.2",5.29,"B2/B3III",51283
33330,"06 55 54.78","-31 47 24.7",6.36,"B3V",51411
33345,"06 56 06.65","-14 02 36.4",5.0,"B9.5V",51250
33347,"06 56 08.23","-17 03 15.3",4.36,"B3Ib/II",51309
33357,"06 56 15.99","-48 43 16.2",4.94,"M1III",51799
33358,"06 56 16.54","+17 44 14.1",6.75,"K0",50974
33372,"06 56 25.84","+09 57 23.8",5.9,"B8Vn",51104
33377,"06 56 32.06","+46 16 26.4",5.85,"B8III",50658
33384,"06 56 34.48","-79 25 12.7",5.45,"B9.5V",54239
33385,"06 56 35.02","-08 20 01.4",6.93,"A5V",51335
33394,"06 56 45.70","-35 20 28.9",6.27,"K2III",51682
33415,"06 56 56.13","+46 42 19.9",5.88,"K0III:",50763
33419,"06 56 59.79","+24 38 34.3",6.83,"K0III",51101
33420,"06 57 00.10","-08 10 45.4",6.31,"A2V+...",51424
33421,"06 57 00.54","+33 40 51.7",5.91,"G5III",51000
33423,"06 57 01.73","-19 26 19.7",6.64,"F3/F5V",51573
33426,"06 57 03.16","-17 05 54.8",6.92,"K2III",51546
33436,"06 57 09.38","-10 49 28.1",6.9,"Ape",51480
33444,"06 57 13.12","+57 33 47.7",6.03,"K3III",50551
33447,"06 57 14.77","-22 12 10.3",6.64,"B2III/IV",51630
33449,"06 57 16.60","+58 25 23.0",4.35,"G5III-IV",50522
33451,"06 57 17.61","-35 30 25.9",6.23,"F5V",51825
33453,"06 57 18.50","+37 23 41.0",6.48,"M3",51021
33465,"06 57 25.59","+11 54 27.2",6.26,"F2Ib-II",51330
33478,"06 57 33.97","-24 37 51.8",5.45,"F3V",51733
33485,"06 57 37.12","+45 05 38.8",4.9,"A2Vn",50973
33492,"06 57 42.64","-27 32 15.1",6.22,"B2/B3V",51823
33495,"06 57 45.45","-52 38 51.2",6.91,"F5/F6V",52298
33507,"06 57 54.00","+41 42 20.1",6.84,"K0",51098
33515,"06 57 59.01","-10 47 09.3",6.7,"K0",51700
33517,"06 58 00.69","-46 05 45.2",6.83,"A0IV",52196
33532,"06 58 07.56","-27 09 51.8",6.36,"B2V",51925
33534,"06 58 08.53","-10 18 56.6",6.58,"K2",51726
33537,"06 58 11.72","+22 28 32.3",6.94,"G5V",51419
33558,"06 58 25.11","-34 06 42.2",5.07,"B4IV/V",52092
33574,"06 58 35.76","-23 52 51.1",6.73,"A0V",51986
33575,"06 58 35.90","-25 24 51.0",5.59,"B2V",52018
33577,"06 58 36.39","-56 23 41.2",6.46,"F2II",52622
33579,"06 58 37.55","-28 58 19.5",1.5,"B2II",52089
33584,"06 58 38.93","+07 37 20.5",6.25,"A3V",51693
33588,"06 58 39.81","-55 43 44.1",6.26,"K2III",52603
33590,"06 58 41.74","-45 46 03.3",6.23,"A0V",52362
33591,"06 58 43.70","-30 59 53.0",6.41,"B3V",52140
33595,"06 58 47.52","+26 04 51.1",6.2,"F8Vbwvar",51530
33603,"06 58 57.03","+03 36 08.5",5.96,"G8III",51814
33610,"06 59 00.42","-32 43 20.2",6.76,"G0Ib",52220
33614,"06 59 02.88","+38 03 09.4",6.02,"K2III",51440
33622,"06 59 07.31","-60 50 31.3",6.96,"K4III",52904
33643,"06 59 20.13","+42 18 53.2",6.68,"A0p EuSrCr",51418
33644,"06 59 20.18","+07 19 01.2",6.34,"B7III",51892
33650,"06 59 27.94","+25 54 51.1",6.4,"B8III",51688
33666,"06 59 39.26","-21 36 10.4",6.26,"B2III",52273
33669,"06 59 41.54","-33 28 32.7",6.62,"A5IV",52414
33672,"06 59 44.45","+52 34 20.9",6.66,"K0",51324
33682,"06 59 50.58","-67 55 01.2",5.18,"K3III",53501
33690,"06 59 59.85","-61 20 12.6",6.81,"K0IV-V",53143
33694,"07 00 03.85","+76 58 38.8",4.55,"K4III",49878
33703,"07 00 08.29","-20 09 30.4",6.32,"B3V",52348
33705,"07 00 09.76","-31 08 30.4",6.62,"A4/A5IV",52516
33713,"07 00 15.02","-19 48 04.5",6.9,"K0III",52388
33715,"07 00 15.82","+16 04 44.4",5.73,"K3Ib",52005
33718,"07 00 18.08","+15 32 07.0",6.86,"B8",52037
33719,"07 00 18.10","-05 22 02.5",6.29,"G0III-IV",52265
33721,"07 00 19.36","-22 07 08.7",6.53,"B3Vnn",52437
33722,"07 00 20.92","+67 19 50.4",6.53,"G5",50904
33728,"07 00 23.62","-49 08 06.0",6.56,"G5III",52902
33729,"07 00 23.76","-08 24 24.6",5.95,"B9III",52312
33730,"07 00 23.86","+15 17 17.3",6.69,"K5",52074
33731,"07 00 24.99","+01 55 53.5",6.76,"B8",52206
33743,"07 00 35.09","-20 38 25.0",6.71,"A4m...",52485
33754,"07 00 39.34","-09 12 10.7",6.49,"B1Ib",52382
33760,"07 00 42.53","-28 29 22.1",6.28,"F3/F5V",52619
33774,"07 00 49.74","-33 27 56.6",6.39,"G8II/III",52703
33779,"07 00 51.51","-51 24 09.5",5.14,"M1III",53047
33781,"07 00 52.00","-19 26 39.9",6.99,"B9.5V",52540
33789,"07 00 58.63","+10 37 30.3",6.83,"K5",52287
33800,"07 01 05.18","-58 56 25.1",6.01,"F0V",53349
33804,"07 01 05.95","-25 12 56.3",5.64,"B2/B3III/IV",52670
33810,"07 01 09.85","+11 46 28.7",6.77,"A2",52309
33817,"07 01 13.61","-25 56 55.7",6.71,"K1V",52698
33816,"07 01 13.61","+54 51 24.3",6.92,"B8",51638
33823,"07 01 17.02","+32 24 52.6",6.55,"A9IV",52100
33827,"07 01 21.40","+70 48 30.0",5.69,"K4III",50885
33846,"07 01 33.61","-27 13 22.6",6.95,"B2V",52812
33853,"07 01 39.61","-23 30 05.2",6.73,"K5III",52778
33854,"07 01 41.44","+04 49 05.2",6.64,"A3Vs",52479
33856,"07 01 43.15","-27 56 05.4",3.49,"K4III",52877
33858,"07 01 45.21","+69 38 47.2",6.64,"G5",51068
33864,"07 01 47.22","-35 32 52.6",6.58,"Ap Si",52993
33868,"07 01 49.51","-11 18 03.4",6.54,"B2Vne",52721
33869,"07 01 49.92","-10 52 56.5",6.64,"F8",52694
33873,"07 01 52.91","-01 20 44.8",6.2,"K0",52611
33875,"07 01 55.26","+05 33 25.8",6.59,"B2IV-V",52559
33878,"07 01 56.39","-05 43 19.5",5.22,"M2III",52666
33880,"07 01 56.94","+63 40 37.1",6.61,"K5",51495
33885,"07 02 01.22","+44 26 56.4",6.91,"K0",52099
33891,"07 02 06.73","-03 45 17.4",6.58,"M1Ib comp SB",52690
33894,"07 02 07.59","-06 01 20.4",6.84,"K5",52719
33909,"07 02 15.48","-43 24 13.9",6.44,"A0V",53253
33914,"07 02 17.49","+15 20 09.8",5.78,"K1III:",52556
33927,"07 02 24.78","+24 12 55.6",5.2,"G5II",52497
33929,"07 02 25.52","+17 45 19.6",5.96,"M1.5",52554
33937,"07 02 33.29","+16 40 28.1",5.86,"M2III",52609
33957,"07 02 45.77","-49 55 40.8",6.86,"A2III",53494
33961,"07 02 49.36","-16 41 57.7",6.77,"K1III",53013
33971,"07 02 54.78","-04 14 21.3",4.99,"B1V",52918
33977,"07 03 01.47","-23 49 59.9",3.02,"B3Ia",53138
34000,"07 03 15.11","-59 10 41.3",5.5,"B9IV",53921
34002,"07 03 17.93","+09 08 18.1",5.96,"A3Vs",52913
34006,"07 03 24.61","-52 25 31.3",6.53,"B2IV",53762
34017,"07 03 30.35","+29 20 20.7",5.93,"G4V",52711
34026,"07 03 34.57","+02 26 14.3",6.99,"G0Ib",53003
34033,"07 03 38.07","+10 57 06.6",5.14,"K3III",52960
34041,"07 03 42.92","-25 05 02.1",6.86,"B2/B3V",53344
34045,"07 03 45.49","-15 37 59.7",4.11,"B8II",53244
34055,"07 03 51.60","+12 35 39.3",6.01,"K5",52976
34059,"07 03 53.66","-49 35 03.3",4.92,"A4IV",53811
34065,"07 03 57.40","-43 36 32.3",5.56,"G3V...",53705
34066,"07 03 57.46","-10 07 25.6",6.44,"B9IIIn",53240
34068,"07 03 58.37","+40 34 55.7",6.97,"K0",52654
34069,"07 03 59.00","-43 36 44.2",6.83,"K0V",53706
34070,"07 03 59.06","+47 02 59.8",6.99,"F5",52552
34081,"07 04 02.81","-42 20 14.8",5.2,"Am",53704
34083,"07 04 03.52","+36 18 48.7",6.7,"G5",52737
34086,"07 04 05.25","-05 19 26.3",5.63,"K3III",53208
34088,"07 04 06.54","+20 34 13.1",4.01,"G3Ibv SB",52973
34101,"07 04 15.07","+75 24 40.7",6.99,"G5",51066
34103,"07 04 17.10","+37 33 50.4",6.62,"F5",52822
34105,"07 04 18.32","-56 44 59.0",5.14,"A0p:",54118
34107,"07 04 20.18","+01 29 18.6",6.57,"A0V",53205
34116,"07 04 25.53","-10 27 15.8",6.97,"B0IV:e",53367
34142,"07 04 47.04","-22 01 53.8",6.09,"K2IIICN...",53629
34152,"07 04 53.61","-20 49 48.3",6.89,"K5/M0III",53598
34166,"07 05 06.09","-21 27 00.9",6.68,"K0III",53672
34168,"07 05 08.99","+47 46 30.2",6.37,"B9IIIn",52860
34177,"07 05 16.39","-50 21 36.5",6.47,"K3III",54179
34182,"07 05 18.37","+22 38 14.9",6.0,"B8Vn",53257
34200,"07 05 32.05","-34 46 40.1",6.15,"F2V",53952
34201,"07 05 32.73","-40 38 26.0",6.73,"G8III",54038
34215,"07 05 39.00","+09 11 09.0",5.78,"M0III",53510
34217,"07 05 39.83","+52 45 31.3",6.17,"A3Vs",52859
34229,"07 05 47.25","+31 23 35.8",6.64,"M...",53287
34234,"07 05 49.64","-10 39 36.3",6.5,"B0.5IVn",53755
34238,"07 05 51.62","+70 43 55.0",6.49,"K0III",52030
34244,"07 05 57.65","+36 34 23.2",6.88,"G5",53228
34248,"07 06 00.49","-30 39 20.6",6.34,"B3V",54031
34250,"07 06 01.21","+59 48 06.7",6.4,"G8III:",52708
34253,"07 06 02.26","-38 22 58.4",6.09,"G0III",54153
34266,"07 06 11.59","+24 51 36.6",6.89,"K8III",53472
34267,"07 06 11.63","+34 28 26.7",5.55,"G8IV",53329
34270,"07 06 14.30","-68 50 15.3",6.47,"K0III",55151
34276,"07 06 20.93","-43 36 38.8",6.52,"A0V",54341
34297,"07 06 35.97","-12 23 38.2",6.48,"B7Iab...",53975
34301,"07 06 40.77","-11 17 38.5",5.41,"B0.5IV",53974
34318,"07 06 52.48","-24 57 38.1",6.09,"K2III",54173
34331,"07 06 59.99","-26 39 24.3",6.61,"B3III",54224
34338,"07 07 06.48","+04 54 38.2",6.1,"B9.5III",53929
34339,"07 07 07.09","-40 53 35.9",5.8,"B3V",54475
34349,"07 07 13.30","-51 58 06.2",5.96,"K0III",54732
34350,"07 07 16.28","-59 42 59.2",6.46,"B3V",54967
34351,"07 07 16.92","+24 10 06.6",6.73,"M1III:",53766
34358,"07 07 22.41","+34 00 33.7",5.94,"K4III",53686
34360,"07 07 22.59","-23 50 26.6",5.75,"B2V:nn",54309
34367,"07 07 24.88","+28 10 36.1",6.47,"B9V",53744
34370,"07 07 27.83","-52 12 16.8",6.6,"K2/K3III",54792
34387,"07 07 49.48","+07 28 16.7",5.74,"K0III:",54079
34401,"07 07 56.87","-04 40 40.4",6.92,"F0",54250
34413,"07 08 03.44","-11 55 23.8",6.65,"C5II",54361
34416,"07 08 06.30","+44 02 24.0",6.84,"G5",53685
34417,"07 08 06.65","-57 19 52.3",6.87,"A9IV",55105
34428,"07 08 13.28","+33 49 56.8",6.31,"K1",53899
34437,"07 08 21.84","+16 08 06.3",6.99,"G5",54130
34438,"07 08 21.89","-20 51 33.7",6.82,"K3III",54519
34440,"07 08 22.04","+15 55 51.3",5.47,"G8III",54131
34444,"07 08 23.49","-26 23 35.5",1.83,"F8Ia",54605
34462,"07 08 36.25","+37 26 42.5",6.19,"K1III",53925
34473,"07 08 42.34","-70 29 50.4",5.68,"F2",55864
34481,"07 08 44.82","-70 29 57.1",3.78,"G8IIIvar",55865
34489,"07 08 49.41","-24 02 37.7",6.65,"B4V",54669
34495,"07 08 51.08","-39 39 20.4",4.83,"B3IV/V",54893
34497,"07 08 52.43","+33 56 02.1",6.54,"K0",54044
34536,"07 09 20.25","-10 20 47.7",6.23,"O6",54662
34543,"07 09 24.96","-60 22 49.7",6.82,"G5III",55527
34546,"07 09 25.72","+36 33 47.8",6.74,"A0",54159
34559,"07 09 32.32","-06 02 38.1",6.96,"F0",54658
34561,"07 09 33.37","-16 14 04.2",6.0,"B1Ib/II",54764
34572,"07 09 37.78","+60 47 31.9",6.64,"K0",53633
34579,"07 09 43.03","-25 13 51.8",5.69,"B2V",54912
34588,"07 09 51.03","+09 18 32.1",6.72,"K2",54619
34589,"07 09 52.19","-16 14 05.0",6.62,"A9V",54834
34597,"07 09 57.93","+07 43 28.8",6.65,"K2",54632
34608,"07 10 06.79","+21 14 53.3",6.43,"G9V",54563
34615,"07 10 08.68","+62 08 09.4",6.96,"K5",53711
34617,"07 10 09.36","-18 41 08.1",6.23,"F3V",54958
34622,"07 10 13.68","-04 14 15.5",4.91,"K0III",54810
34624,"07 10 19.33","-27 29 29.5",5.46,"G8III",55070
34631,"07 10 24.47","-55 35 15.7",6.94,"G8/K0III+G/K",55598
34670,"07 10 47.50","-48 55 57.3",5.12,"K2III",55526
34688,"07 11 03.06","-03 53 52.8",6.51,"K0",54990
34693,"07 11 08.39","+30 14 43.0",4.41,"K2III",54719
34696,"07 11 11.57","+03 11 29.9",6.73,"G5",54989
34706,"07 11 16.95","-70 07 10.8",6.77,"K0III",56478
34718,"07 11 20.94","-21 48 11.9",6.92,"B5V+...",55271
34721,"07 11 22.63","-39 06 08.0",6.87,"A3V",55474
34722,"07 11 23.08","+26 51 24.0",5.75,"A4IV",54801
34724,"07 11 23.63","-00 18 06.9",5.44,"F2V",55057
34725,"07 11 25.18","-17 19 52.1",6.66,"B7III",55213
34735,"07 11 30.00","+26 24 21.4",6.7,"K0II",54825
34752,"07 11 39.29","+39 19 14.0",4.91,"K4II-III",54716
34758,"07 11 41.61","-20 52 59.2",5.84,"A0IV/V",55344
34763,"07 11 46.84","+16 58 35.1",6.5,"K5",54986
34768,"07 11 51.39","+05 39 17.0",6.07,"A1V",55111
34769,"07 11 51.86","-00 29 34.0",4.15,"A2V",55185
34776,"07 11 55.47","-56 09 20.2",6.67,"K0III",55964
34777,"07 11 57.02","+49 47 23.6",6.67,"M0",54590
34778,"07 12 01.09","+43 50 35.0",6.88,"A0",54715
34780,"07 12 01.98","-63 11 24.2",6.03,"A0IV/V",56239
34782,"07 12 04.12","-30 49 17.1",6.1,"A8III/IV",55568
34786,"07 12 05.40","-27 20 05.8",6.92,"B4V",55523
34789,"07 12 07.50","+05 28 27.7",6.15,"K0III",55184
34798,"07 12 12.22","-25 56 33.4",5.91,"B2IV/V",55522
34802,"07 12 15.82","-40 29 55.6",5.3,"A3p...",55719
34814,"07 12 24.18","-27 28 29.1",6.59,"A5IV/V",55595
34817,"07 12 25.83","-36 32 39.8",5.94,"B4V",55718
34819,"07 12 26.39","+24 07 43.3",5.85,"F5IV",55052
34834,"07 12 33.74","-46 45 34.4",4.49,"F0IV",55892
34855,"07 12 46.34","-57 29 26.5",6.64,"A1/A2V",56216
34860,"07 12 49.08","+27 13 30.2",6.46,"F8V",55130
34881,"07 13 04.20","+31 57 55.8",6.9,"A0",55129
34888,"07 13 07.20","-11 15 04.9",5.77,"K0",55589
34897,"07 13 12.92","+47 36 25.3",6.75,"A5",54944
34899,"07 13 13.37","-45 10 57.1",4.87,"Ap",56022
34904,"07 13 18.39","-00 15 34.3",6.68,"F0",55533
34909,"07 13 22.27","+16 09 32.6",5.07,"K3V",55383
34912,"07 13 23.39","+51 25 43.4",5.46,"M3III",54895
34913,"07 13 23.77","+13 45 46.8",6.6,"K0",55411
34914,"07 13 24.01","-22 40 26.9",5.99,"K4III",55762
34922,"07 13 32.23","-44 38 25.9",4.42,"M5e",56096
34924,"07 13 36.45","-27 21 22.9",6.12,"B2II",55857
34929,"07 13 39.88","-53 40 04.1",6.7,"Ap...",56350
34937,"07 13 47.24","-31 05 01.1",6.57,"B2III/IV",55958
34940,"07 13 48.39","-22 54 20.8",6.34,"B2IV",55856
34942,"07 13 49.73","+10 41 26.9",6.95,"K0",55557
34943,"07 13 50.17","+28 29 38.6",6.99,"A0",55356
34952,"07 13 55.08","+78 45 08.6",6.93,"A5",52881
34954,"07 13 57.34","-30 20 23.3",6.32,"B2III",55985
34955,"07 13 57.96","-50 28 17.8",6.79,"B9V",56318
34956,"07 13 57.99","+71 48 59.5",6.36,"K0",54070
34975,"07 14 10.87","-03 54 06.3",5.8,"K5III",55775
34981,"07 14 15.22","-26 21 09.1",4.42,"B3III",56014
34982,"07 14 15.52","-09 56 51.1",5.9,"K3III",55832
34987,"07 14 20.07","+03 06 41.1",5.36,"K0III",55751
34995,"07 14 26.55","+24 42 40.2",6.88,"A1sp...",55579
34999,"07 14 28.26","-10 18 58.5",6.02,"B0III",55879
35005,"07 14 32.65","+12 06 57.1",5.71,"G6III",55730
35017,"07 14 36.76","-30 39 18.1",6.92,"G5IV",56161
35020,"07 14 38.14","-48 16 18.9",4.75,"B8/B9V",56456
35025,"07 14 41.94","+24 53 06.7",5.84,"M1IIIvar",55621
35029,"07 14 46.03","-46 50 58.8",5.72,"A0p",56455
35037,"07 14 48.66","-26 46 21.7",4.01,"B2IV/Ve",56139
35044,"07 14 51.19","-27 02 16.5",5.58,"K3III",56160
35054,"07 14 57.15","-41 25 35.1",5.95,"B4III/IV",56410
35072,"07 15 08.73","-14 36 34.0",6.97,"K1III",56110
35080,"07 15 19.41","-00 09 40.7",6.42,"G5III",56003
35083,"07 15 21.08","-30 41 11.3",5.36,"B2V",56342
35084,"07 15 21.27","-52 29 58.3",5.96,"K0V",56705
35095,"07 15 29.11","-58 32 33.5",6.84,"A2/3mA4-A7",56910
35113,"07 15 37.77","+45 24 34.3",6.51,"K0",55576
35120,"07 15 39.42","+07 58 39.9",5.78,"M4III",56031
35127,"07 15 43.22","-10 35 01.0",5.95,"K0",56207
35132,"07 15 47.30","-23 44 25.1",6.34,"A0V",56341
35136,"07 15 50.11","+47 14 25.5",5.54,"G0V",55575
35146,"07 15 55.02","+59 38 17.1",5.2,"K2III",55280
35149,"07 15 56.28","-16 14 07.3",6.87,"B1/B2III",56310
35152,"07 15 57.18","+27 53 50.7",5.75,"M1III",55870
35180,"07 16 14.58","-15 35 08.4",5.46,"A1V",56405
35181,"07 16 15.47","-46 46 28.6",5.64,"K4III",56813
35188,"07 16 19.39","-32 02 30.3",6.92,"K4III",56621
35202,"07 16 31.86","-38 19 08.2",5.81,"B4V",56733
35205,"07 16 35.00","-27 52 52.6",4.66,"M2III",56618
35210,"07 16 36.84","-23 18 56.2",4.83,"K4III",56577
35213,"07 16 38.38","-23 18 39.8",6.02,"A5m...",56578
35219,"07 16 44.54","+16 08 49.4",6.75,"F4II",56200
35226,"07 16 49.42","-36 35 33.5",5.03,"B3V",56779
35228,"07 16 49.83","-67 57 25.8",3.97,"F6II",57623
35241,"07 16 57.22","-30 53 49.0",6.3,"A9II",56731
35253,"07 17 03.36","+26 41 23.3",6.38,"G7IV",56176
35261,"07 17 06.96","-12 02 01.6",6.72,"F5",56593
35264,"07 17 08.56","-37 05 51.0",2.71,"K3Ib",56855
35265,"07 17 09.57","+33 05 32.9",6.93,"G0",56124
35278,"07 17 17.80","+06 40 51.6",6.64,"B8III",56446
35288,"07 17 26.62","-38 54 48.4",6.77,"K2/K3III",56977
35296,"07 17 29.58","-46 58 50.4",6.7,"K2V",57095
35298,"07 17 30.54","+31 41 53.2",6.75,"B8",56222
35301,"07 17 31.68","-06 40 48.1",6.29,"K2",56614
35304,"07 17 33.72","+52 07 52.0",5.93,"K1III:",55866
35310,"07 17 38.52","+09 17 32.5",6.72,"G0",56515
35317,"07 17 42.65","+38 52 34.8",6.48,"K0",56171
35326,"07 17 48.01","-26 47 51.2",6.45,"B5Vn",56876
35341,"07 18 02.22","+40 53 00.1",5.87,"A5Vn",56221
35345,"07 18 04.09","+30 57 21.3",6.19,"A0Vn",56386
35347,"07 18 04.26","-43 59 12.4",5.86,"B8II/III",57197
35350,"07 18 05.61","+16 32 25.7",3.58,"A3V...",56537
35358,"07 18 12.28","-22 20 21.6",6.7,"K0II",56955
35363,"07 18 18.40","-36 44 02.3",4.65,"B2V+...",57150
35384,"07 18 31.98","+49 27 53.1",5.0,"A4IIIn",56169
35385,"07 18 32.10","-32 20 48.7",6.99,"Ap...",57122
35393,"07 18 33.52","-39 12 37.1",5.24,"A0V",57240
35406,"07 18 38.19","-36 44 33.9",5.11,"A0V",57219
35412,"07 18 40.38","-24 33 31.3",4.88,"O7f",57060
35415,"07 18 42.49","-24 57 15.8",4.37,"O9Ib",57061
35427,"07 18 51.28","-26 35 09.1",5.29,"G2II",57146
35431,"07 18 52.53","+38 40 24.9",6.96,"K0",56482
35436,"07 18 55.51","+00 04 46.1",6.66,"K0",56891
35442,"07 19 01.92","-19 16 49.1",6.06,"F2Ia",57118
35444,"07 19 03.69","-17 12 47.3",6.79,"K1III",57087
35461,"07 19 12.77","-24 57 20.6",6.82,"B2V",57192
35463,"07 19 13.70","-33 43 37.7",6.31,"K2/K3III",57299
35467,"07 19 18.10","-58 03 08.5",6.73,"A1m...",57767
35468,"07 19 18.42","-17 31 29.6",6.7,"B5II/III",57139
35476,"07 19 22.37","+02 44 26.6",5.9,"G9III",56989
35487,"07 19 28.08","-16 23 41.7",5.7,"F2III/IV",57167
35494,"07 19 30.78","+26 49 22.5",6.96,"G8III",56761
35497,"07 19 32.32","-61 08 42.0",6.75,"K0II/III",57919
35509,"07 19 47.61","+07 08 35.1",5.91,"F8V",57006
35517,"07 19 52.84","+59 15 10.6",6.75,"K2",56243
35544,"07 20 04.81","-20 42 14.6",6.99,"B9V",57346
35547,"07 20 06.79","-03 54 52.3",6.7,"K0",57212
35548,"07 20 06.84","+15 08 34.7",6.45,"A2Vn",57049
35550,"07 20 07.39","+21 58 56.4",3.5,"F0IV...",56986
35551,"07 20 09.58","+16 08 25.3",6.88,"G5II",57048
35564,"07 20 21.46","-52 18 42.8",5.5,"F2",57852
35567,"07 20 22.98","-56 17 41.3",6.57,"A1V",57969
35576,"07 20 31.07","+00 24 13.1",6.88,"B9",57275
35578,"07 20 32.56","-26 42 01.2",6.74,"A7m...",57527
35589,"07 20 38.81","-52 05 09.3",5.38,"B9V",57917
35588,"07 20 39.02","-52 11 55.4",6.9,"F3/F5V",57918
35595,"07 20 43.68","+03 34 54.0",6.88,"B5",57291
35603,"07 20 49.97","-51 24 17.0",6.79,"A3V",57949
35609,"07 20 53.10","-22 51 01.6",6.59,"B3V",57573
35611,"07 20 54.92","-26 57 49.9",6.0,"B3V",57593
35615,"07 20 58.29","-14 21 37.8",5.59,"G8/K0III",57478
35623,"07 21 03.11","+42 39 21.6",6.33,"K0",56941
35626,"07 21 04.34","-25 53 30.0",5.87,"M3III",57615
35642,"07 21 16.79","-08 52 39.2",6.56,"F5",57517
35643,"07 21 17.54","+45 13 41.4",5.74,"A7s",56963
35648,"07 21 22.17","-48 31 37.6",6.83,"B9V",58017
35662,"07 21 30.90","+37 39 46.9",6.88,"K0",57104
35669,"07 21 34.63","-05 53 49.9",6.6,"B5III",57539
35676,"07 21 41.12","-61 57 05.3",6.92,"Ap...",58448
35690,"07 21 50.74","+75 05 22.7",6.96,"A2",55667
35699,"07 21 56.90","+20 26 37.4",5.09,"M0III",57423
35707,"07 22 02.05","-08 58 45.9",6.42,"O9V",57682
35710,"07 22 02.69","+36 45 38.3",5.12,"K0III",57264
35712,"07 22 03.48","+00 10 37.7",5.99,"B8III",57608
35725,"07 22 13.41","+38 59 45.7",6.4,"K0",57263
35727,"07 22 13.53","-19 00 59.7",4.94,"B5II/III",57821
35733,"07 22 16.41","-35 54 59.3",6.68,"F:...",58038
35735,"07 22 17.19","+59 54 07.1",6.36,"A8m",56820
35737,"07 22 18.59","-02 58 45.0",6.23,"F5",57708
35740,"07 22 19.63","-16 18 40.8",6.98,"K3III",57820
35746,"07 22 23.09","-20 30 24.0",6.96,"M4III",57890
35749,"07 22 25.40","-05 58 58.1",5.83,"F3IV",57749
35751,"07 22 28.30","+00 42 03.4",6.43,"G5",57707
35754,"07 22 30.86","-00 15 33.6",6.78,"B9",57733
35761,"07 22 35.66","-32 02 45.7",6.82,"B3III",58063
35783,"07 22 50.85","+55 17 03.8",6.86,"B9V",57102
35785,"07 22 52.06","+55 16 53.3",5.8,"B8V",57103
35790,"07 22 57.03","-55 34 38.8",6.89,"K0/K1III",58540
35795,"07 23 00.70","-31 55 25.6",5.4,"B3V",58155
35796,"07 23 01.39","+15 21 32.1",6.66,"G2II",57728
35803,"07 23 04.63","+18 16 24.6",6.78,"F2",57703
35809,"07 23 06.92","-70 38 12.0",6.75,"K1III",59239
35830,"07 23 19.60","-36 20 24.6",6.74,"B2/B3Vp",58260
35842,"07 23 28.15","+22 56 43.6",6.17,"A1V",57744
35846,"07 23 28.55","+25 03 02.2",5.04,"G8III",57727
35848,"07 23 28.97","-27 50 03.4",5.37,"K4III",58215
35855,"07 23 31.90","-32 12 07.5",5.41,"B2/B3II/III",58286
35884,"07 23 53.86","-17 24 48.2",6.84,"F7V",58192
35887,"07 23 54.44","-30 13 01.3",6.61,"B2III",58325
35893,"07 23 58.34","-35 50 16.3",6.32,"B5V",58420
35904,"07 24 05.71","-29 18 11.2",2.45,"B5Ia",58350
35906,"07 24 08.00","-28 49 40.4",6.79,"B3III",58377
35907,"07 24 08.47","+40 40 20.8",5.23,"K0III",57669
35910,"07 24 09.48","-58 29 32.2",6.58,"G5IV",58895
35920,"07 24 17.24","-22 54 46.0",6.2,"B8/B9V",58346
35922,"07 24 17.46","-18 20 53.8",6.95,"A7IV",58305
35929,"07 24 24.58","+10 14 44.5",6.9,"G5",58072
35933,"07 24 27.65","+15 31 01.9",6.47,"B2Ve",58050
35941,"07 24 33.44","+27 38 16.1",5.77,"F0:III:",57927
35946,"07 24 37.11","-71 28 14.7",6.49,"A3V",59640
35951,"07 24 40.19","-16 12 05.1",5.18,"B2Vne",58343
35957,"07 24 43.87","-31 48 32.1",5.35,"K1III",58535
35960,"07 24 47.36","-37 17 28.5",6.14,"A8V",58634
35975,"07 24 50.88","-19 00 44.2",6.24,"A2Ib/II",58439
35984,"07 24 57.08","+51 53 14.4",5.8,"K5III",57646
35987,"07 24 58.19","+11 40 10.4",5.37,"A5IV",58187
35995,"07 25 06.80","-14 52 59.6",6.76,"A1V",58462
35997,"07 25 07.97","-21 10 25.9",6.8,"B1Ia",58510
35998,"07 25 08.44","-13 45 07.1",5.79,"F3V",58461
36017,"07 25 19.98","-21 58 57.4",6.04,"A6II",58585
36019,"07 25 21.97","+81 15 27.1",6.3,"A0III",55075
36024,"07 25 25.27","-25 13 04.0",5.79,"B5III",58612
36034,"07 25 33.74","-19 26 15.9",6.9,"K3III",58609
36035,"07 25 35.30","+20 29 42.7",6.92,"A5...",58246
36039,"07 25 38.19","-79 05 39.1",5.54,"K2/K3III",60816
36041,"07 25 38.90","+09 16 34.0",4.99,"G8III",58367
36045,"07 25 42.99","-31 44 19.4",6.32,"B2/B3III",58766
36046,"07 25 43.68","+27 47 53.8",3.78,"G9III+...",58207
36055,"07 25 51.20","-05 46 29.8",5.98,"CIb...",58526
36056,"07 25 51.97","+48 32 52.2",6.77,"B9",57950
36060,"07 25 54.13","+18 08 51.0",6.93,"G5",58338
36068,"07 25 56.10","-14 10 43.5",6.82,"B9IV",58647
36071,"07 25 57.23","-02 14 54.1",6.99,"G0",58556
36080,"07 26 03.39","-04 32 14.4",6.78,"A0IV",58580
36081,"07 26 03.65","-15 39 56.4",6.88,"G1/G2V",58696
36114,"07 26 21.86","-51 01 06.6",5.09,"K0III",59219
36120,"07 26 25.30","-10 05 22.2",6.97,"A2",58693
36123,"07 26 27.81","+10 36 29.0",6.38,"A2IV",58552
36134,"07 26 35.83","-13 11 20.3",6.93,"B8/B9II/III",58791
36140,"07 26 40.69","-23 42 45.4",6.62,"A0IV",58907
36141,"07 26 41.22","+11 00 31.9",6.39,"B7II-III",58599
36143,"07 26 42.47","-34 08 26.5",5.9,"B4V",59026
36145,"07 26 42.86","+49 12 41.9",4.61,"A1V",58142
36152,"07 26 50.45","+21 32 08.6",6.54,"F6V",58551
36156,"07 26 56.33","+20 15 27.3",5.94,"F2Vn",58579
36163,"07 26 58.53","+43 15 30.4",6.66,"K2",58295
36168,"07 26 59.49","-23 05 09.7",5.65,"B1II",58978
36186,"07 27 07.99","-17 51 53.5",5.6,"F2V",58954
36188,"07 27 09.07","+08 17 21.9",2.89,"B8Vvar",58715
36189,"07 27 09.12","+11 57 18.0",6.58,"K0",58686
36207,"07 27 24.00","+39 18 54.9",6.99,"K0",58451
36210,"07 27 25.73","-51 24 09.3",6.72,"G5IV-V",59468
36211,"07 27 25.84","+66 19 53.9",6.47,"B9III",57742
36224,"07 27 34.11","+38 39 58.1",6.92,"G5",58497
36225,"07 27 34.49","-18 29 30.8",6.92,"B9II",59074
36232,"07 27 40.54","+22 08 29.3",6.78,"K5",58712
36236,"07 27 42.94","-22 51 33.1",5.98,"B5III",59136
36238,"07 27 44.39","+21 26 44.0",5.2,"F5IV-V...",58728
36251,"07 27 51.66","-11 33 24.7",5.79,"B8Vv comp VB",59067
36258,"07 27 59.17","-29 09 21.2",5.55,"B9Vsp...",59256
36260,"07 27 59.74","-02 52 55.7",6.89,"K0",59018
36264,"07 28 01.92","-26 50 20.4",6.26,"K4III",59235
36265,"07 28 02.08","+06 56 31.5",5.22,"F0III",58923
36281,"07 28 08.65","+46 31 18.5",6.86,"A2",58520
36284,"07 28 09.83","+08 55 31.8",4.33,"K3III SB",58972
36287,"07 28 11.42","-58 04 22.4",6.52,"G8III",59780
36304,"07 28 22.98","-37 48 36.2",6.54,"A1IV",59466
36320,"07 28 34.35","-10 02 37.5",6.63,"B3V",59211
36325,"07 28 39.89","+27 33 10.4",6.36,"K2III",58898
36328,"07 28 41.04","-29 07 07.0",6.67,"K1III",59411
36334,"07 28 43.57","+47 55 15.4",6.66,"M3",58640
36340,"07 28 47.26","+15 06 35.5",6.23,"B9IV",59059
36345,"07 28 51.16","-31 50 54.3",5.95,"B3V+...",59499
36346,"07 28 51.40","-64 30 35.2",6.38,"K5III",60150
36348,"07 28 51.49","+48 11 02.5",5.7,"B9MNp...",58661
36351,"07 28 52.66","+46 18 53.2",6.42,"K0",58681
36355,"07 28 56.69","-34 55 06.2",6.92,"B5V",59527
36362,"07 29 04.92","-31 27 22.4",5.78,"B2IV",59550
36363,"07 29 05.71","-38 48 43.6",5.41,"B3V",59635
36364,"07 29 05.79","-18 52 30.8",6.94,"K1III",59408
36366,"07 29 06.61","+31 47 02.7",4.16,"F0V...",58946
36371,"07 29 11.33","+12 45 36.2",6.58,"A5",59152
36377,"07 29 13.88","-43 18 06.8",3.25,"K5III SB",59717
36388,"07 29 18.68","-01 54 19.1",5.6,"K5III",59311
36389,"07 29 18.86","+06 34 55.5",6.58,"G5",59227
36393,"07 29 20.46","+28 07 06.3",5.07,"A4V",59037
36395,"07 29 21.98","-14 59 53.1",6.05,"F5V",59438
36396,"07 29 22.11","-10 19 36.0",5.75,"K5III",59381
36399,"07 29 25.61","-07 33 05.3",5.86,"F8V",59380
36411,"07 29 30.73","+19 37 59.5",6.73,"K0",59149
36425,"07 29 47.78","+12 00 23.8",4.55,"K2III",59294
36429,"07 29 48.78","+27 54 58.3",5.01,"K2III",59148
36431,"07 29 51.41","-23 01 27.5",4.85,"A6Ib/II",59612
36439,"07 29 55.86","+49 40 21.6",5.35,"F6V",58855
36444,"07 29 59.74","-52 39 04.6",5.87,"K0III",60060
36452,"07 30 02.16","-19 31 35.9",6.72,"K3III",59610
36463,"07 30 10.32","+38 10 10.6",6.99,"G0",59106
36474,"07 30 18.57","-40 59 21.0",6.55,"G8III",59894
36489,"07 30 28.60","-50 36 32.5",6.55,"A0V",60130
36492,"07 30 29.08","+02 15 44.1",6.96,"K0",59511
36496,"07 30 30.91","-54 23 58.0",5.95,"M1III",60228
36499,"07 30 33.61","+05 15 16.8",6.91,"B9",59538
36515,"07 30 42.58","-37 20 22.2",6.66,"G3V",59967
36514,"07 30 42.61","-30 57 44.2",4.65,"G2Ib...",59890
36521,"07 30 47.47","-09 46 36.8",6.81,"K0Ibpvar",59693
36526,"07 30 51.14","-05 13 35.3",6.24,"K0",59669
36528,"07 30 52.70","+68 27 56.6",5.63,"K2III",58425
36536,"07 30 56.80","+51 59 55.6",6.79,"A5",59057
36539,"07 30 58.71","-10 06 27.1",6.6,"K2",59730
36541,"07 30 59.11","-02 09 53.6",6.96,"G5",59690
36547,"07 31 04.48","+82 24 41.6",4.92,"M4IIIa",55966
36553,"07 31 08.79","+11 12 10.8",6.38,"K0",59603
36565,"07 31 17.36","-01 07 33.1",6.57,"G5",59726
36569,"07 31 19.92","-14 57 56.1",6.95,"G6/G8III",59856
36582,"07 31 25.78","-36 09 11.8",6.66,"B3V",60098
36608,"07 31 42.71","-35 53 16.2",6.61,"B8V",60168
36616,"07 31 48.37","+17 05 10.4",5.45,"K2III",59686
36624,"07 31 55.66","+38 53 46.0",6.56,"A2V",59507
36629,"07 31 58.19","-05 56 33.5",6.84,"K0",59929
36631,"07 31 59.25","+12 39 41.0",6.51,"G5",59764
36634,"07 32 02.24","+61 45 29.1",6.68,"G5",59033
36636,"07 32 02.70","+02 43 31.5",6.86,"A0",59880
36640,"07 32 05.82","-08 52 51.3",5.9,"F5V",59984
36641,"07 32 05.95","+01 54 52.1",5.24,"F0III",59881
36657,"07 32 22.28","-35 57 40.3",6.35,"B8V",60312
36663,"07 32 34.53","+21 24 28.2",6.81,"G5",59828
36682,"07 32 46.16","-53 33 18.9",6.98,"B4/B5V",60649
36687,"07 32 49.37","-02 02 03.6",6.82,"A0",60086
36690,"07 32 50.64","+22 53 15.5",6.54,"F8V...",59878
36721,"07 33 09.78","-24 42 38.8",5.84,"A3III",60345
36723,"07 33 11.68","+03 17 25.0",5.59,"F2V",60111
36728,"07 33 13.17","-40 03 30.7",6.27,"B8IV (p Si)",60559
36729,"07 33 13.32","-43 05 10.1",6.53,"G8III",60574
36732,"07 33 19.55","-19 24 44.5",5.64,"K0III",60341
36735,"07 33 21.81","-68 46 06.6",6.6,"A1/A2V",61312
36736,"07 33 22.19","-14 20 17.9",6.21,"B2II",60325
36739,"07 33 24.64","+15 38 20.9",6.64,"K0",60081
36740,"07 33 24.83","+37 11 16.4",6.4,"K0",59826
36745,"07 33 27.32","-50 35 03.4",6.69,"B3IV",60753
36746,"07 33 27.50","+11 00 42.3",6.8,"M...",60136
36760,"07 33 36.50","+15 49 36.1",5.27,"A1Vn",60107
36773,"07 33 47.97","-14 31 26.0",4.82,"A4Ia",60414
36775,"07 33 50.25","-43 06 49.4",6.68,"M1III",60687
36778,"07 33 51.05","-36 20 18.2",5.42,"B2Vne",60606
36779,"07 33 51.53","+51 18 51.1",6.44,"K0",59721
36780,"07 33 52.38","-28 34 03.9",6.77,"A6:V+...",60555
36787,"07 33 58.31","-39 54 21.4",6.76,"K2III",60686
36795,"07 34 03.21","-22 17 46.3",4.44,"F6V",60532
36796,"07 34 04.98","+10 34 05.2",6.28,"A1V",60275
36807,"07 34 12.86","-33 27 48.9",6.11,"A9IV",60646
36808,"07 34 12.96","-20 08 14.7",6.93,"B2II",60553
36809,"07 34 13.20","-16 11 17.1",6.72,"G2V",60513
36812,"07 34 15.89","+03 22 18.3",5.83,"A0Vnn",60357
36817,"07 34 18.67","-23 28 25.2",5.06,"F6V",60584
36837,"07 34 28.85","-26 07 00.4",6.64,"A0V",60629
36836,"07 34 28.92","-13 52 13.5",6.71,"F7II/III",60552
36841,"07 34 31.59","+28 41 11.7",6.66,"G5",60204
36848,"07 34 34.83","-27 00 44.8",5.78,"K1III",60666
36850,"07 34 36.00","+31 53 19.1",1.58,"A2Vm",60179
36856,"07 34 39.58","-51 28 28.3",6.29,"A1III/IV",61031
36858,"07 34 39.83","+80 53 48.1",6.54,"G7III:",57508
36863,"07 34 43.74","-44 41 31.4",6.77,"K4III",60906
36869,"07 34 46.22","+02 43 31.8",6.55,"A7III",60489
36875,"07 34 51.08","-44 17 46.1",6.81,"A0V",60929
36882,"07 34 57.44","+03 16 35.5",6.56,"G5",60526
36884,"07 34 59.50","+04 26 22.3",6.82,"K0",60503
36893,"07 35 07.41","+48 40 50.7",6.97,"F0",60063
36896,"07 35 08.82","+30 57 39.3",5.34,"K0III",60318
36914,"07 35 21.66","-74 16 30.0",6.33,"B9",62153
36917,"07 35 22.94","-28 22 09.4",4.65,"B8V",60863
36918,"07 35 23.56","-15 22 57.0",6.96,"K3III",60742
36922,"07 35 25.24","+07 34 47.9",6.66,"A0",60563
36934,"07 35 33.59","-26 37 43.3",6.62,"A1V",60862
36942,"07 35 39.70","-52 32 01.7",4.93,"K3III",61248
36961,"07 35 54.37","-23 32 55.3",6.78,"K1III",60922
36962,"07 35 55.37","+26 53 45.6",4.06,"K5III",60522
36965,"07 35 56.00","+43 01 51.9",6.37,"F0",60335
36977,"07 36 01.62","-55 53 15.8",6.39,"K1/K2IIICN.",61394
36980,"07 36 03.47","-57 17 45.7",6.64,"K2III/IV",61436
36981,"07 36 03.90","-14 29 34.0",5.66,"B2/3V(n)",60855
36982,"07 36 04.19","-77 38 02.9",6.72,"M0III",62689
36986,"07 36 07.42","-22 09 37.7",6.4,"K1II",60951
36992,"07 36 13.78","-44 57 27.3",6.9,"K2III",61245
37000,"07 36 16.67","-08 18 40.7",6.27,"K2",60853
37007,"07 36 19.27","-69 03 23.7",6.88,"B8V",61950
37013,"07 36 26.10","-54 11 13.9",6.82,"A0V",61435
37023,"07 36 31.66","+46 10 49.3",5.66,"M0III",60437
37025,"07 36 31.82","-25 19 58.1",6.85,"B2III",61071
37031,"07 36 34.77","+05 51 43.6",5.89,"G0V",60803
37036,"07 36 41.04","-19 42 08.5",5.69,"B2II",61068
37037,"07 36 41.26","-14 26 37.0",6.7,"B9III",61017
37043,"07 36 43.93","-48 49 48.6",5.69,"B9V",61391
37046,"07 36 47.05","+55 45 18.6",5.93,"K2III",60294
37065,"07 37 00.13","-21 23 38.5",6.69,"K0III",61135
37069,"07 37 03.51","-26 48 58.7",6.89,"K1III",61191
37072,"07 37 05.46","+20 09 25.5",6.73,"K0",60820
37074,"07 37 05.73","+16 54 15.3",6.94,"O8V:pevar",60848
37088,"07 37 16.73","-04 06 39.7",5.14,"F6III",61064
37089,"07 37 16.93","-23 46 31.5",6.34,"F0Ib",61227
37091,"07 37 17.81","+40 01 31.8",6.34,"M1",60654
37096,"07 37 22.12","-34 58 06.9",4.53,"B8IV/V",61330
37107,"07 37 30.50","+18 55 04.9",6.85,"F0",60915
37119,"07 37 38.80","-14 26 26.8",6.53,"B8/B9IV",61224
37121,"07 37 40.16","+22 20 24.6",6.96,"G5",60914
37122,"07 37 41.60","+01 55 42.2",6.89,"B9",61093
37127,"07 37 44.82","-35 16 37.9",6.59,"K1III",61409
37128,"07 37 45.03","-38 00 38.1",6.38,"K4III",61453
37135,"07 37 50.30","+14 20 26.3",6.76,"B9",61037
37136,"07 37 50.88","+14 02 31.9",6.79,"B9",61038
37138,"07 37 51.57","-06 57 28.8",6.97,"B9",61202
37140,"07 37 53.88","+48 46 26.1",5.93,"A5m",60652
37145,"07 37 57.57","-32 07 52.2",6.7,"F2V",61431
37149,"07 38 01.55","-08 07 34.4",6.92,"G5",61236
37165,"07 38 14.36","+24 21 37.4",6.37,"F0",61035
37173,"07 38 18.05","-25 21 53.2",4.69,"B8IV",61429
37174,"07 38 18.21","-48 36 05.2",5.68,"F4Iab",61715
37179,"07 38 20.73","+33 11 12.5",6.84,"G5",60935
37184,"07 38 24.02","-39 59 31.1",6.61,"B9V",61623
37196,"07 38 28.82","+66 14 06.8",6.95,"K0",60292
37202,"07 38 32.53","-38 46 53.0",6.2,"G8III",61642
37204,"07 38 32.84","+35 02 54.5",5.58,"K0III",60986
37209,"07 38 37.37","-56 13 45.7",6.79,"K4III",61949
37223,"07 38 43.90","-36 29 48.6",5.78,"B3III",61641
37229,"07 38 49.88","-26 48 14.0",3.8,"B5IV",61555
37243,"07 38 56.78","-00 15 37.5",6.76,"M2III",61367
37248,"07 39 00.34","-53 16 24.2",6.06,"B9IV-Vp...",61966
37261,"07 39 07.11","-18 40 42.3",6.72,"B6V",61554
37265,"07 39 09.96","+34 35 04.7",4.89,"F3III",61110
37269,"07 39 12.01","+24 13 21.1",6.18,"A2V",61219
37271,"07 39 12.47","+53 54 02.8",6.66,"B9",60818
37276,"07 39 16.80","-49 03 05.1",6.97,"B2/B3IV",61947
37279,"07 39 18.54","+05 13 39.0",0.4,"F5IV-V",61421
37283,"07 39 21.68","+50 31 43.3",6.89,"F5",60912
37289,"07 39 24.20","-16 50 50.1",6.4,"K3III",61589
37293,"07 39 26.98","-26 51 47.1",6.5,"B6V",61672
37297,"07 39 27.35","-38 18 29.0",4.84,"B3V",61831
37300,"07 39 28.59","+17 40 28.3",5.04,"M0III",61338
37304,"07 39 29.85","-26 55 08.4",6.78,"B4V",61687
37322,"07 39 43.83","-38 08 21.6",5.73,"B5V",61878
37329,"07 39 47.88","-38 15 38.4",5.76,"B3III",61899
37339,"07 39 54.10","+32 00 35.4",6.16,"F6II",61295
37345,"07 39 57.99","-37 34 45.9",5.99,"B4III",61925
37364,"07 40 13.53","-19 39 39.2",5.92,"K0III",61774
37365,"07 40 13.60","+41 09 48.5",6.83,"A0",61252
37369,"07 40 14.72","+38 20 40.4",5.77,"M0III",61294
37372,"07 40 19.51","-78 23 15.3",6.64,"A4V",63670
37373,"07 40 19.96","-39 25 15.2",6.66,"K0III",62034
37375,"07 40 21.02","-11 45 09.1",6.43,"K2",61750
37379,"07 40 23.21","-15 15 49.9",4.98,"K3III",61772
37385,"07 40 26.27","-30 04 47.1",6.95,"B4V:",61944
37391,"07 40 31.09","+87 01 12.6",5.05,"M2III",51802
37394,"07 40 35.51","-08 11 07.3",6.01,"A3IV",61749
37399,"07 40 43.40","-27 56 43.3",6.76,"B5II",61987
37404,"07 40 47.19","+13 46 16.6",6.23,"K0",61630
37405,"07 40 49.03","+04 04 19.4",6.51,"K0",61721
37406,"07 40 49.56","+57 04 58.4",6.09,"K5III",61106
37414,"07 40 52.31","-54 42 25.4",6.69,"F0III",62400
37415,"07 40 52.60","-31 39 40.2",6.6,"F8/G0Ia",62058
37428,"07 40 58.52","+23 01 06.8",5.93,"K5",61603
37441,"07 41 12.45","+48 07 54.7",5.58,"K0III",61363
37447,"07 41 14.88","-09 33 03.9",3.94,"K0III",61935
37450,"07 41 15.83","-38 32 00.9",5.41,"B3V",62226
37461,"07 41 21.72","-44 37 55.8",6.41,"B7IV/V",62318
37465,"07 41 23.53","-22 20 12.3",6.16,"M0/M1III",62082
37478,"07 41 35.16","+03 37 29.4",5.95,"A0V",61887
37495,"07 41 45.70","-22 24 15.1",6.9,"A9IV",62171
37501,"07 41 47.90","+54 45 56.8",6.82,"K0",61361
37504,"07 41 49.20","-72 36 22.1",3.93,"K0III",63295
37508,"07 41 51.87","+13 28 49.8",5.79,"M2III",61885
37514,"07 41 58.04","-38 31 42.2",6.54,"B8V",62376
37521,"07 42 03.22","+14 12 30.7",5.55,"M3Sv",61913
37524,"07 42 06.67","-30 11 10.8",6.95,"B4V",62315
37530,"07 42 10.22","-58 37 51.4",6.4,"B2.5V",62758
37533,"07 42 11.63","-55 10 44.3",6.93,"B3V",62663
37545,"07 42 19.34","+30 10 04.3",6.69,"K2",61805
37580,"07 42 43.61","+34 00 00.8",6.05,"F7V",61859
37590,"07 42 48.15","-26 21 04.5",5.64,"K1III",62412
37599,"07 42 53.36","-58 13 48.5",6.2,"K0III",62897
37603,"07 42 56.29","-21 59 40.0",6.82,"K1III/IV",62393
37606,"07 42 57.16","-45 10 18.4",5.04,"G5IV",62644
37608,"07 42 58.95","-17 03 42.0",6.53,"G5/G6IV",62351
37609,"07 43 00.46","+58 42 37.8",4.93,"A3IVn",61497
37611,"07 43 03.06","-27 40 06.3",6.93,"A4/A5V",62475
37614,"07 43 05.42","+00 11 21.7",6.17,"K0III",62264
37616,"07 43 06.81","-38 51 49.3",6.89,"G6/G8III",62595
37617,"07 43 06.98","-49 59 34.7",6.56,"A2V",62756
37623,"07 43 12.00","-36 03 00.4",5.6,"B5V",62578
37629,"07 43 18.69","+28 53 02.7",4.23,"K1III SB",62044
37632,"07 43 20.17","-22 17 54.9",6.94,"G8IIICN...",62469
37634,"07 43 21.21","+04 56 44.9",6.5,"K0",62286
37635,"07 43 21.54","-52 09 52.2",6.69,"G0V",62848
37636,"07 43 22.20","+22 23 58.0",6.25,"K0III",62141
37643,"07 43 29.63","-54 14 28.8",6.88,"G6/G8III",62943
37645,"07 43 31.09","+03 29 09.8",6.97,"F8",62323
37648,"07 43 32.40","-28 24 39.4",4.63,"K5III",62576
37655,"07 43 37.34","-04 42 28.5",6.91,"G5",62386
37660,"07 43 39.11","-25 30 13.8",6.56,"A3III",62555
37664,"07 43 41.83","-40 56 00.0",5.12,"K1III",62713
37666,"07 43 42.93","-38 12 06.9",6.42,"B8IV",62712
37675,"07 43 47.92","-40 18 33.6",6.58,"B3Vne",62753
37677,"07 43 48.47","-28 57 17.4",3.94,"A2Iab",62623
37701,"07 44 04.19","+50 26 01.9",5.31,"A0IIIn",61931
37704,"07 44 06.92","+25 47 03.2",5.3,"K5III",62285
37705,"07 44 07.64","+02 24 19.6",6.46,"F0III",62437
37710,"07 44 09.74","-36 03 45.8",5.8,"F0IV",62781
37718,"07 44 12.62","-50 27 25.5",6.64,"F8V",63008
37720,"07 44 13.10","-69 49 17.8",6.16,"A0IV/V",63584
37723,"07 44 14.07","+12 51 36.4",6.4,"K0",62407
37740,"07 44 26.87","+24 23 53.3",3.57,"G8III",62345
37751,"07 44 34.17","-24 40 26.7",5.62,"B2II",62747
37752,"07 44 34.20","-37 56 34.6",5.89,"B8V",62893
37765,"07 44 40.23","-47 00 30.6",6.76,"B5V",63007
37773,"07 44 43.88","-66 04 19.4",6.37,"G6/G8III",63513
37789,"07 44 56.17","+39 33 28.9",6.74,"F8V",62301
37803,"07 45 04.78","-37 53 16.4",6.53,"B2V",62991
37811,"07 45 09.34","+20 18 57.8",6.53,"A1V",62510
37815,"07 45 12.31","-04 27 13.9",6.81,"K5",62699
37819,"07 45 15.30","-37 58 07.0",3.62,"K4III",63032
37823,"07 45 18.05","-43 45 09.2",6.02,"B6IV",63118
37826,"07 45 19.36","+28 01 34.7",1.16,"K0IIIvar",62509
37838,"07 45 27.38","-37 35 46.7",6.99,"B9V",63079
37843,"07 45 29.14","-14 41 25.7",6.06,"A6/A7",62864
37853,"07 45 35.18","-34 10 35.6",5.36,"G0V",63077
37854,"07 45 35.52","-56 43 21.3",6.1,"F0II",63382
37880,"07 45 51.86","-24 15 21.9",6.73,"B3IV/V",63028
37891,"07 45 56.88","-14 33 49.8",5.03,"F2V",62952
37901,"07 46 02.16","-06 46 20.2",5.49,"K5III",62902
37906,"07 46 03.61","-23 08 29.7",6.95,"F7V",63045
37908,"07 46 07.49","+18 30 36.6",4.89,"K5III",62721
37915,"07 46 10.56","-37 56 01.3",5.87,"B5V",63215
37917,"07 46 14.00","+51 01 32.4",6.97,"K5",62378
37921,"07 46 16.22","+10 46 05.9",5.25,"A1Vnn",62832
37932,"07 46 24.10","-49 14 28.1",6.95,"A4V",63402
37934,"07 46 27.46","+62 49 50.4",6.5,"F0p SrEu",62140
37938,"07 46 33.44","-40 03 34.3",6.56,"B2III",63308
37939,"07 46 33.45","-37 46 21.0",6.31,"K3III",63291
37946,"07 46 39.26","+37 31 02.5",5.15,"M3III",62647
37949,"07 46 40.04","+65 27 20.3",5.93,"K2III:",62066
37951,"07 46 44.72","-12 40 31.1",6.39,"B9III",63112
37966,"07 46 56.71","-52 20 49.8",6.93,"B8/B9II",63563
37975,"07 47 00.43","+64 03 07.3",6.78,"A2...",62195
37982,"07 47 05.77","-39 19 51.7",6.33,"Ap Si",63401
37983,"07 47 07.19","-41 30 13.5",6.93,"B1/B2Ib/II",63425
37995,"07 47 12.56","-22 31 10.3",5.9,"B1/B2V",63271
37996,"07 47 14.62","-36 04 25.2",6.46,"K1III",63399
38010,"07 47 25.00","-38 30 40.2",5.07,"B2IV/V",63465
38016,"07 47 30.34","+33 24 56.8",5.14,"M0III",62898
38017,"07 47 30.54","-81 35 47.5",6.79,"Ap...",65836
38020,"07 47 31.51","-46 36 30.6",5.22,"B1V",63578
38028,"07 47 35.21","-47 00 46.7",6.98,"B3V",63579
38031,"07 47 38.53","-15 59 26.5",6.31,"K3Iab/b",63302
38037,"07 47 45.21","-16 00 52.1",6.38,"K5II/III",63323
38048,"07 47 56.78","-12 11 34.4",5.48,"F5+...",63336
38062,"07 48 03.42","+05 24 35.5",6.61,"K0",63241
38070,"07 48 05.17","-25 56 13.8",4.4,"B1IV:nne",63462
38074,"07 48 08.55","-40 39 08.3",6.14,"M2III",63640
38079,"07 48 12.49","-24 34 38.0",6.85,"A0V",63485
38081,"07 48 15.06","-54 42 51.4",6.62,"K1II",63870
38087,"07 48 19.51","-56 28 15.9",6.3,"K0III+...",63926
38089,"07 48 20.25","-47 04 39.1",4.69,"K0III",63744
38092,"07 48 22.60","+18 20 12.6",6.7,"K0III+...",63210
38101,"07 48 28.80","+28 45 51.3",6.86,"K0III",63138
38106,"07 48 33.65","+23 08 27.5",6.18,"G2III+...",63208
38118,"07 48 41.73","-31 37 04.2",6.97,"B7V",63638
38135,"07 48 53.71","+18 11 25.3",6.91,"K0",63299
38140,"07 48 58.99","+04 20 01.3",6.55,"G0",63435
38146,"07 49 01.70","-24 54 44.1",5.32,"G2",63660
38147,"07 49 01.81","+13 22 18.8",6.07,"K0",63352
38150,"07 49 06.18","-11 10 52.2",6.73,"F0",63540
38152,"07 49 06.72","-56 24 37.4",5.57,"G5II",64067
38159,"07 49 12.87","-46 51 27.9",5.82,"B1.5IV",63949
38160,"07 49 12.95","-60 17 02.5",5.78,"F1V",64185
38164,"07 49 14.30","-46 22 23.6",4.1,"B0III",63922
38165,"07 49 14.31","-40 42 03.9",6.53,"B5V",63868
38167,"07 49 14.65","-35 14 35.9",5.94,"B9V",63786
38170,"07 49 17.66","-24 51 35.2",3.34,"G6Ia",63700
38183,"07 49 28.32","-44 45 04.4",6.32,"K0III",63948
38184,"07 49 28.81","-13 21 10.5",6.23,"B8/B9II",63655
38196,"07 49 32.32","+12 48 51.5",6.42,"K0",63475
38200,"07 49 35.43","-33 17 20.2",5.61,"M0III",63852
38206,"07 49 39.98","-14 05 07.3",6.34,"K5III",63696
38209,"07 49 40.80","-19 30 19.7",6.49,"K2III",63734
38210,"07 49 41.00","-66 11 45.5",5.78,"B9V",64484
38211,"07 49 41.17","-17 13 41.2",5.17,"K3III",63697
38216,"07 49 45.29","-20 12 26.3",6.54,"G0V",63754
38221,"07 49 47.73","+26 15 49.9",6.82,"G8III",63410
38222,"07 49 50.29","-36 05 36.6",6.76,"K4III",63898
38226,"07 49 54.77","-60 03 05.3",6.72,"K0II",64320
38228,"07 49 55.07","+27 21 47.6",6.9,"G5IV",63433
38231,"07 49 57.02","+28 11 55.6",6.77,"A2",63432
38235,"07 49 59.13","-23 47 53.7",6.73,"A9V",63847
38246,"07 50 05.67","-19 31 24.8",6.11,"K1III",63822
38249,"07 50 07.85","+60 20 31.5",6.78,"A2",62976
38253,"07 50 10.58","-09 11 00.4",5.6,"K3III",63752
38257,"07 50 13.52","+39 46 14.8",6.83,"M0",63366
38267,"07 50 23.88","-50 30 33.7",5.89,"K2III",64225
38292,"07 50 42.52","-44 34 47.9",6.45,"G6III",64181
38300,"07 50 47.36","+03 16 38.4",6.17,"K1III",63799
38301,"07 50 48.59","+05 51 33.3",6.96,"A2",63774
38303,"07 50 51.11","+04 27 33.8",6.49,"G5",63798
38306,"07 50 53.42","+00 04 46.4",6.38,"K2III",63838
38307,"07 50 55.24","-11 07 42.7",6.16,"K0",63894
38316,"07 51 00.08","-24 31 42.6",6.43,"B9.5V",64042
38317,"07 51 00.21","+31 36 49.1",6.83,"A5",63610
38319,"07 51 02.37","+33 14 01.1",6.06,"A2m",63589
38325,"07 51 05.75","+54 07 44.8",6.03,"F6V",63332
38331,"07 51 06.31","-18 14 50.4",6.59,"G8III/IV",64000
38345,"07 51 13.98","-47 12 59.2",6.53,"G3III",64318
38349,"07 51 15.34","+37 04 55.8",6.49,"K2",63588
38355,"07 51 20.34","-43 05 42.9",6.34,"B2IV-V",64287
38356,"07 51 20.48","-09 24 16.9",6.83,"A0",63976
38370,"07 51 40.36","-42 53 17.6",6.05,"B2IV",64365
38372,"07 51 40.88","-12 49 09.8",6.37,"F3IV",64077
38373,"07 51 42.00","+01 46 00.8",5.12,"B8II",63975
38375,"07 51 43.05","-21 10 25.5",5.62,"K0III",64152
38382,"07 51 46.34","-13 53 49.9",5.16,"G2V",64096
38388,"07 51 49.16","-20 43 14.1",6.78,"F3V",64172
38394,"07 51 56.80","+19 19 30.6",6.03,"K1III:",63889
38403,"07 52 03.89","+45 55 59.2",6.5,"A3",63630
38406,"07 52 07.16","+03 16 39.1",6.3,"M5",64052
38409,"07 52 08.46","+36 10 09.3",6.92,"M0",63793
38410,"07 52 08.48","-03 03 14.9",6.94,"A5",64110
38414,"07 52 13.05","-40 34 32.9",3.71,"G5III...",64440
38423,"07 52 15.80","-34 42 21.7",5.01,"F3/F5V",64379
38427,"07 52 18.88","-14 50 46.2",5.69,"F2IV/V",64238
38436,"07 52 28.35","-13 51 45.3",6.61,"K0III",64259
38438,"07 52 29.75","-54 22 01.9",5.7,"B1.5IV",64722
38449,"07 52 36.45","+55 12 34.4",6.36,"A0Vn",63586
38455,"07 52 38.65","-38 51 46.2",4.49,"B2V",64503
38474,"07 52 47.87","-05 25 41.5",5.76,"F5IVs",64235
38497,"07 53 03.51","-36 21 49.6",5.44,"K1IIICN...",64572
38500,"07 53 03.64","-49 36 47.1",4.63,"B1.5Vp",64740
38512,"07 53 13.63","-34 56 18.7",6.64,"F8/G0Ib",64571
38518,"07 53 18.16","-48 06 10.6",4.22,"B0.5Ib",64760
38525,"07 53 21.06","+28 03 07.3",6.92,"A0",64107
38538,"07 53 29.84","+26 45 57.1",4.97,"A3V",64145
38551,"07 53 38.56","-23 18 49.4",6.95,"B6V",64566
38571,"07 53 49.29","-26 15 43.6",6.95,"G8III",64616
38584,"07 54 02.21","-41 42 10.6",6.85,"B8II",64827
38591,"07 54 07.18","-18 19 51.7",6.89,"M1III",64611
38593,"07 54 11.01","-35 52 38.3",5.48,"B2V",64802
38601,"07 54 13.30","+21 06 19.1",6.84,"M1III:",64351
38615,"07 54 25.53","-28 06 19.3",6.6,"A2V",64756
38623,"07 54 29.28","+47 23 09.5",6.25,"K2III:",64106
38635,"07 54 39.93","-34 50 48.1",6.14,"K4III",64876
38639,"07 54 42.74","+47 33 52.5",5.47,"K4III",64144
38656,"07 54 53.39","-57 18 10.4",5.62,"K3/K4III",65273
38667,"07 55 00.44","-52 35 00.1",6.36,"B8III",65189
38668,"07 55 00.60","-23 27 55.4",6.99,"A0V",64857
38669,"07 55 02.00","+12 34 10.2",6.97,"K0",64584
38682,"07 55 11.04","+09 20 59.9",6.81,"G5",64649
38686,"07 55 13.87","-30 55 03.8",6.45,"K4III",64974
38690,"07 55 15.75","-52 54 08.7",6.99,"F2II/III",65249
38707,"07 55 29.19","-19 02 50.6",6.84,"A3III/IV",64894
38712,"07 55 31.44","+08 51 47.0",5.86,"F2IV",64685
38722,"07 55 39.90","+19 53 02.6",5.38,"A0Vs",64648
38723,"07 55 40.87","+35 24 45.9",6.23,"A3p",64491
38732,"07 55 46.60","-43 50 42.2",6.02,"B6V",65211
38737,"07 55 50.14","-45 58 48.2",6.74,"B6V",65270
38748,"07 55 58.61","-12 36 30.2",6.57,"G8IV",64967
38761,"07 56 06.47","+23 37 25.9",6.81,"B8",64705
38770,"07 56 11.55","-51 20 18.4",6.77,"G5II/III",65425
38778,"07 56 15.51","+29 51 07.4",6.81,"K0",64681
38779,"07 56 15.78","-61 05 58.1",6.73,"B8IIIe",65663
38783,"07 56 18.65","-60 31 35.3",5.74,"K4II",65662
38784,"07 56 18.87","+80 15 55.2",6.55,"G8V",62613
38789,"07 56 21.71","-20 27 47.7",6.84,"A0V",65102
38792,"07 56 22.72","-30 17 04.3",6.28,"M5/M6III",65183
38794,"07 56 23.91","+04 29 08.1",6.16,"G8III",64938
38795,"07 56 24.13","-40 44 10.3",6.78,"B2V",65315
38800,"07 56 26.72","+56 30 16.2",6.71,"A2IV",64347
38827,"07 56 46.74","-52 58 56.6",3.46,"B3IVp",65575
38835,"07 56 51.56","-22 52 48.5",4.2,"F7/F8II",65228
38846,"07 56 57.81","-43 30 01.5",5.36,"B2.5V",65460
38845,"07 56 57.81","-42 24 23.5",6.09,"K3III",65442
38848,"07 56 59.47","+15 47 25.4",5.8,"K3III",64960
38851,"07 57 03.03","-34 22 42.4",6.86,"K3III",65354
38863,"07 57 12.76","-63 17 48.8",6.14,"B8V",65908
38868,"07 57 15.88","+08 38 28.6",6.03,"K0III",65066
38870,"07 57 16.39","+01 07 37.3",6.35,"F6V",65123
38872,"07 57 18.43","-44 06 35.6",5.08,"B2.5IV",65551
38879,"07 57 20.08","-47 53 26.6",6.21,"B5V",65598
38900,"07 57 39.74","+77 34 35.3",6.87,"A3",63383
38901,"07 57 40.11","-30 20 04.5",4.76,"A7III",65456
38902,"07 57 41.57","-65 54 31.5",6.69,"M0III",66110
38906,"07 57 45.23","-60 55 35.4",6.86,"B9III",65950
38908,"07 57 46.30","-60 18 12.1",5.59,"G2V...",65907
38917,"07 57 51.73","-45 34 39.9",5.14,"K2III",65685
38925,"07 57 54.79","-40 47 03.7",6.46,"K0III",65638
38945,"07 58 05.90","+07 12 48.8",6.42,"A0V",65241
38957,"07 58 14.44","-49 14 41.7",4.47,"B1Vp + B2",65818
38959,"07 58 16.53","+43 58 38.5",6.36,"K0",64958
38962,"07 58 20.75","+02 13 28.3",5.3,"K0III",65345
38963,"07 58 21.47","-51 26 54.9",6.44,"A8/A9IV",65867
38966,"07 58 22.31","-60 51 27.9",6.73,"B8+...",66066
38972,"07 58 30.33","+02 56 09.2",6.65,"A3",65372
38975,"07 58 31.48","+16 31 07.3",6.05,"K0",65257
38981,"07 58 37.64","-37 01 12.2",6.99,"K0/K1V",65723
38983,"07 58 38.45","-27 34 38.9",6.98,"K4/K5III",65636
38987,"07 58 45.18","+05 37 23.8",6.95,"B9",65396
38994,"07 58 50.56","-60 49 28.2",5.77,"B2IVnpe",66194
39013,"07 59 00.74","-48 22 34.8",6.84,"B2V",65930
39014,"07 59 01.81","-45 12 57.1",5.98,"B4V",65904
39017,"07 59 03.93","-04 19 56.3",6.98,"A3",65526
39023,"07 59 05.72","-23 18 37.4",5.09,"G8II",65699
39035,"07 59 12.31","-49 58 36.7",6.35,"B2IV-V",66005
39038,"07 59 13.57","-49 58 25.6",6.37,"B2IV-V",66006
39041,"07 59 15.78","-73 14 38.8",6.33,"A3III",66920
39061,"07 59 28.43","-39 17 48.6",5.22,"F3V",65925
39067,"07 59 35.07","+13 14 31.9",6.05,"K2",65522
39069,"07 59 36.76","+79 51 41.4",6.84,"K2",63331
39070,"07 59 37.55","-60 35 13.5",5.19,"M0II",66342
39073,"07 59 40.09","-60 12 26.6",6.3,"B8III",66341
39077,"07 59 42.62","+23 10 58.7",6.92,"K0",65471
39079,"07 59 44.18","-03 40 46.5",4.93,"K2III",65695
39084,"07 59 45.93","-47 18 12.8",6.71,"B8V",66079
39094,"07 59 51.39","+36 04 55.5",6.5,"K5",65392
39095,"07 59 52.06","-18 23 56.9",4.61,"A1V",65810
39117,"08 00 11.76","+73 55 04.8",5.37,"K3III",64307
39122,"08 00 14.72","-48 58 53.8",6.01,"A2V",66210
39137,"08 00 19.53","-45 27 25.1",6.62,"G8Ib",66190
39138,"08 00 19.97","-63 34 03.0",4.81,"B3V",66591
39153,"08 00 28.97","-48 52 18.4",6.13,"A0p",66255
39157,"08 00 32.24","+29 12 54.7",6.97,"G8V",65583
39164,"08 00 36.43","+12 38 30.5",6.59,"K0",65737
39172,"08 00 44.14","-02 52 54.9",6.41,"B2.5Ve",65875
39177,"08 00 47.31","+17 18 31.4",5.6,"K3III",65759
39180,"08 00 48.10","+19 48 58.4",6.3,"K1III",65735
39183,"08 00 49.12","+12 40 42.4",6.79,"B9",65804
39184,"08 00 49.96","-54 09 04.7",5.87,"B5Vn",66441
39191,"08 00 55.86","+25 23 34.2",5.87,"G8III:",65714
39194,"08 01 00.79","+23 34 59.4",6.34,"K1III-IV",65757
39198,"08 01 03.45","-06 25 08.7",6.45,"G5",65938
39211,"08 01 13.30","-01 23 32.7",4.69,"K4III",65953
39213,"08 01 13.91","+04 52 47.2",5.65,"A1V",65900
39221,"08 01 20.75","+59 02 50.3",5.78,"F2:V:",65301
39225,"08 01 23.05","-54 30 56.0",6.12,"B2IV-V",66546
39236,"08 01 30.29","+16 27 19.2",5.99,"B9.5Vn",65873
39238,"08 01 31.58","-55 27 16.8",6.28,"B4V",66607
39251,"08 01 37.53","-37 17 01.4",5.9,"A3IV",66358
39261,"08 01 42.49","+60 19 27.9",6.02,"A2p...",65339
39263,"08 01 43.77","+25 05 22.0",6.32,"A1V",65856
39271,"08 01 50.73","+08 54 50.2",6.22,"G0IV",66011
39272,"08 01 51.26","-44 35 59.7",6.56,"K2IIICN...",66478
39279,"08 01 55.20","+35 24 47.1",6.34,"K0",65801
39282,"08 01 57.12","-27 12 53.2",6.82,"B7II",66306
39286,"08 01 59.82","-54 39 45.0",6.67,"F0III",66706
39299,"08 02 06.13","-37 03 00.3",6.31,"M3III",66435
39302,"08 02 07.50","+02 57 38.2",6.79,"K2",66090
39310,"08 02 15.53","-55 32 26.2",6.7,"B3V(n)",66768
39311,"08 02 15.95","+02 20 03.5",4.39,"K2III",66141
39313,"08 02 16.59","+60 59 36.3",6.87,"F2",65429
39326,"08 02 25.97","-06 20 13.6",6.34,"G0III",66242
39329,"08 02 27.10","-44 40 01.2",6.54,"A0p",66605
39340,"08 02 30.82","+63 05 25.2",6.09,"G1III",65448
39348,"08 02 35.82","+57 16 25.6",6.48,"F8V",65626
39352,"08 02 37.42","-27 32 39.5",6.89,"K1III + F/G",66454
39353,"08 02 37.52","-36 24 04.5",6.59,"A7V",66540
39355,"08 02 40.96","-49 57 02.1",6.61,"F3III",66747
39360,"08 02 44.79","-41 18 35.5",5.52,"Ap Si",66624
39362,"08 02 46.43","-06 19 21.0",6.89,"K0",66351
39371,"08 02 55.72","-48 19 30.1",6.64,"B5III",66765
39373,"08 02 56.22","-40 24 09.3",6.97,"K1III:",66676
39380,"08 03 04.17","-32 27 48.9",5.83,"K2/K3III",66598
39385,"08 03 07.20","-41 07 33.9",6.83,"G8III",66726
39406,"08 03 21.18","-69 58 17.8",6.76,"B8III",67559
39414,"08 03 26.54","+37 08 12.2",6.9,"K5",66085
39418,"08 03 28.81","+12 10 53.2",6.74,"F8V",66348
39420,"08 03 29.62","-42 56 54.0",6.28,"G8II",66812
39421,"08 03 29.74","-49 29 55.0",6.63,"K0III",66940
39424,"08 03 31.10","+27 47 39.9",4.94,"K2III",66216
39429,"08 03 35.07","-40 00 11.5",2.21,"O5IAf",66811
39433,"08 03 39.95","+36 20 41.7",6.89,"M5III",66175
39447,"08 03 50.50","+22 04 14.9",6.84,"K0",66347
39455,"08 03 53.25","-68 56 12.7",6.84,"G6III",67624
39477,"08 04 06.03","+13 41 14.6",6.72,"K0",66444
39480,"08 04 08.39","+33 01 50.7",6.7,"A0",66299
39487,"08 04 16.19","-32 40 29.4",5.25,"M2II",66888
39513,"08 04 32.51","-17 39 55.9",6.54,"K4III",66783
39514,"08 04 32.65","-25 41 58.9",6.35,"K5/M0III",66885
39523,"08 04 40.20","+39 44 26.9",6.89,"K0",66319
39524,"08 04 41.42","-19 43 41.4",6.12,"B3III",66834
39527,"08 04 42.41","-50 35 25.4",5.96,"G5II",67249
39530,"08 04 42.94","-62 50 10.9",6.25,"B2.5Vn",67536
39535,"08 04 45.32","+18 50 31.4",6.21,"B9V",66552
39538,"08 04 47.19","+79 28 47.1",5.39,"A0p...",64486
39556,"08 04 58.65","-03 29 45.0",6.98,"A0",66778
39565,"08 05 03.32","-33 35 28.9",6.62,"F3IV/V",67078
39566,"08 05 03.71","-53 06 28.5",5.52,"K3/K4III",67364
39567,"08 05 04.51","+13 07 06.1",5.14,"A1V",66664
39584,"08 05 20.31","-46 58 42.3",6.18,"B3Vnp",67341
39595,"08 05 29.17","-10 07 23.0",6.97,"B9",66956
39601,"08 05 33.20","+13 30 15.0",6.79,"K0",66775
39607,"08 05 37.05","+27 31 47.1",6.21,"A0V",66684
39617,"08 05 44.89","-33 34 10.0",6.15,"G1Ib",67243
39621,"08 05 47.71","+02 09 54.4",6.82,"A0",66925
39625,"08 05 49.64","-00 34 24.0",6.4,"K0",66950
39634,"08 05 58.84","-19 53 33.2",6.97,"B9V",67140
39639,"08 06 02.55","+59 14 55.5",6.69,"A0",66286
39659,"08 06 18.40","+22 38 07.8",5.96,"M3III",66875
39662,"08 06 19.18","-38 53 48.6",6.91,"K2III",67411
39675,"08 06 27.42","-09 14 40.1",6.25,"B9V",67159
39684,"08 06 36.19","-63 30 57.8",6.66,"K0III",67990
39690,"08 06 40.34","-45 15 57.8",5.04,"K3III",67582
39691,"08 06 41.61","-48 29 50.7",6.34,"B3III",67621
39710,"08 07 00.29","-29 24 07.5",6.8,"G2V",67458
39716,"08 07 05.55","-47 47 38.0",6.97,"A0V",67704
39719,"08 07 06.49","+09 58 48.5",6.81,"G5III",67177
39722,"08 07 09.95","+43 15 37.6",6.35,"A1V",66824
39730,"08 07 16.03","-17 22 07.7",6.5,"K1III",67408
39734,"08 07 18.05","-20 33 15.6",5.33,"A3Ib/II",67456
39738,"08 07 19.46","-48 23 11.8",6.69,"K1III",67762
39757,"08 07 32.70","-24 18 16.0",2.83,"F2mF5IIp",67523
39769,"08 07 41.33","-03 24 24.1",6.86,"M0",67404
39773,"08 07 41.80","-49 00 37.7",6.66,"B8V",67847
39780,"08 07 45.84","+21 34 55.1",5.3,"G2IV",67228
39794,"08 07 55.84","-68 37 01.7",4.35,"B6IV",68520
39825,"08 08 12.91","-61 04 38.0",6.66,"K0III",68279
39827,"08 08 14.33","-61 04 39.1",6.77," ",
39834,"08 08 19.36","-23 37 04.1",6.56,"B3III/IV",67698
39843,"08 08 24.65","-63 48 03.0",6.32,"B6V",68423
39847,"08 08 27.50","+51 30 24.0",4.78,"A2V",67006
39863,"08 08 35.66","-02 59 01.6",4.36,"G2Ib",67594
39866,"08 08 37.65","-37 40 52.5",6.36,"B3V",67888
39874,"08 08 42.44","+13 38 27.4",6.25,"F3V",67483
39876,"08 08 43.58","-20 21 47.4",6.37,"A3III",67751
39888,"08 08 49.61","+27 28 49.7",6.88,"K0III",67402
39898,"08 08 56.85","-11 20 22.7",6.31,"A0Vn",67725
39903,"08 09 00.86","-61 18 06.1",4.74,"F5V",68456
39906,"08 09 01.64","-19 14 42.0",4.4,"B5V",67797
39914,"08 09 06.65","-30 19 22.1",6.64,"K3III",67921
39919,"08 09 09.51","-48 41 03.9",5.66,"B8Ib/II",68161
39920,"08 09 10.19","-35 27 18.2",6.21,"G8III",67977
39938,"08 09 23.06","+42 25 50.8",6.26,"K3III:",67370
39943,"08 09 28.54","-16 14 56.1",5.66,"B4V",67880
39944,"08 09 28.87","+55 15 21.3",6.83,"F0",67147
39947,"08 09 30.13","-51 50 34.2",6.53,"G0V",68346
39948,"08 09 30.34","+32 13 16.2",6.68,"F2",67501
39949,"08 09 30.55","-59 32 29.8",6.6,"B5V",68518
39953,"08 09 31.96","-47 20 11.8",1.75,"WC8 + O9I",68273
39957,"08 09 33.63","-56 05 07.7",5.66,"A3m...",68434
39958,"08 09 35.19","+29 05 35.1",6.47,"G0II",67542
39961,"08 09 35.92","-44 07 22.0",5.2,"B2IV-V",68217
39970,"08 09 43.16","-47 56 14.0",5.23,"B1IVe",68324
39974,"08 09 47.70","-42 38 27.0",6.27,"B+...",68242
39995,"08 10 03.80","+58 14 54.3",5.91,"K4III:",67224
40001,"08 10 11.32","+35 27 20.0",6.65,"F8",67587
40007,"08 10 13.12","+25 50 40.4",6.44,"K0",67690
40010,"08 10 15.62","-22 31 59.8",6.8,"F0IV",68109
40012,"08 10 17.90","+09 10 05.4",6.8,"G5",67873
40015,"08 10 20.20","+69 43 29.3",6.54,"F8",66751
40016,"08 10 20.57","-49 14 14.5",6.46,"B3IV",68478
40023,"08 10 27.23","+25 30 29.4",5.73,"G8IV",67767
40035,"08 10 39.98","-13 47 57.7",5.53,"F7V",68146
40036,"08 10 40.40","+02 56 58.4",6.94,"G5",68018
40057,"08 10 58.46","-06 44 52.7",6.71,"K0",68145
40058,"08 10 58.90","+14 37 46.3",6.22,"A1V",67959
40063,"08 11 01.69","-37 17 32.6",6.42,"B0III",68450
40070,"08 11 07.44","-40 45 30.1",6.69,"K3III",68512
40071,"08 11 09.68","+53 14 43.0",6.79,"F5",67562
40077,"08 11 10.80","-48 27 43.2",5.83,"B3V",68657
40084,"08 11 16.32","-12 55 37.3",4.72,"K0III",68290
40085,"08 11 16.60","+09 49 16.6",6.08,"B6III",68099
40086,"08 11 18.03","+54 32 25.7",6.48,"G5",67539
40088,"08 11 18.77","-45 49 05.3",6.94,"G8/K0III",68627
40091,"08 11 21.50","-39 37 06.8",4.44,"K4III",68553
40093,"08 11 21.73","+38 43 53.4",6.61,"G0",67827
40096,"08 11 25.90","-42 59 14.2",4.73,"A7Ib",68601
40107,"08 11 33.03","-07 46 20.9",5.36,"G8III",68312
40118,"08 11 38.96","+32 27 31.3",6.78,"G4V",68017
40144,"08 11 53.36","-35 46 22.9",6.64,"M5/M6III:",68623
40147,"08 11 54.78","-41 47 19.1",6.7,"K3/K4III",68716
40155,"08 11 59.97","-46 38 39.7",5.77,"F7p",68808
40160,"08 12 06.06","-43 24 01.6",6.48,"K3III:",68763
40165,"08 12 11.62","+48 57 33.4",6.88,"K0",67870
40167,"08 12 12.71","+17 38 53.3",4.67,"G0V",68255
40177,"08 12 22.19","+14 00 14.9",6.53,"A7III",68332
40181,"08 12 27.37","-36 59 21.3",6.54,"B1/B2III",68761
40183,"08 12 30.80","-46 15 51.5",6.0,"B5V",68895
40188,"08 12 32.73","-54 08 47.5",6.97,"F0III",69051
40211,"08 12 45.93","-29 54 39.1",6.53,"A1V",68758
40215,"08 12 48.79","+68 28 26.6",5.34,"G8II",67447
40220,"08 12 51.56","-37 55 28.1",6.4,"A3V",68862
40231,"08 12 59.74","+16 30 51.7",6.03,"G8III",68461
40233,"08 13 04.22","-34 34 42.7",6.99,"F8Iab",68860
40240,"08 13 08.87","+29 39 23.7",5.62,"B9p SiCr",68351
40259,"08 13 19.98","-15 47 17.6",4.99,"G5Ib/II",68752
40262,"08 13 21.67","+56 31 40.8",6.84,"F2",67991
40263,"08 13 21.79","-01 09 57.2",6.48,"K0",68667
40273,"08 13 27.79","+48 16 51.1",6.84,"B9",68194
40274,"08 13 29.52","-35 53 58.4",4.78,"B2ne",68980
40282,"08 13 34.23","-50 11 45.8",5.52,"M1III",69194
40283,"08 13 34.73","-31 44 08.7",6.7,"G2V",68978
40285,"08 13 36.16","-46 59 30.0",5.14,"B2.5IV",69144
40291,"08 13 41.05","-33 34 10.4",6.38,"K2III",69002
40293,"08 13 41.71","+23 08 15.9",6.56,"A4IVn",68543
40299,"08 13 45.66","-46 34 43.3",6.49,"B3V",69168
40305,"08 13 50.20","+56 27 08.3",5.88,"G9III",68077
40307,"08 13 50.74","-35 12 29.7",6.91,"G8/K0III+..",69066
40321,"08 13 58.32","-36 19 20.3",5.09,"B2V:",69081
40324,"08 13 58.71","-36 20 26.9",6.11,"B2IV/V",69082
40326,"08 14 02.89","-40 20 51.8",4.42,"K1II/III",69142
40330,"08 14 05.12","-44 34 33.1",6.56,"F2pvar",69213
40341,"08 14 11.04","-32 08 26.6",6.07,"B2V",69080
40342,"08 14 11.14","+17 40 33.3",6.47,"A0Vne...",68703
40344,"08 14 13.29","-35 29 24.3",5.77,"K1III",69123
40354,"08 14 21.01","+13 02 54.0",6.39,"G8III",68776
40357,"08 14 23.88","-45 50 04.4",5.86,"B2IV-V",69302
40361,"08 14 27.05","+20 42 28.1",6.93,"F2",68725
40366,"08 14 29.66","-40 49 33.2",6.62,"B4V",69253
40386,"08 14 42.71","-73 48 26.2",6.64,"A8III",70270
40393,"08 14 49.02","+43 02 06.2",6.83,"A0",68562
40397,"08 14 51.25","-46 29 09.3",6.45,"B3Vnne",69404
40406,"08 14 55.85","-17 16 34.1",6.98,"F5V",69101
40407,"08 14 56.71","-35 41 19.6",6.8,"K1/K2III",69280
40429,"08 15 15.95","-62 54 56.2",5.16,"A+...",69863
40433,"08 15 23.27","-50 26 57.1",6.44,"K3/K4III",69596
40438,"08 15 25.22","-52 03 36.6",6.63,"G1V",69655
40474,"08 15 50.52","+60 22 50.1",6.43,"A7Vm",68457
40476,"08 15 52.57","-30 55 33.3",6.22,"G6:III+...",69445
40478,"08 15 52.86","-46 18 44.6",6.65,"A4IV",69650
40485,"08 15 58.83","-35 54 11.5",6.15,"K2III",69511
40503,"08 16 09.87","+46 48 08.0",6.81,"K5",68831
40514,"08 16 17.45","-86 33 26.7",6.76,"A1IV/V",74566
40520,"08 16 25.17","-39 45 11.2",6.98,"G8III",69674
40526,"08 16 30.95","+09 11 08.4",3.53,"K4III",69267
40543,"08 16 44.56","-21 52 55.5",6.97,"B3III",69562
40556,"08 16 52.95","-64 11 13.6",6.67,"B8V",70200
40559,"08 16 53.96","+84 03 27.7",6.45,"A3IV",65299
40561,"08 16 54.23","-21 19 14.4",6.6,"A0V",69589
40570,"08 16 58.08","+59 11 21.8",6.58,"K0",68771
40581,"08 17 09.61","-03 21 49.3",6.72,"B9",69502
40597,"08 17 18.47","+04 13 09.0",6.53,"G0",69479
40600,"08 17 19.58","-47 55 12.4",6.87,"B5Vn",69973
40604,"08 17 23.14","-16 17 06.3",6.32,"A1V",69665
40608,"08 17 28.36","-32 52 12.3",6.94,"A1IV",69818
40617,"08 17 31.66","+08 51 58.8",6.28,"G8III",69478
40639,"08 17 46.15","-36 04 03.3",6.42,"M0III + A3/5",69904
40646,"08 17 50.42","+59 34 16.1",5.63,"A7IV",68930
40655,"08 17 55.79","-59 10 00.3",6.47,"F5V",70267
40656,"08 17 58.26","-30 00 13.3",6.43,"K0III",69879
40658,"08 17 59.36","+06 14 02.7",6.99,"K0",69632
40673,"08 18 12.80","-37 22 28.6",6.67,"A0IV",70003
40675,"08 18 14.43","+15 40 40.6",6.42,"K0",69629
40677,"08 18 15.81","+54 08 37.6",6.26,"K5",69149
40678,"08 18 17.39","-35 27 06.1",5.59,"K2III",70002
40680,"08 18 18.78","-65 36 47.7",5.06,"K1III",70514
40693,"08 18 23.78","-12 37 47.2",5.95,"K0V",69830
40699,"08 18 28.86","+54 33 50.0",6.61,"A5",69174
40702,"08 18 31.27","-76 55 11.9",4.05,"F5III",71243
40706,"08 18 33.39","-36 39 34.3",4.44,"A4m...",70060
40713,"08 18 37.34","-14 33 59.0",6.96,"A1V",69901
40743,"08 18 58.96","+56 15 17.0",6.84,"K5",69263
40749,"08 19 05.60","-48 11 52.4",6.45,"B3V",70309
40754,"08 19 08.70","+16 07 18.8",6.98,"A0",69788
40763,"08 19 14.38","-07 33 29.5",6.91,"K5",69966
40766,"08 19 15.11","-10 09 57.0",6.31,"F3IIIp",69997
40772,"08 19 17.18","+62 30 25.7",5.73,"G8III",69148
40777,"08 19 22.27","-20 09 51.4",6.68,"A1IV",70075
40787,"08 19 29.52","-34 35 24.5",6.44,"B8Ib/II",70235
40793,"08 19 32.21","+75 45 24.7",5.55,"G8III",68375
40817,"08 19 49.00","-71 30 54.0",5.33,"B9III/IV",71046
40818,"08 19 49.85","+03 56 53.1",6.04,"G8III",70013
40822,"08 19 53.93","-12 51 25.0",6.77,"K2III",70136
40823,"08 19 55.82","+39 53 05.0",6.76,"K0",69750
40824,"08 19 57.81","-51 56 31.1",6.75,"A5IV:+...",70510
40834,"08 20 00.56","-71 30 19.7",5.63,"A0p",71066
40843,"08 20 03.87","+27 13 07.0",5.13,"F6V",69897
40846,"08 20 04.86","-31 05 52.0",6.9,"K1III",70305
40858,"08 20 12.98","-00 54 32.8",6.18,"F9V",70110
40859,"08 20 17.01","-05 19 47.4",6.12,"K2III",70148
40866,"08 20 20.93","+20 44 52.2",5.8,"K1III",69994
40875,"08 20 26.00","+57 44 35.7",5.89,"F4V",69548
40876,"08 20 27.36","-22 55 28.8",6.12,"G8/K0III",70302
40878,"08 20 29.16","+53 34 27.7",6.5,"F0IV",69682
40879,"08 20 29.21","+09 24 00.6",6.93,"K2",70092
40881,"08 20 32.15","+24 01 20.5",5.92,"B9.5V",70011
40888,"08 20 38.89","-77 29 04.5",4.34,"K0III-IV",71701
40889,"08 20 40.32","+72 24 26.3",6.0,"M0III",68951
40916,"08 21 00.48","-52 13 40.9",6.63,"A0/A1V",70703
40926,"08 21 07.65","-64 06 21.4",6.11,"G6/G8III",70982
40932,"08 21 12.10","-57 58 23.6",5.96,"B1.5III",70839
40940,"08 21 18.80","-14 58 33.1",6.81,"K2III",70409
40941,"08 21 20.29","-01 36 07.1",6.52,"A2pe...",70340
40943,"08 21 21.05","-36 29 03.1",5.18,"B2IV-V+...",70556
40944,"08 21 21.22","-20 04 44.4",5.58,"A3V",70442
40945,"08 21 23.03","-33 03 15.7",4.83,"K2/K3III",70555
40947,"08 21 24.18","-39 37 14.6",6.15,"A4V",70612
40965,"08 21 36.30","-11 02 44.4",6.85,"F0",70438
40990,"08 21 54.66","-17 35 10.7",5.71,"K0III",70523
40993,"08 21 56.99","-10 44 53.3",6.78,"F2",70499
41003,"08 22 04.52","-73 24 00.2",5.28,"A0/A1IV/V",71576
41006,"08 22 08.18","-40 59 29.6",6.96,"F5V",70764
41011,"08 22 09.50","+74 49 12.9",6.4,"K0III...",69054
41012,"08 22 11.51","+02 09 05.2",6.79,"K5",70458
41036,"08 22 30.20","-06 10 45.0",6.14,"A8IV",70574
41037,"08 22 30.86","-59 30 34.3",1.86,"K3III+B2V",71129
41039,"08 22 31.70","-48 29 25.4",4.79,"B1V",70930
41040,"08 22 31.90","+16 09 45.1",6.66,"K0",70433
41060,"08 22 44.06","+60 37 52.5",6.42,"K0III",69976
41067,"08 22 46.87","-13 03 16.8",6.13,"K0III",70673
41068,"08 22 47.46","-00 52 03.2",6.95,"K0",70596
41074,"08 22 49.94","-26 20 53.6",5.88,"F2Iab",70761
41075,"08 22 50.13","+43 11 18.1",4.25,"K5III",70272
41080,"08 22 54.10","-07 32 35.3",5.92,"M1III",70652
41081,"08 22 55.18","-52 07 25.6",5.89,"A0V",71043
41107,"08 23 16.93","-38 17 09.8",6.28,"M2III",70946
41117,"08 23 21.87","+18 19 56.2",5.94,"A9V",70569
41131,"08 23 30.72","-30 48 04.8",6.93,"K1III",70928
41152,"08 23 48.53","+53 13 11.8",5.52,"A3V",70313
41154,"08 23 49.38","-28 58 13.1",6.64,"A0V",70963
41163,"08 23 55.21","+10 37 55.6",6.11,"M2III",70734
41166,"08 23 56.20","-01 29 52.7",6.91,"G5",70804
41174,"08 24 08.44","-19 08 08.5",6.88,"K0III",70942
41191,"08 24 20.38","-80 54 53.0",5.67,"G8III",72922
41208,"08 24 33.11","+82 25 51.0",6.28,"A2Vn",67934
41211,"08 24 35.14","-03 45 04.2",5.61,"F3V",70958
41214,"08 24 36.42","-04 43 00.7",6.03,"F2V",70937
41223,"08 24 40.99","-55 21 51.8",6.81,"B6III/IV",71405
41224,"08 24 42.77","+42 00 18.8",6.02,"K5III",70647
41236,"08 24 52.79","-23 41 21.3",6.97,"F7V",71142
41239,"08 24 53.21","+76 57 53.4",6.96,"K0",69408
41242,"08 24 55.20","-23 09 13.7",5.67,"A1III/IV",71141
41250,"08 24 57.22","-42 46 11.5",5.97,"B3V",71302
41252,"08 24 58.37","-15 17 39.1",6.76,"A4IV",71099
41255,"08 25 00.40","-12 45 53.2",6.89,"B4III/IV",71072
41257,"08 25 01.07","+09 25 33.7",6.76,"K0",70935
41260,"08 25 03.76","-24 02 46.5",5.32,"K4/K5III",71176
41262,"08 25 04.90","+35 00 41.2",6.08,"K0",70771
41266,"08 25 09.31","-55 28 22.2",6.61,"Ap Si",71491
41268,"08 25 10.77","-31 56 24.7",6.81,"B8IV",71255
41280,"08 25 18.31","-22 08 25.2",6.93,"G8III",71197
41282,"08 25 19.02","-21 02 46.0",6.01,"F2/F3V",71196
41285,"08 25 22.24","-55 44 55.2",6.95,"A2m...",71549
41293,"08 25 30.27","-58 07 59.6",6.65,"B7IV",71634
41296,"08 25 31.34","-51 43 38.8",5.18,"B2V",71510
41299,"08 25 35.55","+02 06 08.1",5.74,"K5III",71095
41303,"08 25 37.40","-08 57 21.8",6.51,"K0",71172
41306,"08 25 39.37","-17 26 21.9",6.44,"K1III",71231
41307,"08 25 39.67","-03 54 22.9",3.91,"A0V",71155
41312,"08 25 44.25","-66 08 11.5",3.77,"K2IIIvar",71878
41315,"08 25 48.37","+01 34 28.0",6.56,"K0",71136
41319,"08 25 49.99","+17 02 47.9",6.11,"F6V",71030
41321,"08 25 51.62","-64 36 02.4",5.95,"G8/K0III",71863
41323,"08 25 51.92","-42 09 11.2",5.45,"B3V",71459
41325,"08 25 54.79","+07 33 52.3",5.13,"G8II",71115
41328,"08 25 55.60","-14 55 47.1",5.96,"A3m...",71267
41336,"08 26 01.08","-10 30 59.7",6.58,"A2",71253
41343,"08 26 06.27","-08 30 54.3",6.94,"F0",71252
41360,"08 26 17.55","-27 08 41.4",6.99,"F5V",71399
41361,"08 26 17.74","-39 03 32.3",6.07,"B9IV/V",71487
41373,"08 26 25.24","-52 48 27.0",6.05,"A0V",71722
41375,"08 26 27.23","-03 59 14.3",5.6,"A5III-IV",71297
41377,"08 26 27.73","+27 53 37.9",5.58,"K5III",71093
41389,"08 26 39.82","+24 32 03.7",6.51,"F0III",71152
41395,"08 26 42.01","-12 32 04.3",5.52,"K1/K2III",71377
41400,"08 26 43.95","+12 39 17.5",5.56,"M3III",71250
41404,"08 26 47.08","+26 56 07.7",6.3,"A3V+...",71150
41413,"08 26 50.77","-29 12 56.3",6.73,"B9.5V",71523
41426,"08 26 57.83","-52 42 17.4",6.49,"F5V...",71805
41438,"08 27 04.17","-32 11 00.5",6.8,"G0III/IV",71583
41449,"08 27 16.43","-31 40 21.8",6.33,"G8III",71622
41451,"08 27 16.79","-70 05 36.9",5.51,"A0V",72337
41452,"08 27 17.29","-06 24 34.7",6.61,"F4III",71433
41463,"08 27 26.88","-14 56 06.8",6.68,"B2V",71518
41464,"08 27 27.56","-55 00 40.5",6.52,"A0V",71919
41475,"08 27 33.27","-20 50 38.1",6.57,"A1V",71581
41478,"08 27 33.88","-75 21 31.8",6.81,"A2V",72719
41483,"08 27 36.65","-53 05 18.7",5.08,"A9/F0III/IV",71935
41484,"08 27 36.80","+45 39 13.8",6.32,"G5V",71148
41489,"08 27 40.81","-04 24 53.2",6.83,"F0",71499
41504,"08 27 53.71","-26 07 58.6",6.6,"A1/A2V",71688
41508,"08 27 55.63","+03 13 06.9",6.96,"K0",71515
41515,"08 27 59.43","-35 06 49.6",5.75,"B2V",71801
41519,"08 28 04.13","+35 53 30.7",6.89,"K0",71323
41524,"08 28 07.15","+21 08 55.7",6.87,"G5",71428
41525,"08 28 07.18","+46 14 55.9",6.97,"K0III",71245
41547,"08 28 19.78","-08 48 58.3",6.43,"K0",71665
41564,"08 28 29.16","-02 31 01.6",6.42,"A5m",71663
41572,"08 28 36.06","-23 04 15.5",6.5,"A1/A2V",71815
41574,"08 28 36.80","+24 08 42.2",6.05,"F0Vn",71496
41578,"08 28 37.35","+14 12 39.1",5.94,"A5V",71555
41597,"08 28 51.01","-09 44 54.9",6.01,"F2III",71766
41599,"08 28 52.07","-42 35 15.0",6.61,"B3Vnne",72014
41603,"08 28 53.43","-20 57 01.3",6.69,"B8II",71833
41604,"08 28 53.66","-72 04 54.8",6.88,"A3III",72740
41616,"08 29 04.76","-47 55 44.2",5.33,"B2IV",72108
41618,"08 29 05.59","-43 55 07.9",6.78,"K3/K4III:",72066
41621,"08 29 07.57","-44 09 37.6",5.82,"B2V",72067
41629,"08 29 12.74","+32 41 32.3",6.92,"A0",71537
41639,"08 29 27.49","-44 43 29.4",5.03,"B+...",72127
41640,"08 29 27.56","-27 19 55.7",6.69,"B4V",71997
41644,"08 29 29.82","-54 12 42.5",6.44,"Ap Si",72303
41645,"08 29 30.53","-00 57 36.1",6.7,"K0",71830
41652,"08 29 36.39","+08 25 02.0",6.83,"K0",71795
41653,"08 29 36.40","-55 11 27.3",6.36,"G0V",72322
41674,"08 29 45.65","-46 19 54.2",5.98,"B7IV",72232
41676,"08 29 46.29","+67 17 50.7",5.89,"G8III",71088
41679,"08 29 49.55","+26 11 34.4",6.81,"A0",71729
41704,"08 30 16.03","+60 43 06.4",3.35,"G4II-III",71369
41723,"08 30 28.62","-32 09 33.4",5.61,"K3III",72227
41726,"08 30 29.80","-36 43 16.8",6.78,"M3/M4Ib",72268
41729,"08 30 34.23","+54 07 09.1",6.76,"B9",71554
41737,"08 30 39.24","-44 44 14.4",6.3,"B4V",72350
41746,"08 30 46.45","-41 30 54.2",6.62,"K1III",72348
41757,"08 30 53.50","-15 50 04.8",6.75,"K4III",72173
41781,"08 31 10.64","-47 51 59.9",6.39,"B2.5V",72485
41782,"08 31 10.66","+40 13 29.8",6.71,"A0pvar",71866
41798,"08 31 19.98","+37 15 54.1",6.18,"A0V",71906
41806,"08 31 24.70","-39 03 50.9",6.31,"B5V",72436
41813,"08 31 29.57","-54 23 38.1",6.34,"K3III",72650
41816,"08 31 30.57","+24 04 52.4",5.71,"F0IIIn",72041
41817,"08 31 30.94","-19 34 38.8",5.42,"B9.5IV/V",72310
41822,"08 31 35.77","+18 05 40.4",5.33,"K5III",72094
41828,"08 31 39.65","-47 14 27.8",6.78,"B2.5V",72555
41833,"08 31 41.31","+18 59 16.0",6.5,"K0",72115
41837,"08 31 44.64","-74 51 18.0",6.72,"K0/K1III",73391
41843,"08 31 54.50","+09 48 50.9",6.78,"B9p...",72208
41861,"08 32 04.97","-53 12 43.1",5.68,"G8III+...",72737
41882,"08 32 23.38","-49 36 04.8",6.87,"B2Iape",72754
41893,"08 32 33.39","-15 01 48.7",6.38,"A7IV/V",72462
41894,"08 32 33.44","+53 06 54.1",6.23,"K0IV",71952
41896,"08 32 35.30","-05 53 58.2",6.88,"G5",72412
41899,"08 32 37.62","-14 25 04.7",6.62,"K1/K2III",72474
41904,"08 32 39.87","+10 03 57.7",6.48,"A1V",72359
41905,"08 32 40.51","-47 02 31.7",6.49,"K2III",72752
41907,"08 32 41.88","-73 21 25.1",6.11,"G8III",73468
41909,"08 32 42.52","+20 26 28.6",5.33,"K3III",72292
41926,"08 32 52.26","-31 30 09.7",6.38,"K0V",72673
41927,"08 32 53.27","+69 19 11.9",6.31,"K0",71553
41928,"08 32 53.78","-47 36 19.9",6.57,"B9Iab:",72800
41935,"08 32 55.06","+38 01 00.4",5.88,"K2III",72184
41939,"08 32 58.51","-34 38 02.6",6.36,"G8III",72688
41940,"08 33 00.14","+24 05 05.7",6.35,"G9III",72324
41941,"08 33 01.87","-45 45 10.5",6.36,"B5III",72798
41949,"08 33 04.85","-24 36 24.8",6.19,"F2IV/V",72626
41961,"08 33 10.85","-05 13 21.4",6.8,"A2",72506
41970,"08 33 19.87","-38 22 14.5",6.48,"B2/B3V",72787
41975,"08 33 21.84","+36 26 11.1",6.2,"F5Vbwvar",72291
41986,"08 33 30.28","-46 58 14.4",6.25,"K3III",72900
41992,"08 33 33.51","-16 06 34.7",6.56,"K0III",72665
42001,"08 33 38.45","-38 50 55.8",5.92,"B5III",72832
42008,"08 33 43.49","+04 45 25.3",5.89,"G5III",72561
42010,"08 33 45.06","+13 15 26.7",6.26,"K0III",72505
42019,"08 33 55.09","+58 36 26.3",6.87,"A0",72113
42028,"08 34 01.64","-02 09 05.8",5.8,"A1V",72660
42029,"08 34 01.72","-25 05 57.8",6.99,"A2/A3V",72795
42033,"08 34 04.34","-41 40 44.1",6.74,"K2III",72958
42038,"08 34 09.60","-53 04 17.5",6.79,"B3V",73105
42042,"08 34 11.44","-36 54 22.9",6.69,"F3/F5V",72936
42049,"08 34 13.35","+08 27 08.5",6.04,"F3IV",72617
42059,"08 34 23.31","-82 34 00.8",6.84,"Fm...",75001
42069,"08 34 28.99","-51 05 35.3",6.58,"B5Vn",73127
42070,"08 34 29.26","-37 36 40.3",6.28,"M0III",72993
42071,"08 34 29.73","-27 05 53.5",6.4,"K3III",72913
42072,"08 34 29.77","+47 08 22.6",6.68,"A0",72392
42075,"08 34 31.95","-32 35 54.2",6.41,"G5V",72954
42076,"08 34 33.21","+05 30 14.1",6.63,"K5",72722
42080,"08 34 36.19","+65 08 43.0",5.47,"A2m",72037
42088,"08 34 43.61","-49 56 39.3",5.01,"K1/K2II",73155
42090,"08 34 43.90","+36 25 11.0",5.76,"A2Vnn",72524
42101,"08 34 53.51","+48 32 01.6",6.75,"A0",72441
42119,"08 35 09.35","+00 21 45.7",6.94,"G5",72848
42122,"08 35 11.44","-34 01 27.8",6.7,"K3III",73089
42123,"08 35 12.48","-39 58 14.0",6.44,"G1V",73121
42129,"08 35 15.58","-58 13 29.1",5.27,"B3V+...",73390
42133,"08 35 19.47","+19 35 24.3",6.55,"G0III",72779
42134,"08 35 19.65","-58 00 33.5",4.84,"K0III",73389
42142,"08 35 24.96","+02 44 36.4",6.35,"G9III",72908
42146,"08 35 28.21","-07 58 56.4",5.72,"A1spe...",72968
42147,"08 35 28.72","-26 50 36.7",5.95,"A1V+...",73072
42172,"08 35 51.05","+06 37 13.9",5.91,"F8V",72945
42177,"08 35 52.04","-50 58 10.8",5.79,"B8 Si",73340
42184,"08 36 02.47","+24 03 04.1",6.99,"A0",72884
42187,"08 36 07.71","+15 18 49.3",6.33,"F0IV",72943
42191,"08 36 10.22","-56 42 44.1",6.97,"F6IV",73504
42197,"08 36 15.56","+42 34 47.6",6.98,"A2",72778
42206,"08 36 20.72","-70 40 36.0",6.87,"B7/B8V",73990
42207,"08 36 21.72","-32 15 43.0",6.69,"K1III",73257
42249,"08 36 48.78","+74 43 25.4",6.31,"A2m",71973
42263,"08 37 03.74","-26 24 58.8",6.8,"K0III",73335
42265,"08 37 05.79","+09 39 20.1",5.92,"A3V",73143
42286,"08 37 18.85","-62 51 12.3",5.45,"K0III",73887
42291,"08 37 20.23","-40 08 51.9",6.53,"G1V",73524
42294,"08 37 22.10","+28 17 40.3",6.63,"G5",73080
42299,"08 37 27.17","-04 56 02.4",6.18,"K0",73281
42302,"08 37 29.66","-33 44 44.1",6.51,"F0IV/V",73476
42309,"08 37 33.79","-12 35 08.8",6.7,"F2III",73332
42312,"08 37 38.64","-42 59 20.8",4.11,"A6II",73634
42313,"08 37 39.41","+05 42 13.7",4.14,"A1Vnn",73262
42315,"08 37 39.70","-40 26 08.3",6.88,"M4III",73588
42316,"08 37 39.96","-46 16 57.8",6.86,"B1Ib",73658
42327,"08 37 46.78","+19 16 02.1",6.72,"A5V",73210
42333,"08 37 50.47","-06 48 25.2",6.74,"G0",73350
42334,"08 37 52.17","-26 15 17.9",5.24,"A0V",73495
42342,"08 37 56.09","-74 34 26.0",6.62,"A6/A7IV/V",74461
42348,"08 38 01.65","-11 44 37.4",6.58,"A0",73431
42353,"08 38 05.19","+09 34 28.7",6.54,"A1V",73316
42365,"08 38 19.00","+32 48 07.3",5.96,"K2III:",73192
42368,"08 38 20.28","-06 39 44.3",6.52,"A1V+...",73451
42372,"08 38 22.26","+53 24 05.7",5.66,"G8IV",73017
42381,"08 38 27.85","-62 50 35.7",6.72,"K4III",74088
42388,"08 38 36.74","-74 04 28.7",6.82,"K0IV",74543
42394,"08 38 40.29","-19 44 12.9",6.32,"M1III",73603
42400,"08 38 44.83","-53 05 25.6",6.45,"B8Vn",73952
42402,"08 38 45.45","+03 20 29.3",4.45,"K2III",73471
42403,"08 38 45.55","+23 41 10.6",6.89,"F8",73344
42415,"08 38 59.92","+52 55 30.5",6.34,"K0",73131
42425,"08 39 05.13","-70 23 11.9",5.19,"A0V",74405
42430,"08 39 08.07","-22 39 46.5",5.05,"G3/G5V",73752
42434,"08 39 10.10","+59 56 21.3",6.47,"A2Vn",73029
42438,"08 39 11.74","+65 01 14.5",5.63,"G1.5Vb",72905
42440,"08 39 13.24","-60 19 02.4",6.35,"A0V",74148
42441,"08 39 14.25","-37 28 12.7",6.91,"M1III",73881
42442,"08 39 14.44","-69 16 26.2",6.99,"Ap...",74388
42444,"08 39 14.92","-12 44 14.8",6.65,"A0V",73687
42452,"08 39 17.65","+52 42 42.1",5.91,"K1III:",73171
42455,"08 39 22.21","-36 36 24.5",6.12,"F3/F5V",73900
42459,"08 39 23.87","-53 26 23.4",5.45,"B5V",74071
42462,"08 39 24.57","+08 01 03.6",6.46,"K1III",73599
42472,"08 39 31.87","+32 30 56.4",6.71,"K5",73427
42482,"08 39 40.89","-29 04 57.4",6.94,"K0III",73879
42483,"08 39 42.49","-29 33 39.1",4.86,"G5III",73898
42484,"08 39 42.64","+73 37 47.7",6.16,"G7III",72582
42485,"08 39 42.68","+19 46 42.5",6.65,"F0III",73575
42497,"08 39 50.74","+19 32 27.0",6.59,"K0III",73598
42502,"08 39 53.54","-17 18 09.4",6.59,"M6III",73844
42503,"08 39 56.37","+32 43 38.5",6.7,"K0",73508
42504,"08 39 57.62","-53 03 17.2",5.18,"B4IV",74146
42505,"08 39 59.19","-59 32 48.9",6.78,"B8IV",74236
42509,"08 40 01.52","-12 28 31.3",4.98,"K3III",73840
42515,"08 40 06.14","-35 18 29.9",3.97,"G5II/III",74006
42516,"08 40 06.44","+20 00 28.1",6.39,"K0III",73665
42523,"08 40 11.47","+19 58 16.2",6.61,"A1V",73666
42527,"08 40 12.90","+64 19 40.3",4.59,"K2III",73108
42528,"08 40 13.35","+06 33 55.9",6.6,"K0",73764
42535,"08 40 17.49","-53 00 55.6",5.56,"B7Vn",74196
42536,"08 40 17.61","-52 55 19.1",3.6,"B3IV",74195
42537,"08 40 18.04","+01 55 12.9",6.76,"K2",73801
42538,"08 40 18.31","+31 56 31.1",6.21,"F5III",73596
42540,"08 40 19.22","-40 15 50.0",5.2,"Ap (SiCr)",74067
42542,"08 40 20.17","+19 20 56.5",6.76,"A9V",73712
42544,"08 40 21.13","-42 23 21.4",6.85,"A3V",74105
42549,"08 40 22.11","+19 40 11.9",6.42,"K0III",73710
42556,"08 40 27.03","+19 32 41.4",6.29,"Am",73731
42560,"08 40 32.55","+10 55 27.0",6.78,"K0",73799
42562,"08 40 33.68","+33 16 38.3",6.74,"K0",73638
42564,"08 40 35.26","-45 11 28.0",5.67,"M0III",74167
42568,"08 40 37.04","-59 45 39.7",4.31,"B1.5III",74375
42570,"08 40 37.58","-46 38 55.5",3.77,"F3Ia",74180
42576,"08 40 42.99","+51 25 50.3",6.88,"G5",73447
42578,"08 40 43.23","+19 43 09.6",6.83,"A9III",73785
42579,"08 40 43.55","-57 32 43.9",6.34,"A3V",74341
42595,"08 40 53.40","-48 13 31.9",6.95,"B2V",74234
42600,"08 40 56.32","+19 34 49.3",6.77,"A6Vn",73819
42604,"08 41 01.05","+45 50 01.6",5.35,"G0IV",73593
42606,"08 41 01.64","-09 03 07.2",6.64,"A1Vn",73997
42613,"08 41 04.71","-66 48 58.8",6.71,"B8V",74638
42614,"08 41 05.32","-48 55 21.7",5.9,"B1.5V",74273
42624,"08 41 13.14","-47 19 01.7",4.74,"A5II",74272
42628,"08 41 15.31","+20 28 36.8",6.72,"A0III",73871
42637,"08 41 19.60","-78 57 48.3",5.46,"B9IV",75416
42653,"08 41 34.91","-44 59 31.0",6.7,"B3V",74319
42662,"08 41 43.33","-15 56 35.3",4.87,"K0IIICN...",74137
42673,"08 41 50.10","+19 52 27.1",6.9,"K0III",73974
42679,"08 41 56.91","-45 24 38.6",5.2,"B5Iab",74371
42701,"08 42 09.83","-11 57 57.5",6.46,"A5m",74190
42712,"08 42 16.20","-48 05 56.8",5.48,"B1.5Vn",74455
42715,"08 42 19.02","-53 06 00.4",5.49,"B8...",74535
42717,"08 42 20.90","-55 46 28.8",6.26,"K2III",74622
42726,"08 42 25.41","-53 06 50.5",4.83,"B3IV",74560
42728,"08 42 28.31","-47 31 16.4",6.73,"A0m...",74496
42739,"08 42 36.99","-04 24 36.6",6.9,"K2",74216
42754,"08 42 47.45","-46 48 26.9",6.92,"A7III",74558
42760,"08 42 51.30","+73 10 09.2",6.95,"A0",73190
42769,"08 42 53.79","-09 48 19.8",6.9,"A2",74294
42775,"08 42 57.01","-35 56 36.1",6.42,"A0V",74475
42777,"08 43 00.19","+46 54 03.6",6.21,"G8III",73971
42788,"08 43 06.89","-45 33 42.3",6.87,"K3III",74599
42794,"08 43 12.31","-79 04 12.5",6.05,"A7V",75747
42795,"08 43 12.34","+12 40 51.1",5.62,"A3V+...",74228
42799,"08 43 13.49","+03 23 55.2",4.3,"B3V...",74280
42806,"08 43 17.21","+21 28 06.9",4.66,"A1IV",74198
42808,"08 43 18.26","-38 52 59.5",6.58,"K2V",74576
42819,"08 43 30.01","-61 41 19.1",6.85,"Ap Si",74888
42828,"08 43 35.55","-33 11 11.1",3.68,"B1.5III",74575
42834,"08 43 40.28","-49 49 22.1",5.15,"B0IIIn",74753
42835,"08 43 40.38","-07 14 01.4",4.63,"G2Ib",74395
42850,"08 43 54.33","-68 12 41.9",6.33,"K3III:",75116
42854,"08 43 59.79","+04 20 04.5",6.37,"B9.5III-IV",74393
42857,"08 44 00.80","-38 46 46.1",6.99,"G8III",74674
42871,"08 44 10.15","+36 55 06.7",6.54,"F7V",74243
42879,"08 44 18.72","-37 31 36.6",6.78,"K3III",74731
42884,"08 44 23.97","-42 38 57.6",4.05,"G5III",74772
42895,"08 44 30.05","-65 49 32.5",6.03,"A9V",75171
42899,"08 44 31.20","+05 17 09.0",6.87,"A0",74486
42911,"08 44 41.11","+18 09 17.5",3.94,"K0III",74442
42912,"08 44 41.45","-23 47 17.9",6.72,"K3III",74690
42913,"08 44 42.20","-54 42 30.8",1.93,"A1V",74956
42915,"08 44 42.76","-74 47 17.0",6.66,"K2III",75590
42917,"08 44 45.04","+10 04 54.2",5.63,"A1p...",74521
42922,"08 44 50.92","-44 32 34.5",6.56,"G3IV",74868
42923,"08 44 51.93","-37 08 50.1",5.74,"B2III",74824
42928,"08 44 55.16","-21 10 04.2",6.1,"A5V",74706
42931,"08 45 01.28","+05 40 50.1",6.13,"A6V",74591
42936,"08 45 05.55","-58 43 27.6",6.2,"B7III",75086
42937,"08 45 08.81","-32 14 56.6",6.89,"F0V",74822
42949,"08 45 17.43","-06 58 42.6",6.66,"K0",74702
42951,"08 45 20.77","-02 36 03.7",6.41,"F2+...",74688
42954,"08 45 21.42","+30 41 51.9",6.12,"G5III",74485
42957,"08 45 23.34","+00 11 52.0",6.55,"G5",74686
42970,"08 45 29.65","+18 49 02.9",6.77,"F2",74607
42981,"08 45 34.84","+04 39 52.4",6.45,"K0",74685
42983,"08 45 37.87","+37 17 30.2",6.95,"F0",74483
42984,"08 45 38.13","-77 04 31.0",6.85,"A1V",75893
42989,"08 45 43.95","-55 51 18.0",6.77,"A8III:m",75152
42997,"08 45 47.50","-44 14 52.9",6.7,"B8IV/V",75009
43002,"08 45 49.30","-25 23 17.2",6.07,"A3IV/V",74879
43005,"08 45 51.11","-37 52 38.4",6.87,"A1/A2IV",74978
43012,"08 45 55.23","-79 30 16.5",5.79,"K5III",76236
43013,"08 45 56.63","-32 09 49.9",6.84,"K1III",74948
43015,"08 45 58.27","-54 57 37.5",6.99,"G5/G6III",75168
43023,"08 46 01.65","-46 02 29.5",3.87,"A1III",75063
43026,"08 46 02.45","-02 02 55.6",5.7,"K0III:",74794
43035,"08 46 06.89","-11 00 24.5",6.22,"K5III",74860
43039,"08 46 09.56","-10 49 47.5",6.79,"M3",74859
43057,"08 46 19.42","-47 32 59.6",6.87,"B5Ib",75129
43067,"08 46 22.53","-13 32 51.7",4.32,"G8III",74918
43068,"08 46 22.77","+82 14 21.6",6.86,"A0",72520
43073,"08 46 23.77","-41 07 31.4",6.21,"B9V",75081
43082,"08 46 30.55","-45 54 45.1",5.43,"B3Ia",75149
43100,"08 46 40.00","+28 45 54.6",6.58,"G8II...",74738
43103,"08 46 41.83","+28 45 36.0",4.03,"G8Iab:",74739
43105,"08 46 42.56","-56 46 11.3",4.5,"B3Vne",75311
43108,"08 46 45.54","-18 45 28.1",6.6,"K0III",74991
43109,"08 46 46.65","+06 25 08.1",3.38,"G0III-IV",74874
43114,"08 46 49.25","-34 37 22.7",6.33,"B3V",75112
43121,"08 46 56.06","+12 06 36.3",5.89,"A1V",74873
43128,"08 47 05.38","-45 04 29.2",6.6,"B4IV",75241
43129,"08 47 07.31","+28 09 43.0",6.6,"G2IV",74811
43142,"08 47 15.01","-01 53 49.4",5.28,"A3V",74988
43148,"08 47 18.85","-46 09 19.5",5.71,"F0Ib",75276
43152,"08 47 21.48","-17 03 10.3",6.48,"A2V",75098
43156,"08 47 23.87","-34 36 01.4",6.66,"K4III",75199
43176,"08 47 40.36","-38 59 31.1",6.99,"B9.5V",75272
43177,"08 47 40.41","-41 44 10.5",6.35,"G0Ia0:",75289
43179,"08 47 43.92","-38 56 29.4",6.96,"B2V",75271
43186,"08 47 51.53","-33 23 54.1",6.81,"K1III",75254
43195,"08 48 00.24","-52 51 00.7",6.29,"B8V",75466
43197,"08 48 00.84","-49 34 28.9",6.71,"F5IV/V",75426
43204,"08 48 04.87","-06 33 31.5",6.09,"K0",75140
43209,"08 48 08.79","-42 27 48.5",6.43,"B2IV",75387
43215,"08 48 14.63","-28 38 19.6",6.42,"M5III",75306
43234,"08 48 25.98","+05 50 16.4",4.35,"A0Vn",75137
43241,"08 48 32.85","+02 33 49.4",6.93,"K0",75175
43245,"08 48 37.04","+10 25 58.9",6.91,"M4III:",75157
43246,"08 48 37.48","-01 02 41.4",6.42,"K0",75217
43251,"08 48 39.55","+12 32 49.0",6.66,"M3.5III:",75156
43266,"08 48 49.28","+66 42 29.4",6.2,"B8V",74604
43305,"08 49 21.74","-03 26 34.7",5.3,"B9MNp...",75333
43325,"08 49 39.17","-40 19 12.6",5.47,"A2/A3IV",75630
43330,"08 49 40.50","-08 38 16.8",6.82,"A5",75422
43338,"08 49 44.94","-21 02 53.9",6.48,"A6IV",75495
43347,"08 49 47.65","-45 18 28.5",4.94,"A2III",75710
43350,"08 49 48.75","+07 00 53.2",6.67,"K0",75374
43351,"08 49 50.14","-72 33 04.5",6.1,"A3m...",76270
43352,"08 49 51.50","-32 46 49.5",5.19,"G8III",75605
43354,"08 49 52.40","-39 08 30.1",6.38,"A2/A3II/III",75654
43362,"08 49 57.47","+06 32 50.0",6.94,"B9",75390
43370,"08 50 02.24","-29 27 46.8",5.86,"G8III",75629
43392,"08 50 21.02","-42 05 23.3",6.0,"O9V",75759
43394,"08 50 21.65","-28 37 03.4",6.17,"B9V",75649
43396,"08 50 23.36","-35 55 49.7",6.9,"B5IV",75722
43397,"08 50 24.68","-04 11 50.1",6.92,"K0",75529
43409,"08 50 32.01","-27 42 36.2",4.02,"K3III",75691
43410,"08 50 32.27","+33 17 06.9",6.22,"F7Vn",75332
43413,"08 50 33.46","-46 31 45.1",5.09,"B0III",75821
43414,"08 50 34.68","-66 47 35.6",5.34,"F5IV",76143
43421,"08 50 40.42","+18 00 12.2",6.7,"G5",75470
43426,"08 50 44.38","+35 04 14.5",6.86,"F8",75353
43427,"08 50 45.13","+18 49 56.1",6.41,"A2Vs",75469
43431,"08 50 46.60","+78 09 54.6",6.93,"M5III",74225
43454,"08 51 01.53","+15 21 01.7",6.36,"G2IV",75528
43486,"08 51 27.84","-42 30 16.4",6.54,"A2Vn",75926
43496,"08 51 34.44","-07 10 38.0",5.55,"A4m",75737
43499,"08 51 36.53","-57 38 01.0",5.59,"B8III",76113
43513,"08 51 45.57","-55 48 31.9",6.69,"B6III",76131
43520,"08 51 50.05","-44 09 03.4",6.38,"B3V",76004
43528,"08 51 55.60","-40 59 11.8",6.49,"Ap...",75989
43531,"08 51 56.84","+43 43 35.4",5.15,"K0III",75506
43550,"08 52 10.05","+42 00 10.4",5.98,"K0III",75556
43553,"08 52 11.78","+45 18 46.4",5.96,"K0III",75523
43557,"08 52 16.30","+08 03 48.6",6.57,"G0",75767
43565,"08 52 20.43","-12 48 30.4",6.83,"F8IV",75881
43570,"08 52 24.18","+05 20 25.2",6.34,"A5V",75811
43571,"08 52 24.72","-55 20 30.0",6.79,"A0V",76214
43573,"08 52 26.14","-32 30 33.5",6.49,"K2/K3III",76001
43575,"08 52 28.60","+28 15 33.0",6.25,"M3III",75716
43580,"08 52 30.74","-13 13 58.6",6.12,"K1III",75916
43584,"08 52 34.62","+32 28 26.8",5.67,"A8Vms",75698
43587,"08 52 36.13","+28 19 53.0",5.96,"G8V",75732
43589,"08 52 38.62","-48 21 32.8",5.92,"B3Vn",76161
43590,"08 52 38.70","-36 32 43.2",6.41,"G8III+...",76072
43593,"08 52 40.83","-52 07 44.2",6.39,"A0V",76230
43602,"08 52 47.75","-47 23 39.5",6.81,"B9IV/V",76186
43603,"08 52 48.02","-38 43 26.9",5.79,"K5/M0III",76110
43620,"08 53 03.80","-56 38 58.5",6.02,"A0V",76346
43623,"08 53 05.35","-16 57 08.5",6.43,"K1III",76027
43624,"08 53 05.93","+59 03 22.1",6.35,"F5IV-V",75487
43625,"08 53 06.13","+52 23 24.5",6.92,"F5",75616
43635,"08 53 12.01","+17 22 07.1",6.87,"F2",75864
43644,"08 53 22.57","+61 57 44.0",5.72,"F2III",75486
43651,"08 53 29.36","-11 23 30.9",6.98,"K5",76053
43669,"08 53 48.67","-60 21 14.2",5.78,"B5III",76538
43671,"08 53 50.60","-47 31 14.6",5.31,"Am",76360
43673,"08 53 50.76","-40 26 51.2",6.42,"K0II/III+..",76304
43683,"08 53 55.35","+19 58 01.7",6.68,"F8",75974
43685,"08 53 55.70","+35 32 18.0",6.14,"A4III",75896
43717,"08 54 12.77","-43 29 56.3",6.97,"K5III",76380
43721,"08 54 14.70","+30 34 45.0",5.4,"G7III",75959
43726,"08 54 18.19","-05 26 04.3",6.01,"G3V",76151
43746,"08 54 38.25","-11 22 38.9",6.59,"K5",76243
43763,"08 54 54.05","-58 14 22.9",6.36,"B5V",76640
43766,"08 54 55.95","+26 11 57.8",6.73,"G5V",76095
43774,"08 54 58.38","-03 33 20.2",6.98,"A2",76273
43783,"08 55 02.86","-60 38 41.0",3.84,"B8III",76728
43797,"08 55 11.76","-54 57 56.0",5.7,"F6V",76653
43798,"08 55 12.42","-18 14 28.3",5.75,"K2/K3III",76376
43805,"08 55 17.10","-11 22 17.9",6.86,"A0",76352
43807,"08 55 19.21","-45 02 30.1",6.26,"B3IV",76566
43811,"08 55 22.88","+17 13 52.5",6.28,"C6II",76221
43813,"08 55 23.68","+05 56 43.9",3.11,"G8III-IV",76294
43816,"08 55 26.12","+05 33 57.3",6.68,"K2",76311
43822,"08 55 29.60","-07 58 15.9",6.07,"A3",76369
43825,"08 55 31.52","-27 40 53.9",4.87,"A3IV",76483
43834,"08 55 39.69","+27 55 39.2",5.23,"G8II-III",76219
43837,"08 55 40.64","-02 47 27.0",6.93,"K0",76366
43850,"08 55 54.49","-15 26 22.0",6.47,"K2III",76478
43851,"08 55 55.56","+11 37 33.8",5.44,"K5III",76351
43853,"08 55 55.93","-23 49 06.3",6.39,"A4V",76512
43871,"08 56 13.45","+24 26 52.5",6.74,"F3V",76333
43878,"08 56 19.28","-52 43 24.6",4.68,"B5V",76805
43880,"08 56 19.96","-37 07 20.9",6.85,"G1V",76668
43894,"08 56 30.58","+40 12 05.6",5.9,"F3III",76292
43898,"08 56 33.84","+45 45 50.8",6.84,"F0",76238
43899,"08 56 34.13","-16 42 31.3",5.95,"K3III",76579
43902,"08 56 37.04","+04 14 11.7",6.13,"G8II-III",76494
43903,"08 56 37.49","+64 36 14.5",5.57,"G6III",75958
43908,"08 56 41.88","-85 39 47.6",5.43,"F0III",79837
43920,"08 56 49.72","-17 26 00.2",6.56,"F3/F5V",76635
43923,"08 56 50.06","+45 37 54.3",5.72,"K1IV",76291
43930,"08 56 55.90","-73 55 19.1",6.99,"K3III",77440
43932,"08 56 56.63","+32 54 38.1",5.44,"A7IV",76398
43933,"08 56 56.92","+56 53 20.2",6.97,"K2",76169
43937,"08 56 58.43","-59 13 45.7",4.93,"B2IV-V",77002
43954,"08 57 07.45","+44 24 33.4",6.93,"G8III",76348
43957,"08 57 08.30","+17 08 37.8",6.17,"K1III",76508
43966,"08 57 13.66","+02 31 29.6",6.95,"F2",76583
43970,"08 57 14.91","+15 19 21.8",5.22,"A5III",76543
43976,"08 57 18.73","+32 26 42.6",6.99,"A5",76461
43984,"08 57 25.19","+58 13 07.6",6.89,"A2",76216
44001,"08 57 35.16","+15 34 52.4",5.68,"F0IV",76582
44010,"08 57 42.03","+09 23 16.0",6.19,"G8III",76629
44024,"08 57 55.57","-48 34 22.6",5.88,"G8/K0II",77020
44030,"08 57 58.51","-04 51 33.2",6.68,"F2",76735
44031,"08 57 58.63","+30 14 01.5",6.25,"F6V",76572
44042,"08 58 08.22","+01 32 29.8",6.59,"A2V",76757
44056,"08 58 18.31","+18 18 30.0",6.56,"A0",76706
44064,"08 58 27.39","+35 48 09.6",6.65,"A2V",76595
44066,"08 58 29.20","+11 51 28.0",4.26,"A5m",76756
44075,"08 58 43.78","-16 07 59.7",5.8,"F7/F8IV/V",76932
44081,"08 58 46.04","-64 31 49.8",6.9,"G8III",77373
44083,"08 58 46.35","-16 44 54.8",6.98,"K1III",76947
44093,"08 58 52.43","-47 14 05.4",5.17,"Am",77140
44096,"08 58 55.38","-15 59 05.6",6.74,"K4III",76962
44099,"08 58 55.81","-68 08 21.4",6.93,"B7V",77493
44126,"08 59 10.76","+18 08 06.1",6.3,"M4IIIvar",76830
44127,"08 59 12.84","+48 02 32.5",3.12,"A7IV",76644
44130,"08 59 15.85","-28 48 21.9",6.24,"G8III",77087
44135,"08 59 20.67","-63 28 00.7",6.93,"A0V",77455
44142,"08 59 24.33","+45 44 18.7",6.64,"A0",76704
44143,"08 59 24.38","-59 05 03.8",5.17,"F3V",77370
44148,"08 59 26.89","+13 04 27.9",6.49,"K5III",76908
44154,"08 59 32.68","+32 25 07.1",5.23,"G9III",76813
44162,"08 59 39.94","-19 12 28.1",6.19,"F5IV/V",77084
44164,"08 59 42.75","-27 48 58.3",6.88,"G5V",77137
44175,"08 59 53.69","-22 41 29.8",6.96,"F5V",77127
44180,"08 59 57.96","+26 26 04.1",6.86,"A2",76924
44181,"09 00 01.09","-49 33 28.7",6.88,"G5Ib:",77321
44191,"09 00 05.44","-41 15 13.5",4.45,"Fp",77258
44192,"09 00 06.02","-74 23 59.8",6.85,"B9V",77981
44213,"09 00 22.26","-43 10 26.4",6.04,"B3Vne",77320
44231,"09 00 30.81","+37 36 15.7",6.21,"K5",76944
44245,"09 00 38.00","-51 33 20.1",6.7,"B2V + B2V",77464
44248,"09 00 38.75","+41 47 00.4",3.96,"F5V",76943
44256,"09 00 45.75","-60 57 49.8",5.8,"G8II",77615
44268,"09 00 53.35","-24 09 13.2",6.94,"A0/A1V",77285
44283,"09 01 08.49","-68 41 02.1",5.89,"M1III",77887
44290,"09 01 11.40","-26 39 48.9",6.2,"K1IIICN...",77361
44299,"09 01 20.88","-41 51 51.4",5.56,"B5V",77475
44307,"09 01 24.13","+32 15 08.3",5.89,"A2V",77104
44316,"09 01 31.34","-04 27 21.8",6.65,"K5",77296
44315,"09 01 31.40","+05 38 27.6",6.08,"F3IV+...",77250
44331,"09 01 40.79","+39 42 49.3",6.39,"A9Vn",77093
44337,"09 01 44.57","-52 11 19.4",5.23,"Ap Si",77653
44342,"09 01 48.88","+27 54 10.0",6.07,"A8Vn",77190
44356,"09 01 58.02","-00 28 58.2",5.64,"K0III",77353
44367,"09 02 06.42","-39 24 08.1",6.25,"K1IIICN...",77580
44368,"09 02 06.86","-40 33 17.0",6.91,"B0.5Ib",77581
44382,"09 02 26.80","-66 23 45.0",4.0,"Am",78045
44390,"09 02 32.73","+67 37 46.5",4.74,"M3III",76827
44402,"09 02 42.83","+82 44 41.3",6.99,"F0",75370
44405,"09 02 44.27","+24 27 10.6",5.45,"A0III",77350
44406,"09 02 44.82","+07 17 53.7",5.85,"K3III:",77445
44415,"09 02 51.83","-32 26 24.2",6.94,"B9.5V",77645
44421,"09 03 02.86","+49 56 53.8",6.87,"A2",77227
44423,"09 03 05.35","-53 33 01.4",6.39,"B6V",77907
44431,"09 03 08.83","-25 30 15.1",6.72,"B8V",77665
44437,"09 03 14.61","+06 48 57.4",6.53,"K0",77518
44445,"09 03 18.06","-70 36 23.9",6.93,"F2IV/V",78360
44464,"09 03 32.27","+53 06 29.9",6.87,"K0",77247
44471,"09 03 37.56","+47 09 24.0",3.57,"A1Vn",77327
44476,"09 03 43.43","-05 10 16.9",6.83,"A0",77640
44478,"09 03 45.01","-17 29 47.6",6.58,"K3III",77735
44481,"09 03 47.12","+38 44 31.8",6.7,"M6III",77443
44504,"09 04 00.40","+54 17 02.0",5.74,"A2V",77309
44509,"09 04 05.79","-47 26 29.3",6.46,"B4V",78005
44511,"09 04 09.32","-47 05 51.8",3.75,"K2III",78004
44512,"09 04 09.87","+27 53 53.9",6.67,"A1V",77557
44542,"09 04 31.71","-56 20 36.4",6.81," ",
44545,"09 04 32.85","-56 20 27.8",6.89,"B5V",78190
44565,"09 04 48.00","-57 51 09.5",6.43,"A8III",78293
44568,"09 04 50.02","-46 48 57.8",6.88,"A2V",78133
44574,"09 04 55.12","+32 22 37.2",6.46,"A8V",77660
44596,"09 05 06.62","-29 01 05.4",6.63,"K4III",78035
44599,"09 05 08.83","-72 36 09.7",4.47,"F6II-III",78791
44607,"09 05 18.85","+50 49 26.2",6.77,"F2",77570
44613,"09 05 24.11","+48 31 49.3",5.48,"F6II-III",77601
44626,"09 05 38.38","-70 32 18.7",4.66,"B2IVe",78764
44659,"09 05 58.38","+05 05 32.4",4.99,"K2II-III",77996
44665,"09 06 07.61","-64 29 59.7",6.37,"K3III",78632
44700,"09 06 31.79","+38 27 08.1",4.56,"G8Ib-II",77912
44708,"09 06 34.04","-55 48 08.7",6.1,"B2IV-V",78548
44717,"09 06 43.16","+59 20 40.4",6.44,"A2V",77692
44728,"09 06 51.04","+38 16 42.5",6.61,"F0",77967
44733,"09 06 54.79","-18 12 05.6",6.65,"K1IIICN...",78302
44738,"09 06 59.95","+01 27 45.8",6.16,"M1III",78196
44753,"09 07 14.69","-51 12 42.6",6.72,"K4III",78599
44755,"09 07 16.70","+02 34 53.8",6.66,"F2",78255
44757,"09 07 18.70","-57 27 49.7",6.61,"G6/G8III",78724
44768,"09 07 27.01","+22 58 51.1",6.39,"F5V",78175
44781,"09 07 37.77","+31 12 02.3",6.95,"K2",78139
44790,"09 07 42.52","-44 37 56.8",6.78,"B2II/III",78616
44798,"09 07 44.82","+10 40 05.6",5.23,"B8IIIMNp",78316
44816,"09 07 59.78","-43 25 57.4",2.23,"K4Ib-II",78647
44818,"09 08 00.07","+29 39 15.2",5.42,"G8III",78235
44824,"09 08 02.86","-25 51 30.7",4.62,"K4/K5III",78541
44825,"09 08 04.21","+32 32 25.6",6.47,"F2V",78234
44827,"09 08 05.50","-58 07 47.3",6.94,"G6III/IV",78883
44857,"09 08 23.53","+66 52 24.0",5.15,"K5III",77800
44874,"09 08 36.83","-25 50 22.0",6.77,"G0/G1V",78643
44883,"09 08 42.19","-08 35 22.2",5.6,"B9.5III",78556
44887,"09 08 43.56","-26 46 03.5",6.15,"A4IV",78676
44888,"09 08 44.52","-16 16 37.8",6.48,"K0IIICN...",78614
44892,"09 08 47.42","+26 37 48.0",5.95,"G5IV",78418
44897,"09 08 51.20","+33 52 57.0",5.95,"F9V",78366
44901,"09 08 52.39","+51 36 17.0",4.46,"Am",78209
44904,"09 08 53.43","-53 35 36.4",6.81,"A1/A2III",78949
44916,"09 09 01.89","+07 30 47.6",6.99,"K0",78535
44923,"09 09 04.25","-18 19 43.0",5.73,"A0/A1V",78702
44936,"09 09 11.50","-12 21 27.7",5.76,"G6III",78668
44946,"09 09 21.53","+22 02 43.6",5.16,"K0III",78515
44960,"09 09 34.41","-29 49 01.1",6.67,"G8/K0III",78878
44961,"09 09 35.58","-08 47 15.5",5.47,"G8II",78732
44979,"09 09 45.00","-49 25 27.5",6.48,"A9Vn",79025
44984,"09 09 46.45","+11 33 52.3",6.48,"F2p",78661
44996,"09 09 52.84","-47 28 34.4",6.83,"B4V",79039
45001,"09 09 56.41","-30 21 55.0",5.59,"A4IV",78922
45002,"09 09 57.15","-52 04 58.8",6.19,"K1III",79091
45018,"09 10 10.37","-16 51 45.4",6.98,"F0V",78891
45033,"09 10 20.86","+21 59 47.1",6.04,"G8III",78715
45037,"09 10 23.02","-23 10 36.2",6.53,"A0V",78955
45038,"09 10 23.53","+67 08 03.3",4.8,"F7IV-V",78154
45058,"09 10 38.81","+30 57 47.6",6.04,"M6S",78712
45075,"09 10 54.93","+63 30 49.6",4.67,"Am",78362
45080,"09 10 58.11","-58 58 00.9",3.43,"B2IV",79351
45085,"09 11 04.40","-44 52 04.5",4.99,"B5Ia",79186
45097,"09 11 12.73","+80 49 44.2",6.37,"F2",77246
45101,"09 11 16.77","-62 19 01.3",3.96,"B3IV",79447
45111,"09 11 26.88","+08 58 33.8",6.98,"K2",78969
45114,"09 11 29.25","+00 17 28.7",6.78,"K0",79011
45121,"09 11 32.72","-57 58 06.3",6.59,"B2.5IV",79421
45122,"09 11 33.39","-46 35 02.1",5.78,"B2IV-V",79275
45125,"09 11 37.87","-54 02 13.4",6.73,"B9V",79387
45127,"09 11 40.95","-39 15 31.9",6.05,"B5III",79241
45150,"09 11 55.69","+05 28 07.2",6.34,"A9IVe...",79066
45152,"09 11 56.26","+50 26 23.7",6.69,"A0",78792
45153,"09 11 56.93","+18 02 39.0",6.87,"A0",79009
45158,"09 11 58.77","-19 44 51.9",5.72,"G8III",79181
45166,"09 12 12.27","-76 39 46.5",6.13,"K1III",80194
45167,"09 12 12.91","+03 52 01.2",6.14,"A0V",79108
45168,"09 12 13.89","-45 50 54.3",6.66,"F3/F5V",79403
45170,"09 12 17.87","+14 59 43.6",6.49,"G9V",79096
45176,"09 12 21.90","-28 56 51.5",6.76,"A0V",79290
45184,"09 12 26.05","-07 06 35.6",6.1,"A3m",79193
45189,"09 12 30.54","-43 36 47.9",5.56,"B8V",79416
45214,"09 12 50.63","-60 55 00.5",6.36,"B9V",79699
45219,"09 12 55.62","-59 24 50.3",5.54,"G6II",79698
45238,"09 13 12.24","-69 43 02.9",1.67,"A2IV",80007
45242,"09 13 18.68","-42 16 24.4",6.27,"K2III",79524
45249,"09 13 21.53","-29 39 51.9",6.38,"K5III",79456
45259,"09 13 25.82","-38 36 59.2",6.31,"A0V",79523
45264,"09 13 31.15","-49 05 40.0",6.61,"K5III",79622
45270,"09 13 34.48","-47 20 18.4",5.92,"B9V",79621
45272,"09 13 37.27","+21 16 59.6",6.48,"A2V",79248
45290,"09 13 48.23","+43 13 04.5",5.3,"B8IIIMNp",79158
45296,"09 13 51.94","-61 16 47.3",6.99,"B9II/III",79864
45305,"09 14 03.09","-14 41 41.3",6.46,"G6/G8III/IV",79481
45306,"09 14 03.25","+71 39 21.3",6.52,"G8III-IV",78633
45314,"09 14 08.23","-44 08 45.1",5.85,"B6IV",79694
45328,"09 14 18.02","-55 34 10.9",5.26,"G8II/III",79846
45333,"09 14 20.55","+61 25 24.2",5.18,"F9V",79028
45335,"09 14 21.45","-32 33 24.6",6.61,"K1III",79613
45336,"09 14 21.79","+02 18 54.1",3.89,"B9.5V",79469
45344,"09 14 24.50","-43 13 39.1",5.24,"B4V+...",79735
45349,"09 14 27.86","+25 00 41.9",6.92,"K3III",79373
45367,"09 14 43.74","-43 27 53.7",6.8,"K0III",79810
45378,"09 14 51.99","-01 35 13.5",6.97,"A2",79566
45386,"09 14 57.17","-37 36 08.5",5.85,"K0/K1III+..",79807
45389,"09 14 57.95","+38 36 32.9",6.75,"F2",79392
45410,"09 15 13.88","+14 56 29.5",5.36,"K1III",79554
45412,"09 15 14.36","+34 38 00.2",5.98,"G6III",79452
45413,"09 15 14.64","-45 33 19.8",6.25,"B8V",79900
45418,"09 15 17.66","-58 23 18.2",6.02,"B7IV",80094
45421,"09 15 21.24","+84 10 51.6",6.3,"F2III",76990
45422,"09 15 22.35","-08 28 57.7",6.96,"F0",79707
45424,"09 15 24.95","-15 01 29.5",6.32,"A0V",79752
45436,"09 15 34.58","-33 19 26.0",6.84,"K2III",79857
45437,"09 15 34.73","-57 34 39.9",6.32,"G8II",80126
45439,"09 15 36.76","-38 34 11.7",4.92,"K1III",79917
45448,"09 15 45.07","-37 24 47.3",4.63,"F3/F5V",79940
45455,"09 15 49.81","+56 44 29.3",5.28,"K5III",79354
45461,"09 15 52.75","+72 56 47.3",5.93,"F0III",78935
45481,"09 16 04.03","-44 53 55.4",6.02,"A1Ib+...",80057
45493,"09 16 11.28","+54 01 18.2",4.8,"A5V",79439
45496,"09 16 12.10","-57 32 29.2",4.34,"M1III",80230
45505,"09 16 23.04","-44 15 56.7",5.12,"K3Ib",80108
45511,"09 16 27.58","-13 50 03.0",6.82,"A3V",79914
45521,"09 16 40.03","+00 43 44.7",6.73,"F5",79873
45522,"09 16 40.08","-49 34 43.4",6.96,"K0/K1III+..",80210
45526,"09 16 41.38","-08 44 41.1",5.49,"B9III",79931
45527,"09 16 41.72","-06 21 11.4",5.24,"K2III",79910
45543,"09 16 57.05","-11 06 10.6",6.45,"K0",79994
45544,"09 16 57.10","-39 24 05.2",5.31,"K2III",80170
45545,"09 16 58.00","-45 00 43.1",6.75,"A0V",80205
45550,"09 17 01.40","+77 04 27.0",6.98,"A0",78846
45556,"09 17 05.43","-59 16 30.9",2.21,"A8Ib",80404
45559,"09 17 07.73","-14 34 26.6",5.83,"K0III",80050
45565,"09 17 12.29","+01 55 46.7",6.82,"F0",79972
45566,"09 17 13.63","-67 40 35.2",6.79,"K1III",80603
45571,"09 17 17.40","-68 41 22.5",5.38,"F4V",80671
45572,"09 17 17.94","+33 30 03.5",6.85,"G5",79838
45581,"09 17 25.21","-74 53 39.8",5.28,"A1V",80951
45585,"09 17 27.63","-74 44 04.8",5.86,"A0V",80950
45590,"09 17 31.17","+46 49 01.9",5.96,"A1V",79763
45592,"09 17 32.92","+00 33 17.8",6.96,"A0",80046
45595,"09 17 35.89","+27 25 19.9",6.77,"F6V",79929
45603,"09 17 42.31","-54 29 41.5",6.33,"K3III",80435
45606,"09 17 45.67","+23 04 43.8",6.97,"K0",79990
45614,"09 17 51.36","+11 30 04.1",6.4,"A2IV",80064
45615,"09 17 51.67","-67 03 03.2",6.14,"K2III",80710
45631,"09 18 05.89","-51 03 03.2",5.26,"B7/B8III",80456
45659,"09 18 24.94","-57 16 23.1",6.78,"K2Ib/II",80577
45661,"09 18 25.94","+35 21 50.9",5.94,"A8V",80024
45667,"09 18 31.95","-39 02 38.0",6.89,"A1V",80432
45675,"09 18 42.36","-51 33 38.4",5.83,"B7Iab",80558
45688,"09 18 50.67","+36 48 10.4",3.82,"A1V",80081
45697,"09 18 58.00","-16 48 02.8",6.98,"A3III/IV",80369
45699,"09 18 58.91","+17 42 20.4",6.61,"F5",80218
45714,"09 19 09.40","-56 21 56.1",6.84,"A3Vs",80726
45722,"09 19 15.35","+46 56 37.7",6.91,"A0",80079
45723,"09 19 15.37","+26 15 06.9",6.61,"K4III",80217
45742,"09 19 32.49","-55 11 11.4",6.28,"B5V",80781
45743,"09 19 33.11","-15 50 04.3",5.79,"K1/K2III",80479
45744,"09 19 33.93","-11 18 54.0",6.62,"A2Vs",80447
45751,"09 19 46.40","-11 58 29.6",4.77,"G8III",80499
45754,"09 19 47.94","-34 06 11.9",6.4,"B8V",80590
45758,"09 19 51.20","+05 12 57.9",6.62,"A5",80425
45764,"09 19 55.78","+74 01 00.3",6.42,"G8III",79517
45796,"09 20 15.22","-45 10 23.6",6.7,"K2III",80777
45802,"09 20 21.02","-09 36 36.4",6.99,"F4V",80550
45811,"09 20 29.03","-09 33 20.3",4.8,"F5V+...",80586
45813,"09 20 29.45","+52 27 03.5",6.54,"A0",80233
45814,"09 20 29.68","-37 34 53.9",6.04,"K3/K4III",80774
45817,"09 20 31.86","-61 59 35.0",6.91,"B5Vn",81038
45824,"09 20 36.68","+00 10 54.3",6.66,"M4III",80567
45836,"09 20 43.79","+51 15 56.6",6.14,"F3V",80290
45837,"09 20 44.32","-31 45 36.8",6.8,"B+...",80773
45854,"09 20 55.46","-15 37 03.2",6.3,"F6V",80719
45856,"09 20 56.83","-62 24 16.7",4.79,"G6III",81101
45858,"09 20 59.40","+38 11 17.9",6.12,"F3V+...",80441
45860,"09 21 03.46","+34 23 33.1",3.14,"M0IIIvar",80493
45866,"09 21 09.02","+02 56 27.7",6.99,"F2",80678
45874,"09 21 15.37","+15 22 16.9",6.57,"A1V",80613
45875,"09 21 15.51","+39 39 59.5",6.66,"K0",80492
45879,"09 21 18.54","+13 06 41.9",6.67,"F8V",80654
45888,"09 21 23.61","+45 22 12.5",6.4,"K0",80461
45894,"09 21 25.50","+16 35 54.3",6.98,"A5",80652
45896,"09 21 27.17","+32 54 07.9",6.16,"K3III",80546
45902,"09 21 29.60","-25 57 55.5",4.71,"M0III",80874
45910,"09 21 39.44","+32 15 51.6",6.79,"A0",80580
45915,"09 21 43.30","+56 41 57.3",5.79,"M4IIIa",80390
45920,"09 21 50.11","-55 30 53.5",5.61,"A3IVs...",81157
45924,"09 21 50.94","-42 11 41.1",5.56,"M3Ib",81034
45941,"09 22 06.83","-55 00 38.5",2.47,"B2IV",81188
45962,"09 22 24.00","-46 02 51.0",5.74,"G6/G8III",81136
45968,"09 22 29.40","-17 53 38.3",6.97,"F3III",80971
45974,"09 22 32.22","+49 32 41.4",6.94,"B9+...",80608
45975,"09 22 32.23","-15 14 05.2",6.72,"G8III",80970
45980,"09 22 36.63","-39 46 31.5",6.53,"K2III",81134
45999,"09 22 50.87","-09 50 19.5",6.51,"A5spe...",81009
46017,"09 23 05.99","-53 49 12.7",6.81,"G8II/III",81353
46026,"09 23 12.34","-28 50 02.1",4.71,"G8III",81169
46027,"09 23 14.60","-21 02 16.0",6.83,"M2III",81109
46045,"09 23 25.38","-48 17 13.0",6.27,"B5V",81347
46049,"09 23 27.33","-60 18 08.4",6.3,"K1/K2II/III",81502
46053,"09 23 29.54","+07 42 49.8",6.82,"M4III",81028
46058,"09 23 31.85","+25 10 58.2",6.41,"G5III-IV",80956
46065,"09 23 39.55","-33 12 01.8",6.73,"A3V",81254
46067,"09 23 39.77","-46 54 31.6",6.21,"B7III",81369
46068,"09 23 40.26","+05 13 10.5",6.86,"A2",81067
46075,"09 23 44.92","-37 45 25.1",6.47,"A1m...",81309
46081,"09 23 49.77","-35 14 51.0",6.57,"A1/A2IV",81307
46093,"09 23 59.34","-51 44 13.5",6.05,"A7Iab",81471
46101,"09 24 05.50","-61 38 55.6",5.99,"K0III",81613
46105,"09 24 07.98","+25 55 06.4",6.79,"K2III",81058
46107,"09 24 09.73","-80 47 13.9",5.34,"F3/F5IV",82554
46114,"09 24 16.28","-39 25 31.6",6.05,"A6/A7III",81411
46125,"09 24 22.54","+36 35 13.7",6.68,"F0V",81039
46134,"09 24 28.67","+06 21 00.7",6.73,"F5",81212
46143,"09 24 37.16","-70 04 32.8",6.45,"K1III",81896
46146,"09 24 39.28","+26 10 56.8",4.47,"K2III",81146
46155,"09 24 45.39","+19 47 12.8",6.53,"G7III",81192
46165,"09 24 53.24","-04 16 58.2",6.92,"F5",81342
46168,"09 24 55.64","+51 34 26.1",6.3,"G2III",81025
46194,"09 25 07.89","-43 58 36.1",6.31,"M5III",81575
46208,"09 25 16.62","-65 16 13.3",6.91,"A8IV",81870
46214,"09 25 19.27","-54 27 49.5",6.9,"K2III",81720
46221,"09 25 24.04","-05 07 02.6",5.6,"K5III",81420
46225,"09 25 27.38","-61 57 02.2",5.77,"A4V+...",81830
46232,"09 25 32.55","+16 35 08.3",6.31,"G9III:",81361
46236,"09 25 36.35","-53 15 05.9",6.98,"F7V",81734
46238,"09 25 37.07","-25 20 13.6",6.72,"B9III",81542
46247,"09 25 44.19","+63 56 27.7",6.24,"K2III",80953
46259,"09 25 56.82","-17 56 50.6",6.95,"G8III",81568
46273,"09 26 03.82","-01 14 05.8",6.58,"K0",81524
46283,"09 26 17.98","-53 22 44.2",5.09,"B6V",81848
46288,"09 26 22.31","-01 27 50.6",6.01,"K3III",81567
46290,"09 26 24.58","-42 15 04.2",6.67,"G8:+...",81782
46297,"09 26 28.45","-40 30 06.2",6.19,"A7III",81780
46313,"09 26 39.73","-24 10 04.3",6.91,"A0V",81694
46321,"09 26 41.18","+36 27 27.1",6.99,"F5",81440
46328,"09 26 44.18","-64 55 47.5",6.05,"A3Vn",82068
46329,"09 26 44.91","-28 47 15.7",6.12,"B5V",81753
46333,"09 26 47.06","-59 34 43.7",6.52,"B7V",81990
46336,"09 26 48.92","-19 09 18.5",6.96,"A7V",81712
46342,"09 26 53.33","-54 21 06.3",6.86,"G3/G5Ib",81949
46345,"09 26 56.72","+14 18 11.6",6.83,"K2",81595
46348,"09 26 58.94","-48 41 38.7",6.81,"B9II/III",81921
46350,"09 27 00.85","-16 00 47.4",6.97,"K5III",81731
46358,"09 27 06.50","-71 36 07.5",5.46,"K2III",82350
46365,"09 27 14.65","-09 13 25.3",6.53,"A2V",81728
46367,"09 27 16.81","+06 13 59.4",6.9,"F5",81670
46371,"09 27 18.30","-22 20 36.3",4.72,"K1III",81799
46390,"09 27 35.25","-08 39 31.3",1.99,"K3III",81797
46396,"09 27 38.42","-35 00 26.5",6.63,"A5III/IV",81919
46404,"09 27 46.92","-06 04 15.7",5.38,"G2V",81809
46407,"09 27 49.19","-71 46 52.3",6.33,"F3/F5V",82458
46410,"09 27 51.63","+75 05 53.9",6.2,"A5Vs",80930
46421,"09 27 57.41","-53 31 02.2",6.74,"F3/F5IV",82101
46435,"09 28 13.27","-07 43 14.6",6.99,"M...",81884
46443,"09 28 20.52","-09 59 12.7",6.78,"K0",81902
46454,"09 28 27.38","+09 03 24.4",5.4,"F9V",81858
46457,"09 28 29.19","+08 11 18.1",5.72,"K0III",81873
46460,"09 28 30.60","-66 42 07.2",5.9,"A0V",82406
46464,"09 28 33.51","+12 23 07.2",6.88,"G5",81872
46471,"09 28 39.99","+45 36 06.5",5.4,"K0III-IV",81688
46482,"09 28 47.19","-62 16 23.5",5.91,"K1III",82347
46504,"09 29 02.34","-01 15 24.9",6.27,"F0Vn",81980
46509,"09 29 08.84","-02 46 08.2",4.59,"F6V",81997
46511,"09 29 12.65","-20 44 56.9",5.66,"K4/K5III",82077
46515,"09 29 14.74","-35 57 04.9",4.51,"K3III",82150
46517,"09 29 16.25","-38 24 12.8",6.15,"A6V",82165
46522,"09 29 18.47","-03 09 55.6",6.95,"A0",82030
46524,"09 29 21.62","+56 14 28.3",6.89,"F2",81702
46526,"09 29 22.51","-43 11 24.8",6.6,"F5IV",82224
46529,"09 29 24.47","-02 12 18.6",6.14,"F0III",82043
46535,"09 29 28.65","-44 31 56.6",6.98,"F8V",82241
46543,"09 29 32.43","-04 14 47.4",6.25,"G6IV",82074
46546,"09 29 33.18","-62 21 39.4",6.54,"A2V",82468
46553,"09 29 36.71","-58 17 57.1",6.75,"K0III",82421
46558,"09 29 40.50","-26 35 39.0",6.52,"G8III",82161
46566,"09 29 47.87","+55 44 43.2",6.5,"F3Vs",81790
46569,"09 29 49.88","-23 20 43.2",6.26,"K2/K3III",82180
46578,"09 29 54.52","-26 35 22.6",5.49,"K2IIICNII",82205
46594,"09 30 05.13","-51 31 01.9",5.45,"B8V",82419
46609,"09 30 14.12","-24 16 26.8",6.57,"K3III",82234
46616,"09 30 19.74","-33 24 13.9",6.87,"K1III",82315
46618,"09 30 22.54","-15 34 37.9",5.86,"K2III",82232
46620,"09 30 23.45","-58 21 42.9",5.88,"M2III",82536
46621,"09 30 23.58","+21 48 45.9",6.94,"A3",82105
46630,"09 30 33.14","-45 34 14.2",6.62,"K2/K3III",82436
46646,"09 30 40.28","-28 45 59.1",6.57,"K2III",82363
46651,"09 30 42.11","-40 28 00.8",3.6,"F2IV",82434
46652,"09 30 43.23","+33 39 21.0",5.87,"G8III:",82087
46657,"09 30 46.08","-31 53 21.0",5.75,"A0",82383
46669,"09 30 55.14","-05 39 41.7",6.84,"K0",82268
46701,"09 31 13.35","-57 02 03.8",3.16,"K5III",82668
46704,"09 31 17.41","+27 23 14.3",6.64,"A0",82191
46709,"09 31 18.99","-47 57 09.1",6.53,"A9IV/V",82578
46713,"09 31 20.17","+12 51 32.1",6.92,"K0",82265
46732,"09 31 31.27","+01 27 55.2",6.81,"F8",82355
46733,"09 31 31.57","+63 03 42.5",3.65,"F0IV",81937
46734,"09 31 32.19","-31 52 18.6",5.91,"A9IV",82513
46735,"09 31 32.45","+35 06 12.6",5.39,"M1III",82198
46736,"09 31 32.93","-35 42 51.6",5.86,"K3III",82514
46737,"09 31 33.05","-66 43 08.6",6.27,"K1III",82858
46741,"09 31 36.32","-73 04 51.3",5.46,"K4III",83095
46744,"09 31 38.97","-10 33 07.1",6.13,"F0Vn",82428
46749,"09 31 42.42","+36 25 44.8",6.89,"K2",82212
46750,"09 31 43.24","+22 58 05.0",4.32,"K5IIIvar",82308
46768,"09 31 55.77","-10 22 13.4",6.12,"K0",82477
46771,"09 31 56.79","+11 18 00.1",4.99,"K0IIIvar",82395
46774,"09 31 57.58","+09 42 56.9",5.07,"K3III",82381
46776,"09 31 58.93","-01 11 04.8",4.54,"A3V",82446
46810,"09 32 18.45","-28 37 40.4",6.43,"F3V",82610
46811,"09 32 19.27","-40 38 57.6",5.35,"G8III",82694
46813,"09 32 20.43","-19 24 01.2",5.74,"A4III",82573
46840,"09 32 41.41","+01 51 51.3",6.11,"F7IV-V",82543
46853,"09 32 52.33","+51 40 43.0",3.17,"F6IV",82328
46859,"09 32 55.78","-13 31 00.5",5.95,"K4III",82660
46869,"09 33 02.00","-08 30 19.0",6.12,"K0",82638
46873,"09 33 07.39","+49 26 19.1",6.76,"A4V",82380
46874,"09 33 07.71","-39 07 45.0",6.43,"F2IV/V",82785
46879,"09 33 11.26","+45 30 49.9",6.49,"K0",82408
46880,"09 33 12.47","-21 06 56.7",5.02,"K0III",82734
46889,"09 33 17.36","-57 57 48.4",6.82,"B8III",82988
46890,"09 33 17.68","-21 23 31.2",6.68,"A0V",82724
46891,"09 33 18.32","+28 22 04.9",6.5,"A3Vnn",82523
46893,"09 33 19.94","-07 11 24.5",6.25,"K0",82674
46897,"09 33 26.10","-22 51 50.5",5.92,"B9.5V",82747
46904,"09 33 30.33","+36 29 13.3",6.19,"K4III:",82522
46912,"09 33 43.87","-60 37 39.9",6.99,"K0II",83111
46914,"09 33 44.56","-49 00 18.3",5.12,"B4IV",82984
46928,"09 33 53.51","-80 56 28.7",5.07,"B5V",83979
46938,"09 33 59.17","+23 27 14.8",6.26,"K7III",82670
46950,"09 34 08.80","-51 15 19.0",5.01,"B1.5IV",83058
46952,"09 34 13.38","+36 23 51.4",4.54,"G8III",82635
46963,"09 34 19.62","+46 54 07.6",6.54,"F0V",82582
46974,"09 34 26.66","-59 13 47.2",4.08,"B5II",83183
46977,"09 34 28.97","+69 49 48.6",4.54,"G4III-IV",82210
46982,"09 34 32.64","-05 54 53.3",5.56,"K1III",82870
47006,"09 34 49.49","+52 03 05.6",4.47,"A2V",82621
47007,"09 34 50.73","-12 07 44.8",6.54,"G0",82943
47013,"09 34 53.39","+72 12 21.1",5.77,"F7V",82189
47022,"09 34 59.70","+12 39 16.4",6.81,"B9",82865
47029,"09 35 03.85","+39 37 17.2",4.81,"K0III",82741
47039,"09 35 11.88","-35 49 25.5",6.48,"F5V",83108
47053,"09 35 22.50","+39 57 47.7",6.76,"F2V",82780
47070,"09 35 33.82","-19 34 59.9",6.33,"A0V",83104
47080,"09 35 40.03","+35 48 38.8",5.4,"G8IV-V",82885
47096,"09 35 52.91","+14 22 46.5",6.32,"A1V",83023
47104,"09 36 02.13","+20 02 44.0",6.97,"K0",83005
47115,"09 36 05.23","-64 57 01.3",6.55,"A2V",83523
47119,"09 36 06.79","+74 19 08.0",6.46,"B9V",82327
47145,"09 36 25.41","-48 45 04.2",6.18,"F0p",83368
47159,"09 36 33.74","-24 42 10.6",6.54,"F3IV/V",83261
47168,"09 36 42.85","+31 09 42.6",5.57,"M2III",83069
47172,"09 36 46.41","-52 56 38.1",6.18,"K1III",83465
47173,"09 36 48.98","+27 45 30.7",6.96,"K2III",83098
47175,"09 36 49.66","-49 21 18.5",4.34,"A5V",83446
47187,"09 37 00.25","-25 17 48.7",5.68,"K0III",83332
47189,"09 37 02.59","+16 26 16.7",5.73,"K1III",83189
47193,"09 37 05.35","+81 19 35.1",4.28,"K3III",81817
47199,"09 37 09.87","-32 10 43.0",5.62,"K1III",83380
47204,"09 37 12.68","-53 40 06.5",5.44,"A2/A3V",83520
47205,"09 37 12.71","+06 50 08.8",5.0,"K1IIIvar",83240
47224,"09 37 28.42","-36 05 45.6",5.96,"K2III",83441
47225,"09 37 28.69","-49 59 29.3",6.97,"G3V",83529
47227,"09 37 31.19","-59 53 23.8",6.91,"A4m...",83614
47231,"09 37 37.52","+60 12 49.5",6.41,"G5",82969
47237,"09 37 40.62","+01 41 45.5",6.85,"G5",83329
47242,"09 37 45.94","-03 10 14.2",6.45,"K0",83352
47247,"09 37 49.96","+24 40 13.1",6.61,"G0III",83273
47249,"09 37 51.54","-09 25 28.1",6.4,"A1V",83373
47260,"09 37 56.29","+73 04 49.6",6.39,"F2V+...",82685
47266,"09 38 01.31","+14 20 50.8",6.63,"F2",83343
47267,"09 38 01.43","-43 11 27.1",5.51,"G8II",83548
47272,"09 38 03.23","-54 13 08.9",6.88,"A0p",83625
47291,"09 38 16.07","+12 44 10.7",6.74,"G8III",83362
47293,"09 38 17.08","+70 15 58.0",6.99,"F2",82839
47299,"09 38 21.28","-81 42 33.8",6.72,"K0III",84698
47300,"09 38 21.79","+40 14 23.2",5.28,"F0V",83287
47301,"09 38 21.93","-64 24 09.0",6.69,"B8V",83834
47310,"09 38 27.39","+04 38 57.9",4.68,"K3III",83425
47328,"09 38 40.74","-39 36 50.3",6.69,"F6V",83610
47330,"09 38 41.94","+75 12 19.6",6.64,"K0",82701
47336,"09 38 45.74","+10 46 40.3",6.66,"A3",83452
47343,"09 38 49.81","-64 29 21.3",6.83,"K0/K1III",83919
47352,"09 38 54.67","+20 17 51.3",6.79,"B9",83434
47363,"09 39 00.13","-17 37 27.1",6.74,"A9IV",83572
47380,"09 39 10.78","+43 08 39.6",6.59,"K0",83371
47391,"09 39 21.04","-61 19 41.2",4.51,"B9V",83944
47397,"09 39 26.60","-54 45 12.1",6.83,"B5V",83865
47401,"09 39 27.92","+67 16 20.4",5.96,"K5",83126
47422,"09 39 45.15","-62 56 34.7",6.4,"B8/B9III/IV",84046
47427,"09 39 47.42","-10 34 13.0",6.31,"A0Vn",83650
47431,"09 39 51.33","-01 08 33.6",3.9,"K3IIIvar",83618
47436,"09 39 57.85","+35 20 09.4",6.9,"F5",83525
47452,"09 40 18.38","-14 19 56.1",5.07,"B4IV/V",83754
47454,"09 40 20.07","-10 46 09.1",6.37,"A2V",83731
47468,"09 40 35.23","+13 03 14.6",6.96,"F8",83683
47479,"09 40 42.60","-57 59 00.9",5.3,"A3IV",84121
47495,"09 40 56.07","-54 59 00.4",6.93,"B5V",84101
47498,"09 41 02.10","-57 15 34.0",5.8,"K0/K1III",84152
47505,"09 41 06.48","-66 04 49.1",6.85,"G7III-IV",84261
47508,"09 41 09.12","+09 53 32.6",3.52,"A5V+...",83808
47518,"09 41 14.64","+08 59 43.9",6.83,"F0",83822
47521,"09 41 16.76","+55 51 59.7",6.5,"K1III-IV",83564
47522,"09 41 17.03","-23 35 29.5",4.76,"B5V",83953
47527,"09 41 21.88","+38 57 01.9",6.91,"G5",83698
47530,"09 41 24.83","-33 23 46.7",6.9,"A0/A1V",84042
47544,"09 41 35.11","+31 16 40.2",5.9,"K6III",83787
47550,"09 41 38.50","+25 54 46.6",6.26,"K2III:",83821
47559,"09 41 47.94","-55 12 49.6",5.99,"B4V",84228
47564,"09 41 52.31","-30 18 12.3",6.59,"K2III",84085
47570,"09 42 00.38","+39 45 28.7",5.61,"G8III",83805
47591,"09 42 12.99","-66 54 53.4",6.33,"A0V",84416
47592,"09 42 14.67","-23 54 58.4",4.93,"G0V",84117
47594,"09 42 14.93","+69 14 15.7",5.72,"G9III:",83489
47604,"09 42 23.36","-00 16 46.1",6.64,"K0",84050
47608,"09 42 27.92","-46 51 54.7",6.97,"M1/M2III",84244
47617,"09 42 34.62","+32 59 41.4",6.93,"G5",83934
47623,"09 42 39.34","-72 11 27.0",6.54,"B9V",84631
47627,"09 42 41.37","-35 30 06.2",6.39,"Asp...",84224
47631,"09 42 42.75","+35 05 36.6",6.12,"F3V",83951
47633,"09 42 43.12","+48 25 51.8",6.36,"A1V",83869
47636,"09 42 44.59","+30 06 41.2",6.73,"A5",84005
47654,"09 42 57.24","+72 15 09.7",5.15,"K0III",83506
47664,"09 43 07.00","+54 21 49.6",6.5,"A5m",83886
47684,"09 43 22.46","+20 11 35.6",6.71,"K0",84124
47694,"09 43 27.60","-51 13 41.4",6.15,"B6V",84400
47698,"09 43 30.62","-20 21 57.0",6.58,"G8/K0III",84257
47701,"09 43 33.27","+29 58 29.0",5.64,"A2IV",84107
47717,"09 43 42.30","-53 53 28.9",5.56,"A0V",84461
47723,"09 43 43.90","+14 01 18.1",5.36,"M2III",84194
47752,"09 44 06.89","+42 03 03.9",6.84,"F0p",84123
47758,"09 44 12.13","-27 46 10.4",4.78,"A7V+...",84367
47762,"09 44 15.65","-39 34 16.3",6.81,"F2IV/V",84447
47777,"09 44 26.75","+74 35 15.3",6.78,"F0",83599
47779,"09 44 30.00","+18 51 49.1",6.49,"K0",84252
47790,"09 44 36.43","-22 45 06.9",6.76,"G8III/IV",84412
47791,"09 44 36.62","+64 59 02.6",6.18,"F3Vn",83962
47793,"09 44 37.36","-48 32 56.0",6.7,"B6/B7V",84552
47817,"09 44 51.57","-17 42 23.1",6.78,"K4III + A5:V",84423
47853,"09 45 14.74","+23 28 28.7",6.55,"K0",84347
47854,"09 45 14.83","-62 30 28.5",3.69,"G5Iab/Ib",84810
47863,"09 45 17.48","-54 14 50.9",6.91,"A2V",84688
47868,"09 45 22.01","-30 12 09.9",6.45,"B0IV",84567
47873,"09 45 24.35","-32 40 57.5",6.9,"F6V",84580
47880,"09 45 28.63","+10 13 19.0",6.9,"K5",84418
47884,"09 45 30.96","+78 08 05.0",6.25,"K2III",83550
47893,"09 45 40.64","-57 11 09.8",6.47,"B8III/IV",84809
47908,"09 45 51.10","+23 46 27.4",2.97,"G0II",84441
47909,"09 45 51.93","+18 41 01.0",6.78,"K0",84455
47911,"09 45 55.38","+63 39 12.3",6.51,"F2V",84179
47913,"09 45 55.82","-58 47 38.4",6.22,"F5IV",84850
47919,"09 45 59.78","-35 51 48.9",6.88,"F3V",84687
47929,"09 46 02.74","+65 37 37.8",6.97,"M1III",84165
47940,"09 46 09.00","-45 55 04.6",6.6,"G8II/III",84774
47943,"09 46 10.04","+06 42 31.0",5.8,"M1III",84542
47950,"09 46 16.14","-33 30 29.7",6.94,"A0III",84727
47956,"09 46 20.42","-76 46 33.5",5.43,"G8III",85396
47959,"09 46 23.34","+11 48 36.0",5.67,"K4III",84561
47960,"09 46 23.64","+01 47 08.5",5.65,"F4IV",84607
47962,"09 46 26.50","-59 21 09.7",6.86,"B9.5V",84929
47963,"09 46 30.38","-44 45 18.2",5.58,"B2.5IV",84816
47965,"09 46 31.66","+57 07 40.8",5.09,"M3III",84335
47973,"09 46 42.44","+45 06 53.0",6.81,"K0IV",84453
47999,"09 47 03.98","-31 16 05.3",6.97,"A2V",84824
48002,"09 47 06.14","-65 04 19.3",2.92,"A9",85123
48009,"09 47 14.08","-17 12 21.3",6.72,"K4/K5III",84802
48017,"09 47 18.14","+79 08 12.2",6.09,"F0V:",83727
48023,"09 47 22.20","+23 38 51.7",6.49,"K0",84680
48029,"09 47 25.99","+11 34 05.4",6.44,"A7Vn",84722
48034,"09 47 30.71","+63 14 53.3",6.94,"G5",84406
48037,"09 47 34.85","-38 11 23.0",6.83,"K1III",84926
48042,"09 47 36.48","-33 14 36.8",6.63,"K0III",84900
48054,"09 47 43.96","-49 56 35.8",6.52,"A2IV(m)",85037
48095,"09 48 21.53","-75 46 41.1",6.8,"F5V",85643
48113,"09 48 35.18","+46 01 16.4",5.08,"G2V",84737
48119,"09 48 40.06","-56 24 42.9",6.05,"K0III",85250
48125,"09 48 42.94","-26 24 52.3",6.63,"F3/F5V",85043
48126,"09 48 43.51","-09 55 07.1",6.98,"A0",84984
48172,"09 49 08.94","-43 28 58.3",6.53,"K3III",85209
48184,"09 49 17.26","-08 50 06.3",6.85,"K2",85055
48191,"09 49 28.15","-37 11 12.4",5.95,"K2III",85206
48192,"09 49 28.42","+36 44 50.7",6.61,"K5",84914
48198,"09 49 33.18","-11 47 05.9",6.8,"K2",85129
48212,"09 49 46.64","+31 04 37.6",6.82,"A5",85016
48218,"09 49 50.12","+21 10 46.0",6.1,"A8IV",85040
48219,"09 49 51.36","-36 16 06.5",6.36,"K0III",85296
48223,"09 49 54.98","-68 25 10.2",6.7,"G8III/IV",85612
48224,"09 49 57.16","-45 43 57.9",5.09,"B7III",85355
48248,"09 50 10.37","+24 33 43.0",6.89,"F5",85087
48256,"09 50 13.87","+39 37 54.1",6.64,"K5",85029
48266,"09 50 23.67","+65 35 35.9",6.27,"A9Vn",84812
48273,"09 50 30.17","+04 20 37.6",6.24,"F6V...",85217
48287,"09 50 41.97","-46 56 02.4",5.72,"K0IIICN...",85483
48298,"09 50 49.28","+11 50 32.7",6.86,"A0",85259
48310,"09 50 55.60","-62 44 42.5",5.56,"K1IIICN...",85656
48319,"09 50 59.69","+59 02 20.8",3.78,"F0IV",84999
48320,"09 51 00.80","-80 03 39.9",6.47,"B8IV",86320
48324,"09 51 01.97","+13 03 58.5",6.45,"M0III",85268
48327,"09 51 03.71","-23 01 02.3",6.85,"C",85405
48339,"09 51 12.03","-59 25 32.4",5.79,"K2IIICNp...",85655
48341,"09 51 14.02","-04 14 35.8",6.01,"A8III",85364
48348,"09 51 19.76","-46 11 38.2",5.62,"K2III",85563
48351,"09 51 21.69","-06 10 55.4",6.42,"F8V",85380
48356,"09 51 28.68","-14 50 47.6",4.11,"G6/G8III",85444
48371,"09 51 38.83","-46 30 44.3",6.71,"B8/B9V",85604
48374,"09 51 40.69","-46 32 51.5",4.58,"G5Ib",85622
48375,"09 51 41.20","-11 20 25.5",6.48,"M2III:",85461
48390,"09 51 53.02","+24 23 44.9",5.29,"A5IV",85376
48396,"09 51 59.53","-16 32 04.6",6.08,"K0III",85519
48402,"09 52 06.36","+54 03 51.4",4.55,"A3IV",85235
48413,"09 52 12.00","+00 04 32.4",6.34,"G9III",85505
48414,"09 52 12.27","+02 27 14.0",6.02,"A0Vs",85504
48428,"09 52 21.67","+37 54 52.3",6.71,"F0",85373
48430,"09 52 26.30","-71 56 36.3",6.91,"B8V",86055
48436,"09 52 30.14","+35 31 28.6",6.93,"K5",85416
48437,"09 52 30.47","-08 06 17.7",5.07,"A2V",85558
48455,"09 52 45.96","+26 00 25.5",3.88,"K0III",85503
48468,"09 52 58.21","-27 19 56.7",6.28,"G1V",85725
48469,"09 53 00.11","-55 22 23.6",6.5,"B1V",85871
48512,"09 53 37.02","+34 59 01.8",6.76,"K2",85585
48519,"09 53 42.93","+05 57 30.8",5.9,"M2III",85709
48527,"09 53 50.11","-51 08 48.2",5.95,"B2V",85953
48552,"09 54 06.72","+04 56 43.4",6.72,"K5",85762
48559,"09 54 12.44","-25 55 56.9",4.87,"K2III",85859
48563,"09 54 17.56","+59 55 13.5",6.84,"K2",85501
48561,"09 54 17.67","-45 17 00.7",5.72,"B+...",85980
48571,"09 54 23.07","-46 38 12.8",6.65,"G8III",85997
48584,"09 54 31.83","-22 29 14.8",6.23,"A2/A3III",85905
48589,"09 54 33.89","-58 25 16.6",6.64,"B3V + B3V",86118
48592,"09 54 34.60","-12 57 03.4",6.87,"F7V",85883
48613,"09 54 51.26","-50 14 38.3",5.71,"A0V",86087
48615,"09 54 52.24","-19 00 33.4",4.94,"K5III",85951
48630,"09 55 00.14","-16 11 38.1",6.51,"K0III+...",85949
48638,"09 55 03.35","+61 06 58.1",6.29,"K0",85583
48641,"09 55 05.72","-69 11 20.6",6.73,"B9V",86388
48643,"09 55 06.03","-57 22 58.6",6.74,"Ap...",86199
48662,"09 55 26.11","-41 35 12.8",6.69,"N0v",86111
48672,"09 55 35.39","-17 28 10.0",6.85,"M3III",86030
48682,"09 55 43.01","+49 49 11.3",5.27,"A3III",85795
48687,"09 55 45.00","-08 50 11.4",6.68,"A3",86029
48699,"09 55 55.00","+07 40 38.2",6.79,"K0",86002
48703,"09 55 59.03","-39 33 11.4",6.99,"K1III:",86195
48706,"09 56 05.35","-40 49 28.2",6.39,"M1III",86211
48710,"09 56 06.05","+52 16 08.6",6.63,"K0",85829
48712,"09 56 08.01","-07 38 43.2",6.74,"K4III",86082
48715,"09 56 09.76","-71 23 21.5",6.3,"B1Ib",86606
48720,"09 56 13.85","-53 37 09.2",6.8,"B7V",86353
48723,"09 56 15.59","-31 05 29.3",6.93,"A1III/IV",86193
48730,"09 56 21.90","-51 20 10.2",6.39,"B2IV-V",86352
48734,"09 56 26.03","+08 55 59.2",5.85,"K2III:",86080
48735,"09 56 26.27","+54 14 37.7",6.59,"M2III:",85876
48741,"09 56 30.96","-13 27 49.8",6.78,"K3III",86173
48742,"09 56 31.36","+32 23 04.6",6.55,"F2",86012
48748,"09 56 35.47","-33 25 06.8",5.83,"K1III",86267
48763,"09 56 46.89","-26 32 59.1",6.27,"A4V",86266
48768,"09 56 48.71","+04 14 31.9",6.7,"F5",86147
48774,"09 56 51.75","-54 34 04.1",3.52,"B5Ib",86440
48776,"09 56 54.14","-27 28 30.8",6.32,"A4V",86301
48782,"09 56 59.84","-69 06 06.6",6.18,"B3V",86659
48799,"09 57 10.95","-52 38 19.7",6.13,"B3IV",86466
48802,"09 57 13.57","+57 25 06.1",5.97,"G8III",85945
48806,"09 57 15.39","-64 29 22.4",6.59,"K0/K1III",86634
48830,"09 57 39.67","-16 31 19.4",6.62,"F0V",86371
48833,"09 57 41.14","+41 03 20.5",5.11,"F6Vs",86146
48835,"09 57 42.61","-48 24 50.7",6.06,"B3V",86523
48839,"09 57 43.90","-01 56 30.4",6.43,"G5",86341
48861,"09 57 56.84","+45 24 51.8",6.34,"K0III",86166
48873,"09 58 07.18","-62 35 07.5",6.87,"G5/G6III",86703
48876,"09 58 07.62","+08 18 50.6",6.05,"K3III",86369
48883,"09 58 13.39","+12 26 41.4",5.26,"B9IV",86360
48884,"09 58 14.00","-25 07 52.0",6.77,"A1/A2IV",86463
48893,"09 58 22.91","+72 52 46.6",5.86,"K3III:",85841
48895,"09 58 26.12","+27 45 32.6",6.48,"F3V",86358
48905,"09 58 34.18","+58 57 07.1",6.72,"K2",86129
48917,"09 58 44.45","+50 07 30.7",6.7,"B9IV",86274
48926,"09 58 52.34","-35 53 27.4",5.23,"A8IV",86629
48942,"09 59 05.62","-63 20 42.8",6.68,"G8IV",86868
48943,"09 59 06.32","-23 57 02.8",6.11,"B5V",86612
48964,"09 59 18.73","-20 21 24.4",6.7,"K3/K4III",86626
48975,"09 59 26.22","-44 57 19.6",6.72,"B8/B9V",86754
48977,"09 59 28.15","+21 19 17.2",6.74,"Am",86516
48982,"09 59 36.28","+29 38 43.2",5.75,"G9III:",86513
48990,"09 59 43.12","+03 23 05.1",6.69,"F0V",86611
49005,"09 59 51.72","+56 48 42.8",5.5,"K5III",86378
49029,"10 00 12.82","+08 02 39.4",4.68,"M2III",86663
49052,"10 00 34.58","-56 56 46.2",6.5,"K0III",87030
49065,"10 00 43.90","-82 12 53.1",5.53,"A0IV",87971
49076,"10 00 58.60","-50 28 39.8",6.91,"B5V",87026
49081,"10 01 01.02","+31 55 29.0",5.37,"G1V",86728
49092,"10 01 12.01","-56 05 47.6",6.42,"B8",87122
49103,"10 01 18.33","+28 47 03.8",6.93,"K2III",86778
49137,"10 01 40.73","-53 21 50.8",6.2,"B2.5V",87152
49141,"10 01 44.33","-23 48 24.7",6.8,"K0III",87019
49160,"10 01 58.09","-57 20 59.4",6.2,"K1II",87238
49163,"10 01 59.43","+74 45 33.0",6.91,"K1III",86322
49164,"10 02 00.11","-60 25 15.2",5.93,"A9IV",87283
49202,"10 02 33.26","-13 17 47.6",6.98,"F6IV",87096
49209,"10 02 37.03","-20 25 26.3",6.82,"A3III",87130
49220,"10 02 48.96","+21 56 57.4",5.68,"B2.5IV",87015
49221,"10 02 49.23","-01 04 03.5",6.7,"K0",87095
49222,"10 02 49.31","-30 34 39.3",6.54,"K1III",87199
49223,"10 02 49.42","-62 09 24.0",6.41,"K3Ib",87438
49233,"10 02 59.95","-60 10 43.3",6.18,"A6II/III",87436
49253,"10 03 13.71","+50 06 33.3",6.9,"K2",86942
49259,"10 03 20.60","-46 38 10.2",6.11,"A0V",87363
49264,"10 03 23.56","-33 14 17.8",6.62,"K2III",87303
49281,"10 03 34.14","-61 53 02.6",6.14,"B4:Vne",87543
49293,"10 03 40.99","-09 34 25.6",6.09,"K0",87262
49294,"10 03 41.63","-25 19 00.2",6.71,"A0V",87318
49308,"10 03 53.57","+38 01 14.7",6.75,"F5",87127
49321,"10 04 02.83","-18 06 05.1",6.3,"B8V",87344
49326,"10 04 07.37","-81 33 56.2",6.6,"G6/G8III",88351
49329,"10 04 08.48","+03 12 04.6",6.43,"F4V",87301
49338,"10 04 20.74","-48 26 45.0",6.83,"K0III",87540
49339,"10 04 21.02","-24 17 08.1",5.7,"F0V",87427
49343,"10 04 23.39","-39 58 33.1",6.42,"K1III",87477
49351,"10 04 27.87","-51 47 54.2",6.99,"A0V + B/A",87580
49360,"10 04 34.09","-64 38 51.9",6.91,"B9V",87713
49363,"10 04 36.35","+53 53 30.2",5.71,"F5V",87141
49375,"10 04 49.04","-28 11 19.4",6.99,"Ap (EuCr)",87488
49393,"10 05 01.84","-56 53 52.7",6.86,"F2III/IV",87700
49394,"10 05 01.86","-51 18 49.1",6.23,"B8/B9III",87652
49402,"10 05 07.49","-13 03 52.8",4.6,"B8V",87504
49408,"10 05 10.40","+52 22 16.7",6.31,"A5IV",87243
49411,"10 05 12.03","-28 11 49.4",6.97,"A0V",87556
49413,"10 05 12.72","-42 10 20.3",6.53,"K0III",87627
49418,"10 05 15.28","-36 23 03.7",6.27,"K1III",87606
49428,"10 05 26.55","-34 52 57.6",6.6,"K0/K1III",87639
49434,"10 05 32.82","-33 23 31.7",6.99,"F0V",87638
49445,"10 05 40.96","+15 45 27.1",6.36,"F2Vn",87500
49450,"10 05 45.30","-30 53 29.9",6.62,"G8III",87660
49462,"10 05 52.92","-63 50 06.3",6.91,"G8III",87896
49477,"10 06 07.26","-52 11 16.7",6.5,"K0III",87816
49485,"10 06 11.22","-47 22 11.5",5.06,"K0IV",87783
49530,"10 06 47.44","+05 36 41.5",6.2,"K1III",87682
49541,"10 06 53.87","-17 26 39.1",6.72,"A8/A9IV/V",87768
49546,"10 06 59.91","-71 28 40.7",6.58,"F5V",88189
49561,"10 07 07.57","-21 15 20.7",6.66,"F3V",87810
49569,"10 07 09.49","-17 08 29.7",5.59,"K4III",87808
49583,"10 07 19.95","+16 45 45.6",3.48,"A0Ib",87737
49593,"10 07 25.73","+35 14 40.9",4.49,"A7V",87696
49610,"10 07 32.17","-22 29 22.6",6.99,"M4III",87870
49613,"10 07 33.34","+00 55 06.0",6.67,"M2III:",87806
49619,"10 07 35.73","-48 15 39.0",6.4,"B3III",88015
49633,"10 07 45.66","-07 37 50.6",6.63,"M2III:",87855
49637,"10 07 54.32","+09 59 51.6",4.39,"K4III",87837
49641,"10 07 56.30","-00 22 17.9",4.48,"A0III",87887
49642,"10 07 56.64","-62 13 17.2",6.45,"Ap Si",88158
49645,"10 08 01.67","-37 20 00.5",6.34,"K0III",88013
49658,"10 08 15.94","+31 36 15.4",6.23,"F4V",87822
49662,"10 08 18.13","-58 11 54.8",6.63,"G2IV",88176
49669,"10 08 22.46","+11 58 01.9",1.36,"B7V",87901
49688,"10 08 34.40","+83 55 06.1",6.31,"K0",86321
49689,"10 08 35.45","-15 36 43.0",6.25,"A0V",88025
49694,"10 08 41.26","+01 09 38.6",6.68,"F0",87974
49698,"10 08 42.84","-65 48 55.9",5.26,"K0III",88323
49701,"10 08 45.66","-10 53 05.2",6.54,"A2V",88024
49712,"10 08 56.25","-51 48 40.5",4.85,"B3IV",88206
49720,"10 09 05.75","-48 18 23.8",6.76,"F3/F5IV+...",88223
49724,"10 09 07.66","+63 57 08.7",6.53,"K5",87734
49729,"10 09 08.40","+18 31 50.7",6.92,"G8II",88009
49739,"10 09 14.88","+06 10 15.3",6.6,"K0",88048
49747,"10 09 19.63","+20 19 56.6",6.68,"F5",88021
49751,"10 09 22.01","-61 32 57.1",6.94,"M2/M3e",88366
49764,"10 09 30.20","-68 40 58.2",5.8,"A0IV",88473
49769,"10 09 32.09","-35 51 24.5",6.14,"G1V",88218
49788,"10 09 48.21","-47 26 46.4",6.97,"G8III",88304
49802,"10 09 56.49","-12 05 42.9",6.24,"A5m",88182
49809,"10 10 05.96","-12 48 56.4",5.3,"F2/F3IV/V",88215
49812,"10 10 07.56","-08 24 29.4",5.91,"A1V",88195
49823,"10 10 14.43","-48 00 50.6",6.82,"G6III",88382
49828,"10 10 21.23","-67 15 48.3",6.88,"B9IV",88572
49833,"10 10 24.29","-64 23 03.4",6.89,"B8V",88528
49841,"10 10 35.40","-12 21 13.8",3.61,"K0III",88284
49844,"10 10 37.70","-41 42 53.8",5.98,"K3III",88399
49849,"10 10 41.72","-38 54 39.3",6.76,"F0IV",88398
49858,"10 10 52.26","-15 42 33.1",6.96,"K3III",88346
49865,"10 10 55.86","-08 25 06.1",5.64,"K2III",88333
49870,"10 10 58.98","+40 39 41.8",6.34,"K3III:",88161
49882,"10 11 08.49","+20 41 47.4",6.64,"sdF2",88270
49892,"10 11 12.76","-67 53 32.5",6.83,"K2III",88704
49893,"10 11 12.79","+37 24 07.1",5.86,"K3III",88231
49900,"10 11 17.76","-07 18 59.7",6.23,"A2Vn",88372
49902,"10 11 19.06","-18 57 25.1",6.74,"M3III",88419
49908,"10 11 23.36","+49 27 19.7",6.6,"K8V",88230
49926,"10 11 35.49","-58 49 40.2",6.07,"M5III",88647
49929,"10 11 38.19","+13 21 18.7",6.43,"F7V",88355
49934,"10 11 46.47","-58 03 38.0",5.7,"B2IVnpe",88661
49943,"10 11 48.86","-34 20 02.1",6.66,"F5V",88524
49950,"10 11 53.82","-35 19 29.0",6.68,"CH",88539
49967,"10 12 02.88","-28 36 21.4",6.28,"A0V",88522
49994,"10 12 22.97","-52 09 48.1",6.16,"K2IIICN...",88693
50013,"10 12 38.10","-19 09 10.1",6.45,"F7V",88595
50019,"10 12 42.55","+28 14 31.3",6.86,"G8III",88476
50027,"10 12 48.39","+04 36 52.9",5.77,"K0III:",88547
50043,"10 13 00.99","-19 41 21.1",6.87,"K4/K5III",88655
50044,"10 13 01.16","-59 55 05.1",6.07,"B4Ve",88825
50066,"10 13 19.48","-27 01 44.3",6.23,"A9m...",88699
50067,"10 13 21.20","-61 39 31.8",6.42,"B2V",88907
50069,"10 13 22.32","-56 35 12.1",6.48,"K2III",88862
50070,"10 13 22.88","-51 13 58.6",5.27,"A7V",88824
50075,"10 13 24.99","-33 01 54.8",6.38,"G0V",88742
50078,"10 13 28.04","-51 45 20.9",5.78,"A3IV/V",88842
50083,"10 13 30.68","-66 22 22.2",5.15,"Am",88981
50097,"10 13 43.83","+50 29 47.5",6.63,"A3",88512
50099,"10 13 44.28","-70 02 16.5",3.29,"B8III",89080
50103,"10 13 45.98","-40 20 45.9",5.91,"K1III",88809
50108,"10 13 49.25","-68 03 35.4",6.73,"B6V",89049
50109,"10 13 49.72","+27 08 09.0",6.05,"G5III-IV",88639
50122,"10 13 56.58","-40 18 38.7",6.33,"G8III",88836
50140,"10 14 08.41","-07 59 36.4",6.97,"K0",88764
50142,"10 14 08.98","-23 48 50.3",6.36,"M1III",88806
50149,"10 14 13.70","-39 06 13.3",6.53,"G8III",88872
50174,"10 14 29.84","+21 10 05.6",6.02,"F9V",88737
50191,"10 14 44.27","-42 07 19.4",3.85,"A2V",88955
50196,"10 14 50.29","-41 43 34.1",6.54,"A0IV",88976
50200,"10 14 53.70","-42 22 59.0",6.75,"B9IV",88966
50210,"10 15 00.82","-44 28 04.2",6.59,"K3III",88995
50218,"10 15 06.36","+31 28 05.1",6.47,"G8III",88786
50221,"10 15 07.52","-55 32 57.4",6.64,"K1IVCN...",89077
50222,"10 15 07.65","+59 59 07.9",6.18,"M0IIIvar",88651
50232,"10 15 16.65","-54 58 27.2",6.16,"B2IV-V",89104
50234,"10 15 20.89","-36 31 03.8",6.17,"K0III",89015
50241,"10 15 31.55","-43 06 44.1",5.59,"K4III",89062
50279,"10 15 56.81","-55 31 10.9",6.85,"Ap...",89192
50286,"10 16 03.13","+60 09 02.5",6.77,"F2",88759
50287,"10 16 03.26","-59 54 12.4",6.22,"A5V",89263
50292,"10 16 09.01","-11 12 12.3",6.08,"K0",89033
50303,"10 16 14.48","+29 18 38.0",5.49,"A0Vn",88960
50305,"10 16 16.05","+17 44 25.2",6.6,"A9IV",88987
50308,"10 16 17.19","+78 56 49.1",6.85,"A0",88295
50316,"10 16 28.12","+28 40 57.7",6.46,"G0V",88986
50319,"10 16 32.42","+23 30 10.8",5.95,"G2IV",89010
50320,"10 16 32.82","-19 18 29.4",6.7,"A3V",89132
50332,"10 16 40.17","-51 12 16.8",6.2,"M4/M5III",89273
50333,"10 16 40.75","+13 43 42.1",5.42,"M1III",89056
50335,"10 16 41.40","+23 25 02.4",3.43,"F0III",89025
50336,"10 16 41.84","+25 22 14.5",5.84,"K2III:",89024
50340,"10 16 45.93","-20 40 10.7",6.57,"F5IV",89169
50371,"10 17 05.01","-61 19 56.4",3.39,"K3II",89388
50372,"10 17 05.93","+42 54 52.1",3.45,"A2IV",89021
50384,"10 17 14.80","+23 06 23.2",5.81,"F8Vw",89125
50389,"10 17 17.69","+41 28 02.9",6.55,"M2III:",89053
50391,"10 17 20.20","-46 50 05.8",6.48,"A8V+...",89328
50403,"10 17 31.57","-65 25 46.2",6.79,"A1/A2IV/V",89518
50414,"10 17 37.90","-08 04 08.1",5.25,"F2III",89254
50433,"10 17 50.61","+71 03 38.9",6.66,"A7m",88849
50447,"10 18 01.19","+73 04 25.2",6.53,"F2V",88815
50448,"10 18 02.15","+65 06 30.1",5.74,"A8III",88983
50456,"10 18 07.60","-28 59 31.3",5.52,"B9.5Ib/II",89353
50459,"10 18 10.53","+27 24 55.6",6.53,"A0V",89239
50461,"10 18 10.90","-82 54 38.6",6.68,"K0/K1III",90317
50480,"10 18 28.27","-41 40 06.6",5.97,"B9V",89461
50485,"10 18 32.91","+43 02 55.1",6.48,"G5",89221
50492,"10 18 37.88","-36 48 16.5",6.31,"K2/K3III",89442
50493,"10 18 38.16","-56 06 38.4",5.8,"F6V",89569
50505,"10 18 51.90","+44 02 56.6",6.66,"G5",89269
50508,"10 18 57.50","+17 42 21.4",6.85,"A0",89363
50509,"10 18 58.77","+46 45 39.1",6.42,"K1III",89268
50513,"10 18 59.77","+51 24 19.8",6.81,"G0",89251
50516,"10 19 00.74","+24 42 43.6",6.42,"K0",89344
50519,"10 19 02.57","-50 42 58.0",6.89,"B5III",89587
50520,"10 19 05.12","-64 40 34.6",5.66,"A1V",89715
50525,"10 19 10.81","-34 36 59.6",6.73,"A1V",89528
50536,"10 19 16.88","-12 31 41.2",6.01,"A8III",89455
50546,"10 19 26.88","+48 23 49.3",6.0,"K0",89319
50552,"10 19 32.37","-05 06 21.5",6.38,"K0",89490
50555,"10 19 36.77","-55 01 45.5",4.59,"K3II",89682
50561,"10 19 40.71","-59 08 45.9",6.95,"B3Vn",89740
50562,"10 19 42.04","-65 08 14.1",6.35,"K2II",89805
50564,"10 19 44.31","+19 28 17.2",4.78,"F6IV",89449
50574,"10 19 51.77","-47 57 40.5",6.7,"A3V",89681
50575,"10 19 52.35","-51 34 04.4",6.88,"F5III",89713
50583,"10 19 58.16","+19 50 30.7",2.01,"K0III",89484
50584,"10 19 59.52","-09 03 31.8",6.31,"F1IV",89565
50606,"10 20 14.88","+53 46 45.4",6.45,"F9V",89389
50609,"10 20 16.72","-47 41 56.8",5.66,"K5/M0III",89736
50626,"10 20 27.43","-72 07 49.1",6.96,"M4III",90038
50635,"10 20 31.18","+54 13 00.7",6.01,"K3III:",89414
50641,"10 20 34.21","-31 48 49.6",6.57,"F7V",89709
50658,"10 20 44.30","-05 22 55.4",6.97,"A2",89669
50664,"10 20 48.31","-47 33 57.2",6.64,"K5III",89800
50676,"10 20 54.81","-56 02 35.6",4.5,"B3III",89890
50684,"10 21 02.01","+02 17 23.0",6.66,"B2.5IV",89688
50685,"10 21 03.43","+68 44 51.8",5.88,"A7Vn",89343
50687,"10 21 03.67","+41 50 57.8",6.77,"A0",89572
50692,"10 21 07.18","-05 24 54.1",6.69,"K2",89720
50693,"10 21 07.98","-17 59 05.6",6.5,"F3IV",89747
50705,"10 21 14.57","-13 47 11.5",6.56,"A1V",89746
50719,"10 21 21.54","-25 22 22.8",6.71,"G8II",89796
50728,"10 21 28.70","-23 42 39.2",6.47,"A4IV/V",89816
50739,"10 21 35.89","-22 31 42.6",6.52,"A1V",89828
50755,"10 21 50.32","+14 58 32.9",6.16,"A1V",89774
50785,"10 22 10.48","-58 15 56.3",6.34,"G6III",90074
50786,"10 22 10.66","+41 13 47.5",5.73,"F7V",89744
50787,"10 22 10.79","-13 24 34.9",6.91,"Asp...",89897
50790,"10 22 12.96","-19 51 59.7",6.12,"A0V",89911
50792,"10 22 14.19","+08 57 51.8",6.63,"K5",89848
50799,"10 22 19.61","-41 39 00.4",4.82,"K1IIIvar",89998
50801,"10 22 19.80","+41 29 58.0",3.06,"M0III SB",89758
50847,"10 22 58.18","-66 54 05.5",4.97,"B8V",90264
50849,"10 22 59.25","-24 20 01.0",6.83,"B8V",90027
50851,"10 23 00.46","+06 32 34.4",6.06,"K3III",89962
50860,"10 23 06.34","+33 54 29.4",5.89,"A6V",89904
50868,"10 23 13.14","-30 09 44.0",6.25,"A9IV",90071
50870,"10 23 14.75","+05 41 39.9",6.54,"F6V",89995
50874,"10 23 17.64","-13 22 37.4",6.61,"F6/F7V",90045
50885,"10 23 26.51","-04 04 26.6",5.93,"B9p Si(CrSr)",90044
50887,"10 23 28.33","-00 54 07.8",6.45,"G5",90043
50888,"10 23 29.41","-38 00 35.0",5.34,"A8V",90132
50893,"10 23 32.66","-03 38 34.3",6.39,"K5",90057
50903,"10 23 40.71","-41 57 11.6",6.24,"K0IV",90170
50904,"10 23 41.76","+29 36 57.2",6.36,"G8III",89993
50915,"10 23 49.52","+25 34 05.9",6.76,"K2III",90009
50916,"10 23 50.66","-57 57 14.1",6.34,"K5Ib-II",90289
50921,"10 23 55.30","-29 38 44.8",6.92,"G5V",90156
50933,"10 24 07.86","+65 33 59.3",4.94,"A0sp...",89822
50935,"10 24 08.61","+33 43 06.7",5.52,"K1III",90040
50939,"10 24 13.15","+02 22 05.1",6.33,"G9V",90125
50950,"10 24 19.55","+10 35 16.0",6.8,"K0",90123
50951,"10 24 22.19","+34 10 35.2",6.95,"M6III",90068
50954,"10 24 23.74","-74 01 53.6",3.99,"F2IV",90589
50958,"10 24 25.29","+02 23 35.9",6.61,"K0",90155
50970,"10 24 39.65","-54 19 19.0",6.8,"M5III",90371
50971,"10 24 41.75","+82 48 06.0",6.84,"K0",89108
50976,"10 24 44.56","-73 58 18.3",6.18,"A2/A3V",90630
50993,"10 24 59.50","-58 34 34.7",5.93,"F2III",90454
51001,"10 25 06.55","-50 06 24.2",6.78,"F3/F5V",90412
51008,"10 25 15.19","+08 47 05.8",5.61,"M2IIIs",90254
51014,"10 25 17.22","-42 28 02.5",6.18,"G8III",90393
51021,"10 25 23.76","-29 11 37.9",6.62,"K5III",90366
51029,"10 25 30.59","+36 12 16.6",6.64,"K0",90206
51046,"10 25 44.35","-07 03 36.5",5.6,"M0.5III",90362
51047,"10 25 45.00","+35 25 32.1",6.49,"K1III",90250
51056,"10 25 54.87","+33 47 46.5",4.72,"F0V",90277
51061,"10 25 58.68","+02 55 45.2",6.97,"A0",90361
51069,"10 26 05.51","-16 50 09.9",3.83,"K4III",90432
51075,"10 26 09.20","+03 55 57.1",6.67,"A3V",90386
51077,"10 26 09.91","-42 44 18.2",6.13,"K1III",90518
51087,"10 26 15.65","-53 53 29.3",6.99,"M2Iab",90586
51097,"10 26 22.86","+54 24 26.9",6.98,"G5",90249
51104,"10 26 25.62","-39 21 43.2",6.8,"K0/K1III",90549
51117,"10 26 36.94","-00 59 17.1",6.33,"K0",90473
51130,"10 26 43.95","-47 39 34.8",6.56,"F0IV/V",90611
51135,"10 26 46.90","-04 23 18.0",6.55,"K0",90485
51140,"10 26 48.93","-54 52 38.3",5.58,"K3II/III",90677
51141,"10 26 49.32","-73 10 04.8",6.61,"M3III",90914
51161,"10 27 00.52","+19 21 52.4",6.15,"K0",90472
51172,"10 27 09.16","-31 04 04.1",4.28,"K4III",90610
51179,"10 27 12.25","+11 19 01.4",6.64,"G5III",90512
51192,"10 27 24.48","-57 38 19.7",4.65,"A6Ia",90772
51194,"10 27 25.40","-65 42 17.0",6.0,"A2V",90874
51200,"10 27 28.08","+41 36 04.4",6.0,"A2V",90470
51213,"10 27 38.99","+09 45 44.7",6.01,"A0sp...",90569
51224,"10 27 45.94","+59 35 50.2",6.86,"K0",90400
51232,"10 27 52.75","-58 44 21.9",3.81,"F2II",90853
51233,"10 27 53.09","+36 42 26.9",4.2,"G8III-IV",90537
51245,"10 28 02.08","-49 24 20.5",6.1,"K4III",90798
51246,"10 28 02.87","-57 11 54.5",6.83,"B8III",90872
51247,"10 28 03.29","+48 57 50.2",6.75,"G5",90507
51248,"10 28 03.81","+48 47 13.4",6.42,"G1V",90508
51265,"10 28 18.28","-63 09 52.5",6.42,"B2/B3III:ne",90966
51290,"10 28 36.54","+45 12 44.1",6.37,"K0",90602
51291,"10 28 36.87","-19 31 29.1",6.7,"K0III",90776
51294,"10 28 42.44","-43 50 18.2",6.68,"A1V",90898
51302,"10 28 43.96","-03 44 32.3",6.05,"A1sp...",90763
51307,"10 28 48.03","-57 13 59.0",6.69,"K0III",90980
51309,"10 28 48.57","+14 20 37.4",6.85,"K0",90718
51313,"10 28 52.60","-64 10 20.2",5.27,"K3Ib",91056
51325,"10 29 01.59","+29 43 39.3",6.61,"K0III",90717
51327,"10 29 03.67","-65 10 34.8",6.42,"M1III",91094
51362,"10 29 28.73","-02 44 20.6",5.19,"B9.5V",90882
51364,"10 29 29.01","-29 39 49.9",5.58,"K3III",90957
51376,"10 29 35.40","-30 36 25.5",5.57,"B9/B9.5V",90972
51379,"10 29 38.27","-43 03 03.0",6.81,"M0III",91034
51384,"10 29 42.21","+84 15 07.6",5.52,"F0IV",89571
51386,"10 29 42.32","+01 29 29.1",6.88,"F5",90905
51399,"10 29 53.69","+28 34 52.4",6.88,"K2III",90861
51401,"10 29 54.43","+65 37 34.7",6.32,"K2III:",90633
51420,"10 30 06.46","+38 55 30.5",5.79,"A4V",90840
51425,"10 30 08.81","-66 59 04.8",6.19,"B4IV",91272
51434,"10 30 15.27","+50 34 09.2",6.74,"F2",90807
51437,"10 30 17.50","-00 38 13.1",5.08,"B6V",90994
51438,"10 30 20.08","-71 59 33.8",4.72,"A2III",91375
51444,"10 30 22.42","-57 04 38.6",6.62,"B3III",91188
51448,"10 30 26.65","+64 15 28.1",6.07,"A7III",90745
51451,"10 30 30.96","+02 09 01.1",6.98,"K0",91011
51457,"10 30 36.07","+36 16 25.1",6.85,"F0",90931
51459,"10 30 37.76","+55 58 50.2",4.82,"F8V",90839
51461,"10 30 39.24","-61 21 23.4",6.41,"M2III",91270
51472,"10 30 49.28","-86 05 26.4",6.64,"A1/A2IV/V",92683
51475,"10 30 51.43","-26 29 01.7",6.51,"F7V",91135
51486,"10 30 57.25","-44 22 04.2",6.84,"G5III",91214
51490,"10 30 58.78","-07 38 15.2",6.2,"K5III+...",91106
51491,"10 30 59.86","-13 35 18.5",5.59,"B8/B9IV/V",91120
51495,"10 31 02.07","-73 13 17.4",4.94,"K4/K5III",91496
51502,"10 31 05.02","+82 33 30.7",5.25,"F2V",90089
51523,"10 31 22.23","-53 42 57.6",4.89,"F6V",91324
51538,"10 31 36.28","+02 50 41.4",6.57,"K0",91165
51551,"10 31 48.73","-28 14 13.5",6.04,"F6/F7V",91280
51556,"10 31 51.36","+32 22 46.3",5.9,"A0IV",91130
51560,"10 31 56.65","-45 04 10.8",6.04,"B4",91356
51561,"10 31 57.45","-45 04 00.2",5.76,"B9",91355
51576,"10 32 01.48","-61 41 07.3",3.3,"B4Vne",91465
51585,"10 32 11.80","+14 08 14.0",5.43,"M2III",91232
51602,"10 32 28.55","-06 04 30.0",6.82,"K0",91318
51610,"10 32 33.62","-44 37 06.4",5.91,"G6/G8III",91437
51623,"10 32 47.82","-58 40 00.3",5.98,"A2Iab",91533
51624,"10 32 48.68","+09 18 23.7",3.84,"B1Ib SB",91316
51633,"10 32 54.65","-22 31 39.4",6.97,"A0V",91398
51635,"10 32 56.88","-47 00 12.1",5.02,"K4III",91504
51656,"10 33 12.58","-13 24 15.2",6.52,"K3III",91434
51658,"10 33 14.00","+40 25 31.9",4.72,"A7IV",91312
51661,"10 33 15.15","-55 23 12.8",6.68,"G5",300791
51676,"10 33 25.40","-58 11 24.6",6.09,"B7Ia",91619
51685,"10 33 30.93","+34 59 19.3",5.57,"A2Vn",91365
51686,"10 33 31.11","-40 14 18.1",6.68,"G6III",91538
51697,"10 33 43.80","+53 29 50.8",6.52,"A1V",91311
51718,"10 34 00.89","-23 44 42.8",5.08,"K5III",91550
51732,"10 34 12.72","-60 59 15.5",6.25,"K2/K3III",91767
51739,"10 34 16.99","-37 23 12.5",6.9,"A0IV",91645
51775,"10 34 48.07","+06 57 13.0",5.07,"G8II-III",91612
51781,"10 34 49.92","+27 57 42.4",6.82,"K2III",91545
51784,"10 34 50.22","-03 53 57.5",6.67,"F8",91638
51795,"10 34 57.76","-23 10 34.8",6.1,"F6V",91706
51802,"10 35 02.19","+08 39 01.6",5.67,"A2V",91636
51806,"10 35 04.65","-57 40 37.7",6.84,"G8/K0III+..",91869
51808,"10 35 05.59","+75 42 46.7",4.86,"K0III",91190
51809,"10 35 06.11","+02 12 16.3",6.65,"K2",91657
51810,"10 35 06.21","-69 21 05.2",6.87,"M3III",91985
51813,"10 35 08.58","+41 54 32.3",6.94,"K5",91564
51814,"10 35 09.62","+57 04 57.2",5.16,"F1V",91480
51816,"10 35 10.45","-43 39 52.8",6.09,"G8/K0II/III",91805
51821,"10 35 12.88","-39 33 45.3",5.5,"C",91793
51832,"10 35 22.26","-12 51 33.4",6.79,"F0/F2V",91728
51835,"10 35 24.80","-76 18 32.4",6.29,"K2III",92209
51839,"10 35 28.22","-78 36 28.1",4.11,"M0III",92305
51849,"10 35 35.31","-57 33 27.5",4.45,"K3/K4II",91942
51852,"10 35 38.86","-18 34 08.4",6.49,"A5IV/V",91790
51857,"10 35 42.02","-58 11 34.4",6.68,"B0.5Ib",91943
51866,"10 35 49.33","-58 13 27.4",6.52,"B0Ia",91969
51870,"10 35 51.65","-49 13 51.9",6.95,"A2/A3IV/V",91904
51883,"10 36 02.02","+80 29 40.7",6.48,"G4III:",91075
51885,"10 36 04.51","-26 40 31.0",6.29,"F5V",91881
51905,"10 36 16.68","-16 20 39.6",6.01,"M1III",91880
51907,"10 36 17.37","-10 35 00.0",6.58,"F0V",91858
51912,"10 36 20.56","-59 33 51.5",5.08,"K1III",92063
51914,"10 36 21.39","+36 19 37.2",6.29,"F3V",91752
51933,"10 36 32.22","-12 13 42.6",5.71,"F7V",91889
51936,"10 36 35.40","-28 46 18.6",6.83,"A2V",91955
51943,"10 36 42.61","-27 39 22.9",6.65,"K4/K5III",91964
51958,"10 36 51.15","-22 39 54.9",6.98,"K4/K5III",91975
51967,"10 37 01.57","-71 41 29.9",6.92,"K0III",92304
51974,"10 37 11.54","-11 44 54.7",6.52,"F0V",91992
51977,"10 37 12.86","-31 45 45.8",6.77,"K3III",92056
51979,"10 37 13.80","-27 24 45.7",4.87,"M1III",92036
51984,"10 37 16.12","-53 51 19.0",6.43,"B3Vn",92155
51986,"10 37 18.26","-48 13 32.2",3.84,"A3m+...",92139
51992,"10 37 20.60","+56 25 52.9",6.55,"K1III",91810
52003,"10 37 27.05","-12 23 38.5",6.87,"K0",92034
52004,"10 37 27.08","-58 44 00.0",5.47,"A0Ia",92207
52009,"10 37 33.25","-13 23 04.0",4.89,"C",92055
52032,"10 37 52.28","+34 04 43.0",6.42,"K0",92000
52043,"10 38 02.66","-57 15 22.7",5.89,"B3IV",92287
52059,"10 38 17.58","-65 02 31.1",6.73,"B8/B9V",92385
52064,"10 38 19.89","+60 07 30.1",6.77,"F8",91948
52085,"10 38 35.01","-16 52 35.9",4.91,"G8III",92214
52098,"10 38 43.21","+31 58 34.4",4.68,"G0II",92125
52102,"10 38 45.01","-59 10 58.8",4.69,"K4/K5III:",92397
52103,"10 38 45.39","-59 15 44.7",6.5,"B4/B5III/IV",92399
52112,"10 38 50.33","-42 45 12.3",6.1,"Am+...",92328
52113,"10 38 50.44","-12 26 37.1",6.04,"A0Vn",92245
52116,"10 38 51.40","-64 29 52.9",6.97,"B9.5V",92467
52120,"10 38 54.50","+16 07 38.9",6.61,"F5V",92196
52127,"10 38 59.70","-58 49 00.8",5.96,"M1III",92436
52131,"10 39 01.83","-75 09 27.0",6.75,"A4V",92665
52136,"10 39 05.74","+53 40 06.6",5.55,"K3III",92095
52139,"10 39 07.80","+37 54 36.4",5.84,"F9V",92168
52150,"10 39 15.94","-74 29 36.2",6.08,"K3II",92682
52151,"10 39 16.31","-36 40 37.9",6.69,"G8III",92363
52154,"10 39 18.41","-55 36 11.8",4.29,"G2II",92449
52160,"10 39 22.85","-64 06 42.5",6.33,"B8V",92536
52203,"10 39 57.94","-52 17 02.9",6.88,"A0Vn...",92518
52204,"10 39 58.18","-49 16 47.0",6.97,"K5Ib",92501
52221,"10 40 11.46","-65 06 00.9",5.51,"B9p Si",92664
52230,"10 40 14.95","-47 09 37.0",6.99,"B9V",92550
52261,"10 40 42.13","-64 39 11.6",6.81,"B9.5V",92715
52273,"10 40 51.56","-35 44 30.2",6.36,"G8/K0III+..",92589
52274,"10 40 53.06","-57 56 08.2",6.9,"A2Ia",92692
52293,"10 41 06.44","-64 28 27.9",6.73,"B9Vn",92783
52308,"10 41 17.52","-59 40 36.9",6.35,"WN7 + A(SB1)",92740
52316,"10 41 24.27","-01 44 28.3",6.25,"K1IV",92588
52320,"10 41 26.14","-56 04 07.4",6.81,"B9.5V",92757
52324,"10 41 30.36","-35 43 52.0",6.82,"A0V",92678
52338,"10 41 48.31","+68 26 36.8",5.74,"K3III",92354
52340,"10 41 51.58","-79 46 59.9",5.97,"B5IV",93237
52353,"10 41 56.78","+65 42 59.3",5.12,"K2IIIvar",92424
52366,"10 42 11.27","+31 41 49.4",6.02,"M2III",92620
52369,"10 42 13.18","-13 47 14.3",6.79,"G2/G3V",92719
52370,"10 42 14.14","-64 27 59.2",4.76,"B3V",92938
52378,"10 42 21.99","-47 13 12.9",6.96,"K2III",92847
52385,"10 42 27.28","-08 43 37.9",6.86,"K0",92753
52391,"10 42 31.38","-13 58 28.4",6.24,"K3/K4III:",92770
52397,"10 42 36.03","-75 27 49.6",6.85,"B9IV",93165
52401,"10 42 37.53","+03 34 58.9",6.57,"F5",92749
52405,"10 42 40.57","-59 12 56.8",5.36,"B2.5Ia",92964
52407,"10 42 43.21","-32 42 56.4",5.63,"A0V",92845
52414,"10 42 52.33","-23 32 56.5",6.79,"G8III",92844
52419,"10 42 57.43","-64 23 40.1",2.74,"B0Vp",93030
52420,"10 43 01.04","-49 03 25.6",6.99,"M0/M1III",92949
52422,"10 43 01.95","+26 19 32.5",5.51,"A4Vn",92769
52425,"10 43 04.04","+69 04 34.5",5.01,"K3III",92523
52436,"10 43 09.44","-61 10 06.7",6.62,"B3III",93010
52447,"10 43 17.92","-31 45 34.7",6.55,"K0III",92934
52452,"10 43 20.91","+04 44 51.9",5.77,"K3III+...",92841
52457,"10 43 25.03","+23 11 18.2",5.08,"A3Vn",92825
52464,"10 43 29.53","+80 25 37.5",6.7,"A0",92192
52468,"10 43 32.31","-60 33 59.9",4.58,"K3Ib",93070
52469,"10 43 33.12","+46 12 14.5",5.18,"F5III",92787
52478,"10 43 43.32","+57 11 57.6",5.79,"A0Vs",92728
52484,"10 43 49.08","+18 18 47.1",6.51,"K0",92884
52487,"10 43 51.21","-64 14 56.6",5.74,"B3:V",93163
52488,"10 43 52.27","-60 07 04.0",6.45,"WN7 + A",93131
52502,"10 44 06.94","-63 57 40.0",4.8,"B5Vn",93194
52506,"10 44 09.65","-51 55 25.4",6.87,"K0/K1III",93094
52513,"10 44 14.62","+19 45 32.0",6.27,"A5V",92941
52520,"10 44 20.10","-70 51 35.0",6.25,"A5IV/V",93344
52526,"10 44 22.92","-59 59 36.0",6.32,"B0Ib:",93206
52535,"10 44 27.25","-72 26 37.1",6.26,"F6V",93372
52536,"10 44 28.12","-23 59 07.7",6.63,"K2II",93064
52537,"10 44 32.42","-70 51 18.9",6.43,"A6IV",93359
52550,"10 44 39.34","-36 55 50.1",6.69,"F7V",93105
52577,"10 45 04.02","+67 24 41.0",5.95,"C5II",92839
52584,"10 45 09.48","+02 29 16.9",6.27,"K4III",93102
52595,"10 45 16.38","-80 28 10.3",5.46,"K0III",93779
52599,"10 45 20.50","+45 33 58.7",6.97,"B8V",93033
52622,"10 45 41.05","-47 27 35.3",6.64,"M3/M4III",93336
52633,"10 45 47.14","-80 32 24.7",4.45,"B2.5IV",93845
52636,"10 45 50.58","-40 58 24.2",6.84,"K0III",93316
52638,"10 45 51.91","+30 40 56.6",5.36,"A1Vn",93152
52660,"10 46 05.68","+06 22 23.8",6.38,"K1III:",93244
52678,"10 46 16.58","-64 30 52.5",5.33,"B7:V",93540
52679,"10 46 17.12","-60 36 10.4",6.26,"A0IV",93502
52683,"10 46 19.32","+12 44 52.5",6.9,"A2",93273
52685,"10 46 22.54","+57 21 57.8",6.34,"M1III",93132
52686,"10 46 24.49","+18 53 29.8",5.5,"K3III",93257
52689,"10 46 25.35","+14 11 41.3",5.49,"G4III:",93291
52690,"10 46 25.98","-63 17 58.4",6.97,"G6/G8III",93539
52701,"10 46 29.61","-64 15 47.7",5.23,"B7IV",93549
52709,"10 46 37.14","-43 11 33.1",6.29,"A4IV",93453
52721,"10 46 42.84","-26 02 53.8",6.7,"K0/K1III",93410
52727,"10 46 46.12","-49 25 12.5",2.69,"G5III SB",93497
52730,"10 46 48.09","-69 12 35.3",6.34,"A2IV",93649
52736,"10 46 51.24","-64 23 00.6",4.87,"B3IV",93607
52737,"10 46 52.06","-17 17 48.6",5.44,"A3V",93397
52742,"10 46 57.49","-56 45 25.9",5.14,"B8/B9III",93563
52762,"10 47 19.08","-57 19 31.5",6.96,"B0.5Ib",93619
52785,"10 47 30.62","-69 26 15.8",6.35,"B2IV",93739
52789,"10 47 33.41","-31 36 11.6",6.97,"M2III",93554
52794,"10 47 36.73","+65 37 00.2",6.94,"M4III",93238
52795,"10 47 37.93","-15 15 42.9",6.67,"A0III",93526
52797,"10 47 38.41","-57 28 02.7",6.29,"M1II",93662
52799,"10 47 39.93","-64 32 49.9",6.54,"B3III",93714
52800,"10 47 39.99","-15 14 38.3",6.94,"A:+...",93525
52804,"10 47 42.85","-15 06 35.3",6.96,"K0III",93524
52806,"10 47 44.34","-59 52 30.9",6.47,"B5Vvar",93695
52815,"10 47 53.55","-64 15 46.3",6.46,"B9.5V",93738
52816,"10 47 55.49","-52 14 46.0",6.74,"A0V",93668
52822,"10 48 00.76","+39 44 32.7",6.78,"K0",93458
52827,"10 48 05.42","-59 55 09.0",5.98,"A0Ia",93737
52841,"10 48 14.13","-31 41 16.3",5.87,"A1V",93657
52863,"10 48 40.57","-01 57 32.1",5.92,"M2III",93655
52865,"10 48 41.53","-47 44 59.9",6.51,"G8III",93773
52877,"10 48 49.86","+65 07 56.9",6.4,"A1V",93427
52882,"10 48 57.28","+29 24 58.1",6.15,"K0",93636
52883,"10 48 57.69","-27 55 04.2",6.94,"A3IIIm...",93731
52911,"10 49 15.43","+10 32 42.9",5.32,"A2V",93702
52913,"10 49 17.30","-04 01 26.1",6.61,"A2IV",93742
52922,"10 49 24.46","-59 19 25.6",5.85,"B9.5IV/V",93943
52924,"10 49 25.73","-42 22 03.0",6.77,"K1/K2III",93850
52929,"10 49 28.82","+63 48 36.0",6.42,"K0",93551
52943,"10 49 37.43","-16 11 38.9",3.11,"K0/K1III",93813
52948,"10 49 43.48","-09 51 09.5",5.85,"G8III:",93833
52959,"10 49 53.73","+27 58 25.9",6.05,"F5V",93765
52965,"10 49 57.05","-34 03 29.5",5.61,"A1V",93905
52980,"10 50 18.06","-08 53 51.8",5.8,"A3m",93903
53005,"10 50 36.61","+23 24 22.5",6.59,"Am",93901
53007,"10 50 40.04","-61 16 10.4",6.84,"B2V",94144
53029,"10 50 58.64","-59 57 26.3",6.79,"B8/B9IV",94173
53035,"10 51 05.44","-03 05 33.5",5.95,"K2",94014
53037,"10 51 06.02","-18 19 56.0",6.56,"A3V",94046
53039,"10 51 08.56","+11 34 43.9",6.85,"K0",93993
53043,"10 51 11.08","+56 34 56.1",5.66,"K2III",93859
53064,"10 51 23.76","+59 19 12.9",5.57,"K2III",93875
53074,"10 51 30.30","-75 52 58.0",6.68,"B8III",94454
53100,"10 51 46.93","-57 16 20.3",6.29,"A6III",94275
53106,"10 51 53.29","-49 09 26.8",6.56,"F7V",94243
53109,"10 51 56.21","-58 24 55.7",6.88,"B5Iab",94304
53113,"10 51 58.65","-55 08 18.1",6.53,"K4/K5III:",94286
53134,"10 52 10.12","+50 15 56.2",6.63,"K2",94040
53141,"10 52 13.69","+01 01 29.9",6.37,"A3V",94180
53151,"10 52 28.67","-79 33 34.0",6.36,"K2II/III",94717
53154,"10 52 30.85","-57 14 25.5",5.26,"B9Ia",94367
53155,"10 52 30.90","+52 33 55.5",6.76,"G8III:",94083
53157,"10 52 32.11","+52 30 13.4",6.44,"K2III",94084
53167,"10 52 36.10","-00 12 05.7",6.31,"K5III",94237
53190,"10 52 46.48","-68 12 37.4",6.7,"M1III",94495
53211,"10 53 01.31","-35 29 20.6",6.79,"B6III",94366
53229,"10 53 18.64","+34 12 56.0",3.79,"K0III-IV",94264
53231,"10 53 21.18","-58 53 36.5",6.26,"B5V",94491
53240,"10 53 25.04","-02 15 18.0",6.12,"K0III+...",94363
53252,"10 53 29.48","-20 08 17.3",5.23,"F6V",94388
53253,"10 53 29.57","-58 51 11.8",3.78,"K0III-IV...",94510
53257,"10 53 31.38","+69 51 14.6",5.91,"G9IV",94132
53259,"10 53 32.86","-15 26 44.5",6.34,"K2III",94386
53260,"10 53 33.42","-56 25 13.8",6.45,"K2III",94508
53261,"10 53 34.52","+54 35 06.5",5.12,"K3III",94247
53272,"10 53 42.13","-70 43 13.2",5.99,"B6V",94650
53273,"10 53 43.76","-02 07 45.3",5.45,"G8III",94402
53289,"10 53 56.47","-36 27 24.8",6.73,"F6/F7IV",94504
53295,"10 53 58.71","+43 11 24.1",4.66,"A1Vs",94334
53316,"10 54 17.78","-13 45 29.0",5.65,"K0III + (G)",94481
53334,"10 54 29.60","-61 49 35.8",5.95,"K4III",94683
53345,"10 54 35.42","+29 37 48.7",6.53,"F8",94457
53347,"10 54 37.13","-55 37 08.3",6.76,"K1III",94645
53355,"10 54 42.20","+25 29 26.6",6.19,"A8V",94480
53356,"10 54 43.30","-42 01 05.2",6.95,"K1III",94607
53377,"10 54 58.22","+34 02 05.7",5.73,"G7III:",94497
53379,"10 55 01.04","-42 15 03.9",6.08,"A0p...",94660
53387,"10 55 11.58","-20 39 53.9",6.45,"K1III",94619
53389,"10 55 13.12","+77 05 15.2",6.81,"M3III",94190
53394,"10 55 17.26","-60 31 01.9",5.93,"K0III",94776
53411,"10 55 27.25","-43 01 14.0",6.4,"A0V",94724
53417,"10 55 36.85","+24 44 59.1",4.3,"A1",94601
53423,"10 55 42.34","+00 44 13.0",5.91,"F2III",94672
53426,"10 55 44.46","+33 30 25.2",5.02,"K1III",94600
53449,"10 56 01.48","+06 11 07.4",5.91,"M5IIIvar",94705
53460,"10 56 10.54","+00 25 58.6",6.66,"K0",94738
53465,"10 56 14.51","+42 00 30.2",6.03,"K2III",94669
53472,"10 56 16.88","+22 21 06.0",6.17,"K2",94720
53481,"10 56 26.83","+57 30 10.9",6.8,"K0III-IV",94631
53492,"10 56 34.44","+25 30 00.9",6.36,"K0",94747
53502,"10 56 43.00","-37 08 14.9",4.6,"K0III",94890
53530,"10 57 07.88","-50 45 54.2",5.9,"A7Vni",94985
53532,"10 57 08.01","-00 18 42.8",6.88,"F5",94864
53546,"10 57 15.81","-75 05 59.2",6.16,"K1II",95208
53556,"10 57 20.22","-69 02 17.0",6.48,"B7V",95122
53576,"10 57 37.87","-45 52 33.2",6.83,"K1III",95027
53589,"10 57 48.19","-59 43 55.9",6.36,"G3Ia",95109
53654,"10 58 37.50","+19 37 19.5",6.8,"K0",95047
53675,"10 58 56.69","-19 36 16.6",6.84,"K0III",95145
53681,"10 59 00.61","+45 11 52.4",6.91,"K0",95045
53685,"10 59 04.57","-53 32 21.4",6.81,"F6V",95263
53699,"10 59 13.74","-33 44 14.8",5.7,"F2V",95221
53700,"10 59 13.89","-81 33 22.8",6.7,"F7IV",95788
53701,"10 59 14.05","-61 19 14.7",6.16,"B8IV",95324
53702,"10 59 14.16","-84 35 37.9",6.19,"A1V",96124
53706,"10 59 17.89","+51 52 56.5",6.22,"K0",95057
53721,"10 59 28.22","+40 25 48.4",5.03,"G0V",95128
53723,"10 59 30.95","-16 21 13.3",5.88,"M1III",95234
53726,"10 59 32.74","+36 05 35.6",5.99,"M2III",95129
53737,"10 59 41.23","+11 42 20.7",6.53,"F5V",95216
53740,"10 59 46.75","-18 17 56.8",4.08,"K1III",95272
53761,"10 59 57.02","+77 46 12.8",6.18,"G9III",94860
53762,"10 59 59.43","-43 48 25.7",5.81,"B8/B9V",95347
53771,"11 00 08.34","-51 49 04.1",6.15,"A3III/IV",95429
53773,"11 00 09.25","-42 13 33.1",4.37,"A3IV",95370
53778,"11 00 11.70","-14 04 59.9",5.86,"K5III",95314
53781,"11 00 14.70","+45 31 34.6",5.47,"K5III",95212
53791,"11 00 20.76","+42 54 43.3",6.03,"F9V",95241
53798,"11 00 25.58","+51 30 07.7",6.41,"G9III",95233
53807,"11 00 33.64","+03 37 03.1",4.84,"K1III",95345
53811,"11 00 36.33","-53 06 42.7",6.44,"K3III",95509
53818,"11 00 40.84","-31 50 22.6",6.06,"F8V",95456
53821,"11 00 42.06","+42 43 53.2",6.69,"K0",95296
53824,"11 00 44.83","+06 06 05.4",4.98,"A5III",95382
53836,"11 00 49.79","-52 04 29.9",6.82,"A0V",95534
53838,"11 00 50.48","+39 12 43.7",5.06,"Am",95310
53840,"11 00 51.32","-40 29 53.3",6.77,"F7V",95506
53849,"11 00 57.34","-15 47 33.3",6.35,"K0III",95441
53860,"11 01 05.73","+63 25 16.4",6.38,"A2m",95256
53906,"11 01 49.33","+29 52 16.6",6.95,"K0",95515
53907,"11 01 49.67","-02 29 04.2",4.73,"K5III",95578
53909,"11 01 49.73","-64 18 14.1",6.94,"A9Ib-II",95752
53910,"11 01 50.39","+56 22 56.4",2.34,"A1V",95418
53940,"11 02 13.84","-41 06 50.6",6.48,"M4III",95716
53951,"11 02 17.67","+58 39 59.3",6.63,"K2",95499
53954,"11 02 19.78","+20 10 47.1",4.42,"A1m",95608
53963,"11 02 24.41","-26 49 52.3",6.21,"A9III/IV",95698
53984,"11 02 36.80","-03 30 45.3",6.81,"G5",95695
53996,"11 02 46.22","-59 44 27.6",6.96,"B5Ib",95880
54006,"11 02 54.82","-72 14 32.0",6.78,"B5V",96044
54019,"11 03 05.08","-25 34 30.3",6.72,"A7IV",95793
54021,"11 03 06.16","-60 54 38.6",6.67,"M2Ib",95950
54027,"11 03 14.55","-00 45 07.4",6.12,"F0V",95771
54029,"11 03 14.93","-11 18 11.6",5.51,"G7III...",95808
54030,"11 03 16.09","-31 57 38.8",6.44,"M2/M3III",95857
54038,"11 03 27.37","+70 01 51.0",6.44,"K0",95572
54048,"11 03 36.53","-13 26 05.7",6.34,"G8III",95870
54049,"11 03 36.63","-00 00 03.0",5.95,"K3III",95849
54060,"11 03 42.81","-51 21 09.7",6.74,"F0V",96008
54061,"11 03 43.84","+61 45 04.0",1.81,"F7V comp",95689
54063,"11 03 44.89","+25 46 28.6",6.97,"A5",95804
54075,"11 03 54.25","-19 38 59.9",6.64,"A9IV",95939
54082,"11 04 00.25","-57 57 19.2",6.16,"B3III",96088
54087,"11 04 02.92","-54 11 51.9",6.54,"G8III",96068
54110,"11 04 19.22","-01 16 41.5",6.89,"A0",95981
54136,"11 04 31.28","+38 14 28.9",6.01,"A3III-IV",95934
54137,"11 04 31.30","-47 40 45.1",5.67,"A8III/IV",96113
54141,"11 04 33.34","+12 40 01.2",6.87,"A3p",96003
54166,"11 04 48.68","-75 09 18.6",6.9,"Ap...",96451
54173,"11 04 54.21","-35 48 16.9",5.43,"A0V",96146
54179,"11 04 57.57","-59 51 32.0",6.57,"B1Iab",96248
54182,"11 05 01.23","+07 20 10.0",4.62,"F2III-IVvar",96097
54185,"11 05 04.14","-49 23 32.4",6.11,"B9V",96224
54204,"11 05 20.03","-27 17 36.9",4.92,"F3IV/V",96202
54214,"11 05 33.98","-11 05 19.4",6.09,"F0Vn",96220
54231,"11 05 45.77","-47 26 32.2",6.82,"A0V",96338
54235,"11 05 48.41","+38 23 39.8",6.92,"G5III",96161
54255,"11 05 57.55","-27 17 16.1",5.69,"B8V",96314
54260,"11 06 02.25","+01 12 38.5",6.98,"M...",96274
54264,"11 06 05.74","-51 12 45.9",6.28,"G6IV",96407
54266,"11 06 05.83","-59 56 59.6",6.7,"B2IIIp",96446
54289,"11 06 24.32","-64 50 23.8",6.39,"A3V",96568
54291,"11 06 27.57","-50 57 24.3",6.31,"K2II",96484
54294,"11 06 29.30","-58 40 30.1",6.07,"K2II/III",96544
54301,"11 06 32.47","-62 25 26.9",4.62,"G8III",96566
54311,"11 06 38.88","-28 43 39.1",6.76,"A1V",96441
54315,"11 06 41.53","-13 00 09.6",6.51,"A7III",96400
54319,"11 06 44.01","+17 44 14.7",6.4,"K5",96372
54327,"11 06 49.93","-70 52 40.6",5.58,"B2V",96706
54332,"11 06 52.35","-30 33 17.4",6.68,"K0III",96504
54336,"11 06 54.43","+01 57 20.6",5.52,"G9IIICN...",96436
54347,"11 07 04.91","+25 32 13.8",6.86,"F8IV",96418
54349,"11 07 08.41","-32 35 12.9",6.58,"F2V",96557
54360,"11 07 16.76","-42 38 19.6",5.15,"Ap SrCrEu",96616
54380,"11 07 34.15","-48 38 24.1",6.44,"K3III",96660
54388,"11 07 39.72","+23 19 25.5",6.48,"A5m",96528
54400,"11 07 54.77","-30 10 27.3",6.51,"G1/G2V",96700
54424,"11 08 13.53","-52 24 08.9",6.85,"F2V",96805
54430,"11 08 15.77","-29 58 20.8",6.47,"A1V",96723
54432,"11 08 16.94","-01 54 11.1",6.66,"K0",96694
54461,"11 08 34.01","-61 56 49.8",5.11,"B9Ia",96919
54463,"11 08 35.40","-58 58 30.2",3.93,"G0Ia0",96918
54470,"11 08 40.81","+17 12 04.1",6.8,"G8III",96719
54474,"11 08 41.34","-86 13 51.4",6.87,"M2III",97903
54477,"11 08 44.05","-28 04 50.2",5.43,"A1V",96819
54487,"11 08 49.08","+24 39 30.4",5.7,"A3IV",96738
54493,"11 08 57.02","-19 24 59.2",6.92,"A0/A1V",96838
54515,"11 09 13.70","-01 19 59.7",6.82,"A2",96855
54518,"11 09 16.75","+51 22 44.4",6.82,"M0",96734
54522,"11 09 19.11","+36 18 34.0",5.71,"M3.5III",96813
54537,"11 09 38.55","+43 12 27.9",5.89,"M2III",96834
54539,"11 09 39.86","+44 29 54.8",3.0,"K1III",96833
54540,"11 09 39.92","+67 12 37.0",6.07,"F0sp...",96707
54543,"11 09 41.15","-58 50 15.8",6.79,"G1Iab/Ib",97082
54552,"11 09 47.13","+54 06 23.7",6.9,"G0",96832
54561,"11 09 53.38","-32 22 02.8",5.79,"A1V",97023
54570,"11 09 58.77","-29 47 38.9",6.83,"K2III",97022
54582,"11 10 13.49","-07 23 20.3",6.81,"G0",97037
54630,"11 10 54.82","-58 27 19.0",6.88,"B7III",97271
54673,"11 11 29.57","-71 26 10.3",6.34,"K2/K3III",97472
54674,"11 11 31.34","+54 08 57.5",6.68,"A5",97125
54682,"11 11 39.49","-22 49 32.2",4.46,"A1V",97277
54684,"11 11 40.41","-60 18 38.9",6.68,"B8V",97398
54688,"11 11 43.79","+14 24 00.7",6.3,"A5V",97244
54703,"11 11 57.86","-26 48 22.1",6.43,"K0III",97344
54708,"11 12 03.60","-58 25 24.1",6.24,"M4III",97451
54718,"11 12 10.24","-46 16 00.4",6.27,"A1V",97413
54721,"11 12 10.90","+68 16 18.7",6.4,"A3V",97138
54725,"11 12 14.78","-32 26 01.8",6.35,"M2/M3III",97393
54734,"11 12 22.80","+34 47 05.3",6.93,"K0",97322
54742,"11 12 30.38","-18 29 59.3",6.11,"A0V",97411
54745,"11 12 32.53","+35 48 52.0",6.41,"G0V",97334
54746,"11 12 33.15","-49 06 03.9",5.37,"A2III",97495
54749,"11 12 34.79","-21 44 57.7",6.39,"K3III",97428
54751,"11 12 36.02","-60 19 03.5",4.59,"A6Ia",97534
54765,"11 12 44.45","+54 53 39.5",6.63,"A4V",97302
54767,"11 12 45.27","-64 10 11.2",5.22,"B9V",97583
54783,"11 12 56.74","-49 44 10.0",6.12,"G8II/III",97550
54795,"11 13 05.10","-47 03 18.8",6.65,"F8/G0IV",97547
54801,"11 13 07.58","+67 19 22.4",6.6,"G5",97301
54811,"11 13 14.69","-44 22 20.0",5.77,"K5/M0III",97576
54814,"11 13 17.50","-50 07 21.1",6.87,"A1/2V + KIII",97592
54819,"11 13 19.81","+33 26 38.0",6.62,"K0",97488
54829,"11 13 30.79","-59 37 09.5",5.74,"B1.5V",97670
54840,"11 13 39.41","-53 13 54.9",5.75,"K2III",97651
54842,"11 13 40.10","+41 05 19.7",6.33,"K2III",97501
54844,"11 13 41.22","+20 07 44.9",6.93,"G5III",97561
54849,"11 13 45.58","-00 04 10.2",5.4,"A0V",97585
54854,"11 13 50.73","-52 51 20.7",6.82,"Am",97689
54857,"11 13 53.07","+02 16 06.9",6.75,"F2",97606
54863,"11 14 01.81","+08 03 39.4",5.79,"K3III",97605
54872,"11 14 06.41","+20 31 26.5",2.56,"A4V",97603
54879,"11 14 14.44","+15 25 47.1",3.33,"A2V",97633
54910,"11 14 37.70","-01 16 14.7",6.63,"K0",97716
54929,"11 14 54.13","-43 44 01.3",6.22,"K4III",97866
54931,"11 14 54.73","-68 19 40.5",6.98,"K5III",97971
54938,"11 15 02.50","-33 19 04.4",6.98,"F3V",97840
54949,"11 15 08.57","-39 28 37.0",6.87,"A2V",97881
54951,"11 15 12.24","+23 05 43.9",4.56,"M3III",97778
54960,"11 15 17.62","-19 38 15.2",6.89,"A3V",97864
54971,"11 15 22.17","-66 30 43.0",6.86,"K4/K5III",98027
54974,"11 15 23.59","-11 35 17.2",6.86,"M4III",97876
54999,"11 15 39.77","-12 35 33.1",6.51,"M3III",97918
55003,"11 15 42.76","-57 21 21.1",6.42,"A3V",98025
55016,"11 15 51.90","+13 18 27.3",5.31,"K3III",97907
55019,"11 15 53.70","-47 55 15.0",6.54,"A0V",98022
55029,"11 15 56.35","+12 36 49.0",6.82,"A0",97938
55033,"11 15 57.82","+12 50 41.8",6.66,"F0V",97937
55044,"11 16 03.88","+52 46 22.9",6.51,"F6V+...",97855
55048,"11 16 09.11","+78 18 32.3",6.89,"K0",97619
55060,"11 16 19.02","+59 56 35.5",6.91,"A3",97889
55063,"11 16 19.83","-34 40 04.4",6.8,"A3V",98048
55068,"11 16 27.94","-45 52 48.6",6.3,"F3V",98096
55081,"11 16 36.44","-03 58 00.3",6.76,"A3",98046
55084,"11 16 39.76","-03 39 05.5",4.45,"A7IVn",98058
55086,"11 16 41.93","+49 28 34.6",5.88,"K0III:",97989
55100,"11 16 53.12","-38 23 55.7",6.88,"K1/K2III",98126
55105,"11 16 57.60","-34 55 38.4",6.89,"K3III",98125
55106,"11 16 58.18","-07 08 04.9",6.11,"A2p...",98088
55109,"11 17 00.01","-54 46 36.8",6.77,"F3V",98180
55126,"11 17 10.68","-41 23 25.9",6.85,"Fm...",98175
55130,"11 17 12.06","-38 00 51.8",6.24,"A1V",98161
55133,"11 17 14.37","-41 56 03.5",6.46,"A0V",98176
55137,"11 17 17.37","+02 00 39.3",5.18,"M0III comp",98118
55140,"11 17 19.02","-67 49 24.6",6.06,"M2III",98292
55148,"11 17 26.94","+60 16 18.4",6.65,"K0",98054
55149,"11 17 27.56","-59 06 19.5",6.7,"B9.5/A0III",98278
55164,"11 17 38.88","-34 44 14.3",6.44,"F3V",98221
55165,"11 17 39.16","-33 32 46.8",6.84,"F7V",98220
55168,"11 17 42.94","-36 32 03.5",6.67,"G8/K0III",98233
55170,"11 17 44.31","+27 21 44.1",6.96,"A2",98153
55193,"11 18 01.40","+22 10 47.9",6.84,"G8II",98217
55203,"11 18 11.24","+31 31 50.8",3.79,"G0V",98230
55209,"11 18 21.04","+11 59 04.6",6.66,"A2V",98280
55218,"11 18 28.66","+42 18 59.2",6.94,"G5",98247
55219,"11 18 28.76","+33 05 39.3",3.49,"K3III SB",98262
55225,"11 18 34.21","-79 40 07.0",6.35,"A8IIIm...",98617
55228,"11 18 36.54","-24 20 35.9",6.69,"K0III",98346
55238,"11 18 43.78","-58 11 11.1",6.61,"M6III",98434
55243,"11 18 48.38","+35 29 21.7",6.67,"K0",98317
55249,"11 18 54.98","+01 39 01.9",5.9,"K0III:",98366
55254,"11 18 59.87","+14 16 08.2",6.6,"F9V",98354
55256,"11 19 03.59","+62 10 57.4",6.93,"K0",98261
55266,"11 19 07.94","+38 11 08.6",4.76,"A2V",98353
55280,"11 19 16.84","-64 34 57.4",5.99,"F6IV",98560
55282,"11 19 20.52","-14 46 44.6",3.56,"K0III",98430
55288,"11 19 22.77","-01 39 16.3",6.61,"F8+...",98427
55302,"11 19 31.83","+32 49 30.3",6.57,"K0",98397
55308,"11 19 36.58","-75 08 32.8",6.26,"B9.5/A0V",98672
55332,"11 19 50.84","-72 57 29.8",6.46,"A0V",98671
55350,"11 20 04.16","-71 59 39.6",6.41,"B4V",98695
55374,"11 20 19.05","-28 19 56.1",6.68,"K1III",98579
55387,"11 20 29.94","-45 43 43.6",6.91,"F2V",98635
55389,"11 20 31.31","-10 17 40.4",6.54,"K0",98591
55391,"11 20 32.04","+44 59 54.1",6.73,"F0",98526
55412,"11 20 53.71","+67 06 03.1",6.2,"G8",98499
55425,"11 21 00.44","-54 29 27.7",3.9,"B5Vn",98718
55434,"11 21 08.25","+06 01 45.7",4.05,"B9.5Vs",98664
55455,"11 21 26.96","+06 38 05.8",6.69,"F8",98697
55485,"11 21 49.35","+57 04 29.4",6.43,"A7Vn",98673
55488,"11 21 50.25","+09 10 06.4",6.69,"A2",98747
55497,"11 21 57.11","-77 36 30.1",6.43,"A5III/IV",99015
55518,"11 22 15.55","-58 23 09.3",6.64,"G8III",98897
55528,"11 22 23.15","-44 38 45.1",6.1,"G8III",98892
55531,"11 22 28.75","-08 50 33.5",6.91,"A2",98853
55537,"11 22 31.68","-53 22 11.5",6.77,"B9Ve",98922
55549,"11 22 41.79","+40 10 31.7",6.58,"F5",98823
55560,"11 22 49.61","+43 28 57.9",4.99,"G8II",98839
55564,"11 22 51.25","+64 19 49.5",6.02,"A3V",98772
55569,"11 22 54.74","-50 47 12.1",6.87,"K0III",98980
55581,"11 23 08.17","-56 46 45.7",5.82,"A4:p",99022
55588,"11 23 12.70","-36 09 53.2",5.0,"K4III",98993
55589,"11 23 15.16","+06 35 09.1",6.9,"G5",98947
55595,"11 23 17.97","+00 07 55.4",6.05,"K3",98960
55597,"11 23 21.43","-64 57 17.0",5.09,"B5",99103
55598,"11 23 22.07","-18 46 47.6",5.08,"F3IV",98991
55629,"11 23 47.55","-36 05 21.2",6.99,"A0V",99062
55641,"11 23 53.38","+37 14 05.5",6.93,"F0",99002
55642,"11 23 55.37","+10 31 46.9",4.0,"F2IV SB",99028
55645,"11 23 56.54","-57 52 49.4",6.5,"M0III",99145
55650,"11 24 02.34","+01 24 27.9",5.39,"G8IIICN...",99055
55657,"11 24 11.18","-72 15 23.8",5.55,"B2IV-V",99264
55666,"11 24 21.81","-05 54 35.1",6.94,"F5",99126
55667,"11 24 22.06","-42 40 08.8",6.13,"B2IV-V",99171
55682,"11 24 34.51","+48 36 20.8",6.78,"K5",99073
55687,"11 24 36.61","-10 51 33.8",4.81,"K5III",99167
55705,"11 24 52.98","-17 41 02.5",4.06,"A9V",99211
55713,"11 24 58.22","-02 12 44.2",6.75,"A5",99210
55716,"11 24 58.99","+11 25 49.1",5.8,"K4III",99196
55735,"11 25 11.86","-73 37 56.9",6.88,"F0V",99441
55756,"11 25 29.53","-36 03 47.2",5.21,"K0III",99322
55763,"11 25 33.13","-37 44 51.2",5.87,"M3III",99333
55765,"11 25 36.46","+16 27 23.6",5.58,"F2V",99285
55766,"11 25 38.24","+29 59 14.3",6.88,"F0",99267
55769,"11 25 39.47","+03 18 04.5",6.73,"A2",99305
55779,"11 25 43.56","-63 58 20.3",5.18,"F7V",99453
55791,"11 25 50.10","+03 51 36.7",6.35,"F3IV",99329
55795,"11 25 54.01","-13 45 04.7",6.52,"M1III",99363
55797,"11 25 57.18","+55 51 01.2",5.73,"K0III",99283
55802,"11 26 02.02","-20 34 56.0",6.72,"A5IV/V",99380
55816,"11 26 18.03","+08 39 34.5",6.73,"K0",99393
55821,"11 26 25.58","+33 27 02.0",6.33,"F6IV",99373
55830,"11 26 34.05","-21 21 23.4",6.88,"A0V",99459
55831,"11 26 35.43","-61 06 54.6",5.22,"B3IV",99556
55846,"11 26 45.75","+03 00 45.6",6.49,"K0IV",99491
55849,"11 26 47.30","-53 09 35.8",5.8,"K0III+...",99574
55863,"11 26 59.67","-61 22 09.6",6.72,"M2Ib-II",99619
55865,"11 27 00.84","-56 16 48.8",6.68,"K1/K2III",99586
55874,"11 27 09.58","-12 21 24.5",5.93,"F4III-IV",99564
55912,"11 27 37.68","-25 51 39.3",6.75,"K0III",99625
55928,"11 27 43.09","-60 29 45.0",6.86,"K3III",99736
55936,"11 27 50.39","+45 11 06.9",6.68,"M4IIIvar",99592
55941,"11 27 53.73","-01 41 59.8",6.23,"K2III:",99651
55944,"11 27 56.13","+44 33 57.0",6.84,"F0",99607
55945,"11 27 56.23","+02 51 22.6",4.95,"G8II-III",99648
55950,"11 27 56.90","+44 52 42.7",6.9,"K0",99606
55953,"11 27 58.67","-35 19 43.9",6.44,"K4/K5III",99712
55958,"11 28 02.08","+11 58 23.3",6.55,"K2",99647
55979,"11 28 18.46","-72 28 26.3",6.09,"B3V",99872
56000,"11 28 35.11","-42 40 27.2",5.14,"B9V",99803
56005,"11 28 38.27","-54 53 00.7",6.79,"A4V",99845
56024,"11 28 55.60","-43 28 45.3",6.96,"K1III",99854
56028,"11 28 59.37","+10 02 16.2",6.97,"F5",99797
56034,"11 29 04.16","+39 20 13.0",5.3,"A2V",99787
56035,"11 29 04.70","+61 46 40.0",5.83,"F5Vawvar",99747
56050,"11 29 15.14","-63 33 14.2",6.45,"B2Ia",99953
56076,"11 29 37.54","-28 01 50.1",6.67,"K3III",99923
56078,"11 29 38.65","-24 27 50.6",5.77,"A0V",99922
56079,"11 29 40.00","+07 35 58.0",6.73,"F5",99904
56080,"11 29 41.86","+15 24 48.2",5.74,"K4III",99902
56081,"11 29 42.15","-38 27 24.7",6.74,"G8IV",99952
56083,"11 29 43.66","+56 44 15.6",6.29,"A4m",99859
56109,"11 30 04.37","+29 57 54.4",6.9,"F1",99946
56120,"11 30 12.86","+54 21 44.4",6.52,"K0III",99913
56127,"11 30 18.88","-03 00 12.5",4.77,"K4III",99998
56130,"11 30 20.69","-25 47 55.0",6.59,"K0/K1II/III",100012
56135,"11 30 24.83","+46 39 26.9",6.3,"K2IIICN-1",99967
56145,"11 30 28.66","+43 34 41.9",6.67,"K0",99995
56146,"11 30 29.08","+18 24 35.1",5.54,"K0III",100006
56148,"11 30 31.17","+43 10 23.0",5.94,"F4V",99984
56165,"11 30 49.84","+41 17 13.6",6.95,"F5",100018
56170,"11 30 53.14","+47 55 44.8",6.4,"G9IV",100030
56178,"11 30 54.94","+28 27 05.6",6.74,"M3III comp",100041
56194,"11 31 10.28","+48 47 22.7",6.54,"G9III",100055
56201,"11 31 15.05","-61 16 42.5",6.28,"A3Iae",100198
56211,"11 31 24.29","+69 19 52.0",3.82,"M0IIIvar",100029
56228,"11 31 35.57","-44 44 18.6",6.96,"K4/K5III",100228
56242,"11 31 45.14","+14 21 53.9",6.27,"G0V",100180
56243,"11 31 46.07","-59 26 31.4",5.07,"G0Ia",100261
56245,"11 31 47.63","-20 46 35.6",6.24,"F7V",100219
56246,"11 31 47.88","-73 54 09.6",6.88,"B7IV",100359
56250,"11 31 48.81","-59 30 56.3",5.12,"A3Ia",100262
56253,"11 31 51.08","+81 07 37.8",6.12,"A2m",99945
56260,"11 31 56.63","-06 28 13.2",6.74,"K0",100238
56274,"11 32 12.54","+36 14 50.4",6.59,"K0",100235
56280,"11 32 16.42","-29 15 40.9",4.93,"F8V",100286
56287,"11 32 20.00","-66 57 42.6",5.89,"K1IIICN...",100382
56290,"11 32 20.76","+61 04 57.9",5.46,"F6V",100203
56293,"11 32 23.34","-26 44 48.7",6.15,"M2III",100307
56301,"11 32 32.44","-59 43 04.2",6.78,"A3V",100380
56318,"11 32 47.54","-07 49 39.1",5.94,"K4III",100343
56319,"11 32 48.14","-40 26 10.8",5.64,"M1III",100378
56326,"11 32 51.53","-36 12 32.9",6.68,"G0V",100395
56332,"11 32 54.15","-31 05 14.0",5.13,"M1/M2III",100393
56343,"11 33 00.26","-31 51 27.1",3.54,"G8III",100407
56364,"11 33 14.81","-16 16 49.0",6.05,"F8/G0Ib/II",100418
56379,"11 33 25.51","-70 11 41.2",6.69,"B9Vne",100546
56388,"11 33 36.33","+02 29 56.7",6.49,"K5",100456
56391,"11 33 37.26","-40 35 12.1",5.39,"A2IV/V",100493
56410,"11 33 56.38","+36 48 56.7",6.38,"K0III",100470
56418,"11 34 03.76","-16 02 45.2",6.99,"K4III",100537
56429,"11 34 09.93","+11 01 26.1",6.54,"A2m",100518
56444,"11 34 21.41","-05 31 37.7",6.76,"A2",100565
56445,"11 34 22.06","+03 03 37.5",5.76,"F5V",100563
56452,"11 34 29.95","-32 50 00.0",5.96,"K0V",100623
56473,"11 34 42.50","+16 47 48.9",5.95,"B4V",100600
56480,"11 34 45.71","-54 15 50.9",4.62,"B9V",100673
56497,"11 34 57.00","-49 08 13.0",5.5,"K1III/IV",100708
56500,"11 34 58.93","-04 21 40.2",6.43,"K0",100659
56506,"11 35 03.29","-53 14 32.0",6.91,"K2III",100724
56507,"11 35 03.45","-56 07 20.4",6.97,"G5III-IV",100735
56508,"11 35 03.79","+20 26 29.6",6.45,"G9III",100655
56510,"11 35 04.90","+54 47 07.4",5.63,"K0III",100615
56518,"11 35 13.36","-47 22 21.2",5.64,"M3III",100733
56519,"11 35 13.94","-60 53 40.2",6.57,"F2IV",100773
56520,"11 35 14.15","-35 36 43.4",6.88,"A2/A3V",100721
56535,"11 35 31.88","+11 11 19.2",6.61,"K0",100717
56550,"11 35 42.34","-61 17 16.3",6.23,"A0Ib",100826
56553,"11 35 43.40","+10 54 40.8",6.57,"A4Vn",100740
56558,"11 35 45.38","-72 50 31.4",6.53,"K1IV",100901
56561,"11 35 46.93","-63 01 11.4",3.11,"B9II:",100841
56573,"11 35 55.56","-47 38 29.5",5.26,"A7m",100825
56583,"11 36 02.62","+69 19 23.7",5.19,"K0III",100696
56601,"11 36 17.94","+27 46 52.7",5.8,"F0V",100808
56606,"11 36 22.38","-61 03 08.8",5.84,"B2.5IV",100929
56618,"11 36 34.22","+06 06 24.1",6.83,"K0",100872
56620,"11 36 34.92","-33 34 11.9",5.71,"K0III",100893
56621,"11 36 35.39","-36 07 16.7",6.81,"F0V",100894
56632,"11 36 40.74","-37 14 13.9",6.3,"A1V",100911
56633,"11 36 40.95","-09 48 08.1",4.7,"B9.5Vn",100889
56639,"11 36 45.70","-24 26 20.8",6.97,"K4III",100908
56647,"11 36 56.93","-00 49 25.9",4.3,"G9III",100920
56649,"11 36 58.03","-38 57 34.3",6.95,"A0/A1V",100954
56654,"11 36 59.90","-22 56 53.5",6.51,"K0III",100949
56656,"11 37 00.80","-61 17 00.4",5.14,"K1III",101021
56657,"11 37 01.22","-32 59 16.8",6.32,"F5V",100953
56673,"11 37 14.72","-69 40 27.2",6.62,"F5IV",101088
56675,"11 37 15.94","-75 53 47.5",5.64,"F1III",101132
56698,"11 37 32.59","-39 21 31.7",6.85,"M3/M4III",101048
56700,"11 37 34.05","-47 44 50.6",5.46,"K2III",101067
56702,"11 37 34.14","-60 54 11.7",6.56,"M4III",101104
56708,"11 37 36.77","+44 42 58.8",6.84,"B9",100972
56716,"11 37 42.31","+77 35 44.5",6.49,"K5",100858
56721,"11 37 46.71","-31 13 06.6",6.92,"G8IV/V",101080
56727,"11 37 48.51","-67 37 13.3",5.94,"K0III",101162
56731,"11 37 53.05","+50 37 05.8",6.14,"K0p...",101013
56754,"11 38 07.37","-61 49 35.6",5.15,"B9IV",101189
56756,"11 38 09.87","+08 53 01.6",6.18,"K1III",101112
56769,"11 38 20.37","-63 22 21.9",6.46,"O8var",101205
56770,"11 38 20.69","+43 37 31.8",5.56,"F2II-III",101107
56775,"11 38 24.09","-02 26 09.4",6.22,"G9III",101154
56779,"11 38 27.61","+08 08 03.4",5.24,"M4III",101153
56784,"11 38 32.33","+33 37 33.1",6.29,"K2III",101151
56789,"11 38 33.54","+46 50 03.4",6.09,"F5IIIs",101133
56802,"11 38 39.96","-13 12 08.1",5.48,"F7V",101198
56809,"11 38 45.39","+45 06 30.2",6.29,"G0V",101177
56813,"11 38 47.08","-40 18 11.1",6.95,"G8III/IV",101233
56816,"11 38 49.12","+64 20 49.1",6.49,"A5IV",101150
56830,"11 39 00.42","-24 43 13.8",6.4,"G6/G8V",101259
56841,"11 39 10.68","-57 44 22.3",6.97,"A0V",101312
56862,"11 39 29.63","-65 23 51.9",5.01,"G2III + A",101379
56864,"11 39 30.11","-13 11 02.5",6.8,"K0III",101321
56899,"11 39 50.35","-16 37 12.8",6.17,"M3II/III",101370
56901,"11 39 51.14","-14 28 06.6",6.21,"A0V",101369
56904,"11 39 53.68","-50 29 09.6",6.67,"Ap...",101410
56908,"11 39 57.06","-33 26 59.4",6.84,"K1III",101387
56909,"11 39 58.54","-38 06 29.9",6.65,"G8III",101406
56920,"11 40 09.34","+23 42 29.3",6.88,"A3",101397
56922,"11 40 12.82","-34 44 40.8",4.7,"B9V",101431
56929,"11 40 16.15","-62 25 56.7",6.91,"K2/K3III",101498
56941,"11 40 24.08","+00 57 07.8",6.87,"A3",101445
56944,"11 40 27.44","+57 58 13.3",6.35,"B9p...",101391
56961,"11 40 37.01","-62 34 05.2",6.32,"O9.5Ib",101545
56970,"11 40 42.49","-53 58 06.8",5.95,"M1III",101541
56975,"11 40 47.11","+21 21 10.2",5.26,"K1III",101484
56986,"11 40 53.65","-62 05 24.4",4.93,"G3Ib",101570
56992,"11 40 58.81","-55 34 25.8",6.96,"F0Iape",101584
56996,"11 41 01.60","-83 05 59.9",6.32,"K0III",101782
56997,"11 41 03.03","+34 12 09.2",5.31,"G8Vvar",101501
57001,"11 41 08.60","-29 11 48.6",6.44,"G2III/IV",101563
57003,"11 41 09.63","-17 42 18.8",6.99,"K0III",101560
57004,"11 41 10.55","-61 08 27.6",6.78,"K1III",101629
57013,"11 41 19.86","-43 05 44.4",5.54,"A0V",101615
57021,"11 41 26.11","-41 01 04.7",6.86,"G0V",101614
57027,"11 41 32.51","-77 03 16.8",6.93,"F3V",101727
57029,"11 41 34.50","+31 44 45.5",5.73,"F4V",101606
57045,"11 41 43.52","+55 10 19.2",6.28,"K5",101604
57047,"11 41 43.95","-32 29 57.6",5.2,"K5III",101666
57053,"11 41 46.31","+41 14 15.6",6.92,"F5",101620
57064,"11 41 53.72","-60 13 50.9",6.82,"F0Ib-II",101711
57072,"11 41 57.97","-24 23 08.6",6.9,"Fm delta Del",101696
57079,"11 42 03.53","-20 17 38.5",6.21,"G8IV",101695
57082,"11 42 05.25","+22 12 40.3",6.65,"F2IV-V",101688
57092,"11 42 14.82","-75 13 38.3",6.48,"G1V",101805
57107,"11 42 25.57","+02 21 43.9",6.94,"F5",101730
57111,"11 42 28.43","+66 44 41.3",5.32,"K3III",101673
57137,"11 42 54.53","-79 18 22.9",6.38,"K0III/IV",101917
57165,"11 43 27.20","-37 11 24.4",5.98,"K3III",101883
57173,"11 43 30.71","-15 02 34.2",6.93,"B9V",101897
57175,"11 43 31.20","-62 29 21.8",5.0,"F9Ia",101947
57176,"11 43 31.22","+31 45 43.6",6.79,"K0",101855
57179,"11 43 33.39","-52 37 10.9",6.85,"K0III",101927
57189,"11 43 36.61","-68 28 43.4",6.99,"A8/A9III/IV",101966
57192,"11 43 37.06","-80 29 00.5",6.61,"B9IV",102065
57191,"11 43 37.15","+41 43 20.9",6.71,"F8IV",101853
57211,"11 43 52.82","-62 52 41.7",6.1,"A2III/IV",101995
57213,"11 43 55.08","-09 07 56.4",6.88,"K0",101956
57214,"11 43 55.09","-06 40 37.4",6.05,"G8III:",101933
57217,"11 43 56.79","-29 44 52.1",6.97,"G0V",101959
57240,"11 44 13.17","+25 13 05.9",6.02,"K5III",101980
57253,"11 44 23.80","-20 41 44.7",6.85,"A2/A3V",102036
57283,"11 44 45.76","-18 21 02.2",4.71,"G8III",102070
57296,"11 44 52.45","-73 09 02.0",6.96,"K1II",102155
57320,"11 45 11.46","+14 15 48.0",6.51,"K0",102103
57322,"11 45 12.66","-49 04 11.5",6.26,"K1III",102150
57328,"11 45 17.00","+08 15 29.4",4.84,"A4V",102124
57362,"11 45 35.07","+35 53 39.4",6.91,"M4IIIvar",102159
57363,"11 45 36.57","-66 43 43.8",3.63,"A7III",102249
57371,"11 45 44.00","-45 41 24.5",5.28,"B6III",102232
57380,"11 45 51.57","+06 31 47.3",4.04,"M0III",102212
57399,"11 46 03.13","+47 46 45.6",3.69,"K0III",102224
57401,"11 46 06.29","+07 10 27.4",6.91,"M2III:",102253
57439,"11 46 30.85","-61 10 42.1",4.11,"G0II",102350
57443,"11 46 32.25","-40 30 04.8",4.89,"G3/G5V",102365
57451,"11 46 36.42","-64 45 57.5",6.89,"B8V",102370
57477,"11 46 55.61","+55 37 41.8",5.27,"K3III",102328
57488,"11 47 00.95","+23 43 13.6",6.94,"F7V",102357
57497,"11 47 07.02","-35 54 24.5",6.16,"G8III",102397
57498,"11 47 07.84","+61 24 07.1",6.59,"F0",102355
57507,"11 47 15.99","-30 17 09.4",6.48,"G5V",102438
57512,"11 47 19.17","-57 41 47.6",5.42,"K5III",102461
57522,"11 47 22.60","-18 22 50.0",6.82,"K0/K1III",102433
57547,"11 47 41.40","-67 41 32.2",6.75,"K1III",102534
57562,"11 47 54.93","+08 14 45.1",5.31,"A1",102510
57565,"11 47 59.23","+20 13 08.2",4.5,"A comp SB",102509
57581,"11 48 14.49","-66 48 53.5",4.75,"K4III",102584
57587,"11 48 23.55","-10 18 46.2",6.24,"F7V",102574
57606,"11 48 38.77","+14 17 03.1",5.9,"F0V",102590
57611,"11 48 41.62","-14 20 40.0",6.85,"K0III",102604
57613,"11 48 45.11","-26 44 59.1",5.1,"M4III",102620
57629,"11 49 01.40","-00 19 07.2",6.15,"F7V",102634
57630,"11 49 01.86","+16 07 56.7",6.84,"K0",102627
57632,"11 49 03.88","+14 34 20.4",2.14,"A3Vvar",102647
57636,"11 49 07.16","+05 11 01.5",6.55,"K0",102649
57641,"11 49 10.80","-07 21 38.3",6.96,"K5",102661
57644,"11 49 12.75","-57 41 29.6",6.86,"B9V",102693
57646,"11 49 14.77","+16 14 34.8",6.05,"A3m",102660
57669,"11 49 41.09","-63 47 18.6",4.3,"B3V",102776
57670,"11 49 41.80","+34 55 54.3",5.73,"F5IV",102713
57696,"11 49 56.63","-70 13 32.8",4.98,"G5Ib",102839
57720,"11 50 14.06","+54 15 09.2",6.74,"K0",102777
57732,"11 50 19.60","-15 51 49.3",6.13,"G8II/III",102845
57741,"11 50 27.28","-62 38 57.8",5.68,"A3Iab",102878
57749,"11 50 37.24","-27 16 40.6",6.48,"G8III",102888
57757,"11 50 41.29","+01 45 55.4",3.59,"F8V",102870
57779,"11 50 55.42","+12 16 44.3",6.37,"A5m",102910
57791,"11 51 02.23","-05 20 00.0",5.62,"K0IV",102928
57803,"11 51 08.75","-45 10 24.4",4.47,"K4III",102964
57805,"11 51 09.51","+33 22 29.9",6.25,"Am",102942
57806,"11 51 10.93","-07 59 29.6",6.87,"K0",102960
57808,"11 51 13.00","-61 50 46.2",6.51,"B5Ia",102997
57809,"11 51 13.16","-43 55 58.9",6.62,"A0V",102981
57819,"11 51 22.04","-12 11 16.5",6.34,"F1III-IV",102990
57841,"11 51 41.62","-30 50 02.7",5.85,"F8V",103026
57851,"11 51 51.27","-65 12 21.2",4.89,"B4V",103079
57861,"11 52 04.14","-49 24 04.1",6.99,"B5V",103077
57870,"11 52 10.39","-56 59 16.2",5.56,"B4III",103101
57885,"11 52 18.23","-51 18 52.9",6.59,"K3III",103125
57920,"11 52 46.21","+15 26 11.3",6.83,"A2",103152
57936,"11 52 54.56","-33 54 29.3",4.29,"Ap Si",103192
57939,"11 52 55.82","+37 43 58.1",6.42,"G8Vp",103095
57960,"11 53 16.81","-36 34 38.1",6.62,"F2V",103257
57971,"11 53 26.87","-35 03 59.7",6.17,"A2V",103266
57994,"11 53 43.18","+73 45 22.9",6.77,"F8",103246
58001,"11 53 49.74","+53 41 41.0",2.41,"A0V SB",103287
58002,"11 53 50.30","+00 33 07.6",6.31,"F0V",103313
58003,"11 53 50.48","+40 54 47.0",6.73,"K1III",103309
58041,"11 54 11.51","-57 24 36.7",6.05,"A0/A1III",103400
58057,"11 54 26.06","-37 44 56.7",6.46,"F7V",103437
58059,"11 54 26.67","-56 58 11.2",6.92,"M1III",103426
58082,"11 54 42.51","-25 42 50.6",5.26,"G8III",103462
58085,"11 54 44.62","-66 22 33.7",6.38,"F2IV",103482
58103,"11 55 00.02","-63 16 45.0",5.89,"A3Ib",103516
58106,"11 55 01.12","-56 05 43.8",6.7,"G5V",103493
58110,"11 55 03.15","+08 26 38.1",5.58,"K0III:",103484
58112,"11 55 05.74","+46 28 36.6",6.54,"A3Vn",103483
58119,"11 55 14.10","+36 45 23.4",6.47,"M3III",103500
58135,"11 55 24.55","+25 31 20.1",6.97,"K1III",103543
58148,"11 55 30.40","-24 51 27.9",6.8,"K0III",103581
58158,"11 55 40.13","-28 28 37.3",5.93,"K4III",103596
58159,"11 55 40.53","+15 38 48.5",5.53,"A3V",103578
58177,"11 55 54.73","-39 41 22.1",6.13,"K0III",103637
58181,"11 55 58.41","+56 35 54.8",5.83,"K1III",103605
58184,"11 56 00.24","+35 20 26.1",6.74,"F5",103613
58188,"11 56 00.98","-17 09 02.9",5.17,"A0V",103632
58193,"11 56 03.56","+40 38 51.7",6.9,"K1III",103612
58208,"11 56 17.24","+35 26 53.3",6.62,"F2",103659
58213,"11 56 20.73","+26 40 46.6",6.79,"F2",103676
58221,"11 56 26.83","+14 11 10.6",6.74,"K0",103685
58232,"11 56 37.60","+65 14 34.6",6.51,"G5",103690
58242,"11 56 44.02","-47 04 20.8",6.26,"F3IV-V",103746
58259,"11 56 53.27","+61 32 57.5",6.22,"G8III",103736
58264,"11 56 56.21","-13 45 15.2",6.54,"G1/G2V",103753
58268,"11 57 00.39","-04 46 58.0",6.73,"F5",103773
58272,"11 57 03.78","-33 18 55.6",6.2,"B9.5V",103789
58275,"11 57 05.02","-52 06 00.9",6.52,"G8III",103805
58287,"11 57 14.70","+40 20 38.0",6.6,"F6V",103799
58301,"11 57 20.55","-49 21 36.3",6.68,"F0V",103856
58326,"11 57 40.04","-62 26 55.4",5.59,"B3V",103884
58327,"11 57 42.44","+17 28 04.2",6.8,"Am",103877
58331,"11 57 45.37","-08 32 55.6",6.58,"G0",103891
58334,"11 57 46.25","-60 27 04.9",6.83,"G8III",103901
58345,"11 57 56.92","-27 42 19.9",6.99,"K4V",103932
58358,"11 58 00.32","+67 48 43.8",6.96,"K2",103903
58368,"11 58 06.88","-04 22 14.3",6.93,"F2",103929
58369,"11 58 07.25","+32 16 26.6",6.42,"A9V",103928
58377,"11 58 13.93","+03 28 55.3",6.7,"M4III:",103945
58379,"11 58 15.25","-56 19 02.3",5.44,"B8III",103961
58380,"11 58 15.72","-47 58 36.8",6.76,"G0V",103975
58388,"11 58 20.33","-40 56 50.3",6.77,"K1III",103974
58389,"11 58 20.48","+61 27 52.5",6.74,"K0III",103953
58406,"11 58 31.95","+47 45 55.4",6.93,"F2",103984
58410,"11 58 35.35","-77 49 31.4",6.73,"A7V",104036
58427,"11 58 47.67","-64 20 22.4",5.59,"A3Ib",104035
58436,"11 58 54.39","-25 54 31.7",6.42,"A1IV/V",104039
58445,"11 59 03.38","+00 31 50.2",6.18,"K2IV",104055
58450,"11 59 09.38","-10 28 33.5",6.49,"K2",104078
58452,"11 59 10.71","-45 49 55.9",6.36,"B8/B9V",104080
58453,"11 59 10.88","-51 41 48.3",6.04,"K1/K2II",104081
58460,"11 59 17.54","+33 10 01.3",5.95,"K1III",104075
58463,"11 59 22.31","-30 03 38.9",6.83,"K5/M0III",104103
58465,"11 59 23.78","-57 10 04.7",6.77,"A2V",104125
58466,"11 59 23.96","+01 49 36.5",6.82,"K0",104101
58469,"11 59 25.63","-62 49 51.4",6.34,"A9Ib-II",104111
58482,"11 59 35.26","-46 37 59.3",6.65,"F7V",104138
58484,"11 59 37.69","-78 13 18.5",4.88,"B9Vn",104174
58510,"11 59 56.92","+03 39 18.8",5.36,"A1V",104181
58512,"11 59 57.41","+34 02 04.8",6.49,"A9III",104179
58519,"12 00 04.76","+19 25 10.0",6.94,"M4III",104207
58520,"12 00 05.20","-78 11 34.5",6.58,"B/Ape",104237
58545,"12 00 18.84","+80 51 11.8",6.21,"M2III",104216
58574,"12 00 42.23","-21 50 14.9",6.28,"K2III",104307
58576,"12 00 44.37","-10 26 41.4",5.54,"K0IV",104304
58587,"12 00 51.17","-19 39 32.4",5.28,"B2IV",104337
58590,"12 00 52.39","+06 36 51.8",4.65,"A5V",104321
58591,"12 00 52.70","+70 14 16.2",6.75,"A0",104316
58603,"12 01 01.75","-01 46 04.8",6.32,"G8III:",104356
58616,"12 01 13.79","+12 22 40.0",6.93,"A1V",104381
58642,"12 01 29.26","-57 30 13.5",6.16,"A1V",104430
58654,"12 01 39.53","+36 02 32.2",5.59,"K0III",104438
58661,"12 01 44.30","+22 05 39.6",6.57,"G0II",104452
58662,"12 01 44.56","-69 11 52.3",6.95,"K0III",104479
58669,"12 01 46.23","-34 39 01.2",6.91,"G0V",104471
58674,"12 01 50.89","-73 17 54.7",6.87,"A1V",104481
58684,"12 02 07.06","+43 02 43.7",5.22,"A7m",104513
58697,"12 02 20.68","-85 37 54.3",6.05,"K3III",104555
58706,"12 02 28.59","-71 29 20.4",6.41,"K1III",104570
58708,"12 02 29.19","+43 05 07.2",6.64,"G8Vw...",104556
58720,"12 02 37.76","-69 11 32.2",5.89,"B9V",104600
58741,"12 02 51.68","-07 41 01.2",6.24,"K5",104625
58748,"12 02 56.36","-62 10 31.0",6.78,"B1II",104631
58756,"12 03 01.08","-57 15 36.5",6.69,"K3III+...",104646
58758,"12 03 01.70","-63 18 46.6",4.32,"Am",104671
58765,"12 03 06.69","-48 11 41.8",6.61,"A7III",104664
58799,"12 03 36.62","-39 00 32.3",6.51,"F7V",104747
58803,"12 03 39.31","-42 26 01.6",5.15,"F6V",104731
58809,"12 03 44.53","+05 33 28.6",6.39,"F5",104755
58810,"12 03 44.54","-74 12 50.7",6.44,"G6III",104752
58820,"12 03 52.22","-53 29 53.5",6.99,"G3III",104776
58830,"12 04 00.35","-10 17 46.1",6.59,"A2",104788
58848,"12 04 08.98","-69 31 19.1",6.74,"K3III+A0IV/V",104811
58858,"12 04 16.58","+21 27 33.0",5.89,"F0IV-V",104827
58859,"12 04 16.74","-51 28 21.0",6.48,"B9V",104839
58867,"12 04 19.24","-63 09 56.6",4.72,"B2IV",104841
58874,"12 04 28.53","+85 35 12.9",6.27,"F6V",104904
58884,"12 04 38.95","-68 19 44.0",5.34,"A0V",104878
58901,"12 04 45.29","-59 15 11.7",6.3,"B9Vn",104900
58905,"12 04 46.66","-76 31 09.0",5.04,"K4III",104902
58921,"12 04 57.25","-60 58 05.7",5.95,"M2III",104933
58942,"12 05 08.63","-61 10 46.3",6.64,"G8III",104971
58948,"12 05 12.67","+08 43 58.2",4.12,"G8III",104979
58952,"12 05 14.74","+76 54 21.4",5.78,"G9III",104985
58955,"12 05 20.12","-50 16 14.0",6.96,"G8III",104991
58960,"12 05 23.01","-62 58 32.8",6.69,"A3m...",105016
58981,"12 05 35.06","-05 50 45.2",6.62,"M0",105036
58989,"12 05 39.76","+62 55 59.9",6.14,"K2III",105043
59003,"12 05 53.63","-65 32 48.8",6.3,"B8Ia-Iab",105071
59008,"12 05 56.69","-35 41 38.2",6.23,"B7V",105078
59010,"12 05 59.83","-03 07 53.6",6.37,"G8III:",105089
59021,"12 06 05.25","-32 57 38.7",6.49,"G0V",105113
59031,"12 06 11.09","-73 33 24.4",6.55,"M2III",105121
59035,"12 06 13.02","-38 40 32.3",6.91,"K2/K3V",105115
59046,"12 06 19.93","-68 39 05.0",6.23,"G3Ib",105138
59050,"12 06 23.08","-65 42 33.9",5.95,"G8/K0III",105151
59055,"12 06 37.88","-37 51 36.4",6.63,"K1III",105173
59068,"12 06 47.39","-12 14 27.0",6.77,"F0",105205
59072,"12 06 52.85","-64 36 49.1",4.14,"F2III",105211
59087,"12 07 01.41","-23 45 58.9",6.93,"F7V",105241
59111,"12 07 16.18","-64 40 54.5",6.81,"F5V",105274
59135,"12 07 35.37","-31 24 37.1",6.72,"F7V",105330
59143,"12 07 38.97","-23 58 31.0",6.72,"G2V",105328
59151,"12 07 50.09","-75 22 01.4",5.17,"K2II/III",105340
59164,"12 08 00.59","+00 37 16.9",6.98,"F2",105374
59173,"12 08 05.26","-50 39 40.5",4.46,"B2IIIne",105382
59184,"12 08 14.73","-48 41 32.9",5.34,"A1V",105416
59192,"12 08 19.47","-34 40 29.8",6.75,"K2III",105434
59196,"12 08 21.54","-50 43 20.7",2.58,"B2IVne",105435
59200,"12 08 24.74","-60 50 49.7",6.22,"K3/K4II",105437
59199,"12 08 24.75","-24 43 43.6",4.02,"F0IV/V",105452
59210,"12 08 37.22","+26 29 37.1",6.97,"K0III",105475
59229,"12 08 53.84","-44 19 33.2",5.75,"A3III",105509
59232,"12 08 54.60","-41 13 53.7",5.51,"B3IV",105521
59243,"12 09 07.83","-78 46 52.7",6.85,"A6III/IV",105515
59265,"12 09 23.22","-63 49 13.2",6.94,"B + M1e",105563
59272,"12 09 28.35","-11 51 24.0",6.81,"G0...",105590
59273,"12 09 29.02","-11 51 15.0",6.65,"G0",
59285,"12 09 41.29","+01 53 54.0",5.95,"K3III",105639
59290,"12 09 46.62","-51 47 02.0",6.74,"G8/K0III+..",105646
59291,"12 09 47.09","+74 39 40.9",6.34,"F6IV",105678
59294,"12 09 49.10","+77 23 25.1",6.87,"G5",105717
59307,"12 10 02.58","-34 42 17.0",6.16,"A0V",105686
59309,"12 10 03.51","+05 48 25.1",5.72,"Am",105702
59313,"12 10 05.84","-17 32 14.2",6.63,"F6V",105704
59316,"12 10 07.53","-22 37 11.3",3.02,"K2III",105707
59346,"12 10 27.20","-07 46 26.5",6.55,"A0",105759
59352,"12 10 31.64","+16 48 33.4",6.4,"A4V",105778
59353,"12 10 33.78","-37 52 13.0",6.07,"A5V",105776
59360,"12 10 42.11","-56 26 32.2",6.97,"A3V",105785
59364,"12 10 46.10","+27 16 53.5",6.01,"A4Vn",105805
59366,"12 10 47.34","+39 53 29.5",6.85,"A3",105824
59384,"12 11 00.09","+81 42 35.4",6.0,"K5III:",105943
59389,"12 11 01.22","-68 15 39.4",6.48,"K0/K1III",105822
59392,"12 11 02.93","-45 25 22.3",6.61,"K0III",105852
59394,"12 11 03.88","-23 36 08.5",5.45,"A1V",105850
59396,"12 11 05.25","-61 16 38.6",6.08,"F0III",105841
59422,"12 11 21.86","-03 46 43.4",6.95,"F5",105912
59423,"12 11 22.02","-02 41 56.2",6.74,"K0",105900
59426,"12 11 23.00","-16 47 26.5",6.88,"K0/2 + (G)",105913
59433,"12 11 28.50","-44 16 57.9",6.59,"F5V",105919
59439,"12 11 31.67","-51 21 33.0",6.23,"G6III+...",105920
59448,"12 11 38.05","-54 25 03.5",6.8,"F7V",105938
59449,"12 11 39.15","-52 22 06.3",3.97,"B3V",105937
59451,"12 11 40.24","+04 03 21.2",6.93,"A0",105967
59458,"12 11 44.89","+57 03 16.0",6.34,"K5III",106002
59459,"12 11 46.05","+23 19 21.2",6.73,"K2",105982
59463,"12 11 48.34","+77 26 26.8",6.76,"A0",106053
59468,"12 11 51.20","+25 52 13.3",5.66,"K4III",105981
59488,"12 12 00.77","-64 30 37.4",6.54,"A2II",106000
59489,"12 12 00.97","+28 32 11.3",6.47,"F5V",106022
59501,"12 12 09.30","+20 32 31.6",5.6,"K0II-III",106057
59502,"12 12 10.33","-63 27 14.7",6.98,"A2V",106036
59504,"12 12 11.91","+77 36 58.3",5.14,"A5m",106112
59517,"12 12 21.99","-62 57 02.8",5.91,"B9Ia",106068
59528,"12 12 25.45","-60 04 04.1",6.82,"A8IV",106086
59551,"12 12 47.03","-70 09 06.4",6.05,"F6Ib",106111
59588,"12 13 12.97","-34 07 31.0",6.34,"M4/M5Ib/II:",106198
59607,"12 13 25.06","-38 55 45.0",5.77,"B4III",106231
59608,"12 13 25.99","+10 15 44.5",5.85,"A2m",106251
59622,"12 13 36.80","-33 47 34.4",6.34,"A0V",106257
59646,"12 13 55.83","+02 15 37.0",6.91,"G5",106314
59647,"12 13 56.48","-78 34 26.0",6.34,"K2/K3IIICN.",106248
59654,"12 14 02.73","-45 43 26.1",5.31,"K3III",106321
59658,"12 14 05.68","+66 06 33.4",6.74,"K0",106381
59660,"12 14 06.61","+32 47 03.2",6.86,"K2III",106365
59676,"12 14 15.51","-05 43 00.8",6.56,"Am",106384
59678,"12 14 16.93","-64 24 30.7",6.2,"B1.5Ia",106343
59701,"12 14 36.98","+39 20 32.2",6.96,"K7III",106449
59708,"12 14 43.43","+53 26 04.8",6.18,"K0III:",106478
59728,"12 14 59.58","-20 50 39.2",5.82,"K0IIICN...",106485
59742,"12 15 06.42","-29 14 13.9",6.5,"K0III",106500
59746,"12 15 08.53","+70 12 00.3",5.72,"K2III",106574
59747,"12 15 08.76","-58 44 56.0",2.79,"B2IV",106490
59750,"12 15 10.54","-10 18 35.8",6.11,"F5V",106516
59753,"12 15 13.58","+16 54 26.7",6.82,"K2",106542
59767,"12 15 20.67","+87 42 00.0",6.27,"F2V",107192
59774,"12 15 25.45","+57 01 57.4",3.32,"A3Vvar",106591
59785,"12 15 30.71","-41 54 46.2",6.24,"K0III",106572
59791,"12 15 36.58","-20 31 46.4",6.85,"K1III",106582
59796,"12 15 41.51","+72 33 04.5",6.29,"K0III +K0III",106677
59801,"12 15 46.70","-23 21 13.7",6.53,"F5/F6V",106612
59803,"12 15 48.47","-17 32 31.1",2.58,"B8III",106625
59811,"12 15 55.60","-54 03 24.4",6.61,"M0III",106614
59819,"12 16 00.23","+14 53 56.9",5.09,"A3V",106661
59831,"12 16 07.54","+40 39 36.9",5.69,"M1III",106690
59847,"12 16 20.56","+23 56 43.5",4.93,"K0III",106714
59851,"12 16 23.87","-72 36 52.1",6.21,"A0V",106676
59856,"12 16 30.17","+33 03 42.5",4.99,"K1III",106760
59865,"12 16 38.42","-63 11 52.5",6.97,"G0V",106742
59879,"12 16 49.35","+86 26 09.0",6.33,"F4V",107113
59895,"12 17 03.36","-16 41 37.5",6.05,"A2V",106819
59898,"12 17 06.36","-65 41 34.6",6.06,"A0V",106797
59920,"12 17 29.56","+53 11 29.2",5.8,"K6III",106884
59923,"12 17 30.60","+28 56 13.6",5.71,"A4m",106887
59926,"12 17 32.10","-48 55 31.8",6.81,"G1V",106869
59929,"12 17 34.64","-67 57 38.4",4.06,"M5III",106849
59941,"12 17 44.24","+15 08 41.3",6.36,"K4III",106926
59950,"12 17 47.29","-36 05 38.3",6.15,"A0V",106922
59965,"12 17 55.31","-57 51 00.5",6.75,"K3III",106908
59966,"12 17 55.53","-24 00 48.3",6.95,"B9V",106955
59984,"12 18 09.58","-03 56 55.8",6.57,"F2V",106976
59987,"12 18 11.11","-52 18 22.6",6.84,"B8III",106970
60000,"12 18 20.94","-79 18 44.2",4.24,"B5Vn",106911
60009,"12 18 26.29","-64 00 11.0",4.06,"B2.5V",106983
60014,"12 18 29.08","+32 44 56.1",6.68,"A5V",107053
60018,"12 18 31.57","+30 14 57.6",6.23,"A9.5III",107054
60030,"12 18 40.30","-00 47 13.7",5.9,"A5Vn",107070
60041,"12 18 46.75","-88 24 53.8",6.63,"B9V",106461
60044,"12 18 50.07","+75 09 38.0",5.47,"A1V",107193
60059,"12 18 59.83","-55 08 34.7",5.01,"M1III",107079
60066,"12 19 02.03","+26 00 30.1",6.44,"Am",107131
60087,"12 19 19.20","+23 02 04.9",6.26,"A8m",107168
60088,"12 19 20.19","-08 54 52.6",6.84,"K0III",107161
60089,"12 19 20.25","+14 32 30.3",6.52,"K0",107170
60098,"12 19 29.66","+28 09 26.0",6.38,"F8Vs",107213
60119,"12 19 45.81","-76 48 03.2",6.85,"F8V",107145
60122,"12 19 48.72","+48 59 02.9",5.28,"M0III",107274
60123,"12 19 50.63","+28 27 51.8",6.64,"Am",107276
60128,"12 19 53.71","-62 51 15.1",6.81,"A0Iab",107209
60129,"12 19 54.39","-00 40 00.3",3.89,"A2IV",107259
60132,"12 19 55.31","-26 44 12.8",6.6,"K2III",107246
60150,"12 20 04.89","+13 51 18.3",6.94,"K0",107288
60157,"12 20 10.83","-22 10 32.3",5.94,"K0III+...",107295
60161,"12 20 13.55","+37 54 07.8",6.73,"K1III",107341
60168,"12 20 17.84","+26 00 06.6",6.16,"F0IV",107326
60170,"12 20 19.72","+26 37 11.1",5.52,"K2III-IV",107325
60172,"12 20 21.15","+03 18 45.8",4.97,"K1III",107328
60183,"12 20 28.28","-65 50 33.5",6.2,"B9V",107301
60189,"12 20 33.71","-22 12 57.0",5.2,"B8V",107348
60197,"12 20 41.37","+27 03 17.4",6.32,"F3V + F3V",107398
60202,"12 20 43.09","+17 47 33.6",4.72,"G8III",107383
60210,"12 20 48.75","+15 32 27.5",6.47,"K0",107415
60212,"12 20 50.83","+57 51 51.4",5.54,"K5III",107465
60221,"12 20 55.72","-13 33 56.7",5.14,"K0III",107418
60235,"12 21 06.60","-42 33 43.2",6.83,"A0V",107422
60259,"12 21 21.14","-62 16 53.9",6.56,"G2Ib",107447
60260,"12 21 21.81","-60 24 04.9",3.59,"K3/K4III",107446
60291,"12 21 46.65","-49 56 56.3",6.58,"K3III",107524
60305,"12 21 56.30","+47 10 56.1",6.33,"K2III",107610
60308,"12 21 57.44","-56 22 27.8",5.91,"K4III + (F)",107543
60313,"12 22 02.10","+16 44 41.3",6.67,"A2p",107612
60316,"12 22 04.31","+61 35 29.1",6.74,"G5",107670
60320,"12 22 07.39","-67 31 19.5",5.15,"Am",107566
60327,"12 22 10.86","+24 46 26.0",6.21,"A0V",107655
60329,"12 22 12.03","-68 18 25.9",5.73,"K0III",107567
60334,"12 22 15.08","-73 30 13.2",6.77,"A4/A5V",107547
60338,"12 22 18.47","-15 33 19.3",6.54,"K0/K1III",107642
60351,"12 22 30.32","+25 50 46.3",4.78,"F8:p...",107700
60353,"12 22 32.14","+05 18 20.1",6.46,"F8V",107705
60370,"12 22 44.68","-39 10 38.4",6.7,"G3IV/V",107692
60374,"12 22 46.59","-52 17 34.8",6.52,"G8III",107695
60379,"12 22 49.47","-57 40 34.0",5.38,"B9V",107696
60396,"12 23 00.13","-24 52 16.7",6.82,"K0III",107756
60407,"12 23 09.55","-07 17 56.9",6.96,"K0",107780
60417,"12 23 15.04","-67 37 55.8",6.36,"K0IV-V",107773
60418,"12 23 15.35","-04 58 28.0",6.47,"K0",107794
60421,"12 23 18.90","-11 48 43.5",6.48,"M3III",107814
60425,"12 23 21.60","-24 50 26.2",5.66,"K1III",107815
60449,"12 23 35.45","-35 24 45.6",5.32,"B8/B9V",107832
60454,"12 23 36.76","-39 18 08.5",6.39,"F2V",107833
60455,"12 23 37.70","-61 37 44.8",6.89,"F7Ib/II",107805
60463,"12 23 44.79","-38 54 40.9",5.79,"B8/B9V",107860
60467,"12 23 47.08","+42 32 33.8",6.03,"F3IV",107904
60468,"12 23 47.82","-30 20 07.4",6.39,"K5III",107869
60485,"12 24 01.48","+51 33 44.0",4.76,"G7III",107950
60490,"12 24 03.47","+25 51 04.5",6.71,"Am",107935
60503,"12 24 12.94","-38 54 49.7",6.88,"A7/A8III",107914
60514,"12 24 18.54","+26 05 55.0",5.17,"A3V",107966
60517,"12 24 21.43","-47 22 22.6",6.61,"B9V",107931
60525,"12 24 26.81","+25 34 56.7",6.41,"F0V",108007
60526,"12 24 28.18","-77 12 52.9",6.98,"K3III",107863
60549,"12 24 44.77","-41 23 02.8",6.24,"K2/K3III",107998
60561,"12 24 52.00","-72 36 13.9",6.61,"A0V",107947
60570,"12 24 55.96","-65 12 39.6",6.92,"B1Iab",108002
60584,"12 25 03.22","+56 46 40.3",5.82,"M3III",108135
60589,"12 25 06.38","+63 48 10.0",6.31,"G8III",108150
60591,"12 25 08.62","-42 30 51.3",6.1,"G4IV",108063
60595,"12 25 11.80","-11 36 37.8",5.95,"A1V",108107
60598,"12 25 14.16","-25 59 11.6",6.85,"F3/F5V",108095
60599,"12 25 15.07","+23 55 34.7",6.03,"K0III",108123
60601,"12 25 17.62","-65 46 10.6",6.29,"G8/K0IV",108054
60603,"12 25 18.41","-27 44 56.4",6.09,"K3III",108110
60610,"12 25 21.76","-35 11 11.0",5.71,"B9IV/V",108114
60638,"12 25 38.28","-86 09 02.1",6.32,"K0III",107739
60644,"12 25 46.51","-64 01 19.0",6.99,"F8/G0V",108147
60646,"12 25 51.00","+39 01 07.3",5.01,"G8III-IV",108225
60668,"12 26 01.22","-49 35 17.8",6.92,"A0V",108196
60672,"12 26 03.28","+15 51 50.1",6.74,"K0",108239
60697,"12 26 24.07","+27 16 05.7",4.92,"F0p",108283
60699,"12 26 24.47","+71 55 47.6",6.33,"G8III:",108399
60710,"12 26 31.79","-51 27 02.2",4.82,"B3Vn",108257
60718,"12 26 35.94","-63 05 56.6",0.77,"B0.5IV",108248
60729,"12 26 48.71","-48 54 46.8",6.25,"G5IV-V",108309
60735,"12 26 51.69","-32 49 48.2",5.56,"B9V",108323
60742,"12 26 56.33","+28 16 07.0",4.35,"K2IIICN+...",108381
60744,"12 26 58.90","-52 42 10.5",6.99,"K1III",108311
60746,"12 26 59.30","+26 49 32.6",4.98,"A4V",108382
60771,"12 27 24.85","-63 47 20.3",6.02,"B8IV",108355
60780,"12 27 28.84","-58 18 59.3",6.35,"K4III",108395
60781,"12 27 28.88","-58 59 30.4",5.38,"M4/M5III",108396
60791,"12 27 33.15","+41 21 18.3",6.51,"F5",108464
60795,"12 27 35.13","+55 42 45.9",5.68,"M2III",108502
60797,"12 27 38.37","+25 54 43.7",6.69,"Am",108486
60804,"12 27 42.07","+08 36 37.3",6.36,"G8III",108471
60809,"12 27 49.45","-16 37 54.7",6.3,"G5II",108477
60813,"12 27 51.60","-04 36 55.0",6.23,"F2III",108506
60816,"12 27 55.62","-08 40 40.5",6.75,"G0",108510
60821,"12 28 01.81","-14 27 03.1",6.81,"K4III",108522
60823,"12 28 02.41","-50 13 50.2",3.91,"B3V",108483
60845,"12 28 16.79","-61 45 55.2",6.82,"G3V",108500
60850,"12 28 18.44","+04 23 47.8",6.72,"A0",108561
60851,"12 28 19.31","-64 20 27.5",6.05,"A0Vn",108501
60855,"12 28 22.49","-39 02 28.1",5.45,"B8/B9V",108541
60861,"12 28 25.71","-61 47 41.4",6.21,"K2III",108530
60870,"12 28 33.84","-56 24 26.2",6.15,"K0/K1III",108570
60880,"12 28 38.17","+26 13 37.1",6.52,"Am...",108642
60891,"12 28 44.58","+25 53 57.7",6.63,"A0p",108651
60904,"12 28 54.72","+25 54 46.4",5.29,"A0p",108662
60905,"12 28 54.88","-61 52 15.3",6.93,"B3V",108610
60912,"12 29 00.61","-83 48 09.7",6.61,"B8V",108344
60924,"12 29 09.70","-02 25 46.4",6.86,"M4III",108680
60941,"12 29 27.05","+24 06 32.1",5.47,"F5III",108722
60957,"12 29 43.22","+20 53 46.3",5.68,"A3V",108765
60965,"12 29 51.98","-16 30 54.3",2.94,"B9.5V",108767
60969,"12 29 54.19","-56 31 29.9",5.78,"M1III",108732
60978,"12 29 57.40","+58 24 19.9",5.37,"A5e...",108844
60979,"12 29 57.88","-41 44 09.1",6.0,"M2II/III",108759
60984,"12 30 00.47","-42 55 46.6",6.7,"M2III",108760
60988,"12 30 03.10","+51 32 08.1",6.21,"F7V",108845
60992,"12 30 04.22","+58 46 04.1",6.07,"G8III-IV",108861
60994,"12 30 04.93","-13 23 35.0",6.37,"G1/G2V",108799
60998,"12 30 06.76","+69 12 04.5",5.01,"M3IIIa",108907
61015,"12 30 17.46","-23 41 47.1",5.63,"M0III",108821
61019,"12 30 19.54","-60 59 23.6",6.68,"F3II",108773
61045,"12 30 42.67","-73 05 19.3",6.95,"G8/K0II",108791
61053,"12 30 50.12","+53 04 34.2",6.2,"F9V",108954
61054,"12 30 50.35","-04 03 38.9",6.86,"K3...",108910
61058,"12 30 53.63","+71 17 59.9",6.95,"K0",109051
61068,"12 30 58.23","+65 53 52.3",6.93,"A3",109002
61071,"12 31 00.57","+24 34 01.9",5.47,"A2pvar",108945
61078,"12 31 04.37","+39 34 55.4",6.79,"K1III",108973
61084,"12 31 09.93","-57 06 45.2",1.59,"M4III",108903
61103,"12 31 21.43","+07 36 15.4",6.05,"K5",108985
61133,"12 31 38.47","-30 58 54.8",6.73,"K1III",108991
61134,"12 31 38.74","-05 03 09.6",6.19,"G9III:",109014
61136,"12 31 40.34","-59 25 26.1",5.49,"F5III",108968
61158,"12 31 56.15","-63 30 21.2",5.96,"A8III",109000
61162,"12 31 59.20","-41 03 18.3",6.97,"K2III",109040
61172,"12 32 04.40","-32 32 01.4",6.46,"A3V",109074
61174,"12 32 04.48","-16 11 45.1",4.3,"F2V",109085
61179,"12 32 08.83","-56 07 46.4",6.54,"K5III",109045
61181,"12 32 09.90","-73 00 03.8",5.88,"K1III",108970
61199,"12 32 28.11","-72 07 58.7",3.84,"B5V",109026
61208,"12 32 32.89","-21 12 43.2",6.41,"K0III",109132
61212,"12 32 36.09","-13 51 32.3",5.74,"F3IV/V",109141
61232,"12 32 50.08","-30 02 41.0",6.79,"G8III",109160
61246,"12 33 02.91","+10 17 44.4",6.29,"G8III",109217
61257,"12 33 12.22","-52 04 58.1",6.55,"B9V",109195
61270,"12 33 22.27","-19 47 32.9",6.26,"F0IV/V",109238
61280,"12 33 28.84","-41 24 50.5",6.7,"A7V+...",109241
61281,"12 33 29.04","+69 47 17.6",3.85,"B6IIIp",109387
61283,"12 33 29.87","+38 04 08.7",6.53,"K0III-IVw..",109305
61292,"12 33 32.65","+07 40 44.7",6.96,"K0",109285
61295,"12 33 34.23","+24 16 58.8",6.28,"A4V",109307
61296,"12 33 34.27","-12 49 49.2",5.58,"G8III/IV",109272
61309,"12 33 38.90","+33 14 51.6",5.42,"K0IIICN...",109317
61317,"12 33 45.09","+41 21 24.4",4.24,"G0V",109358
61318,"12 33 46.80","-09 27 07.5",5.48,"A0V",109309
61320,"12 33 47.41","+33 23 04.9",6.24,"K0III",109345
61328,"12 33 59.26","-49 54 34.9",6.38,"F5IV-V",109312
61347,"12 34 11.84","-32 05 33.9",6.98,"A4V",109352
61359,"12 34 23.23","-23 23 47.8",2.65,"G5II",109379
61366,"12 34 30.74","+07 44 05.3",6.76,"K2",109417
61379,"12 34 42.46","-44 40 21.1",5.76,"G4IV",109409
61384,"12 34 44.07","+70 01 18.4",4.95,"K2III",109551
61394,"12 34 51.12","+22 37 45.1",4.8,"A0IV",109485
61404,"12 34 54.46","-67 45 24.8",6.11,"M6II/III",109372
61415,"12 35 06.35","+18 22 37.3",6.57,"A7m",109510
61418,"12 35 07.76","+18 22 37.2",5.03,"K2III",109511
61420,"12 35 08.15","+21 52 53.2",5.86,"K1III",109519
61443,"12 35 29.79","-61 50 29.0",6.22,"G4IV",109492
61444,"12 35 29.87","-61 44 26.7",6.6,"F2/F3III:",109475
61449,"12 35 33.19","-12 01 15.7",6.7,"G5",109545
61463,"12 35 42.81","-16 49 34.1",6.68,"F3IV",109557
61468,"12 35 45.61","-41 01 19.0",5.12,"A7III",109536
61486,"12 35 52.77","-12 04 09.1",6.61,"F0",109584
61496,"12 35 58.77","-20 31 38.5",6.2,"F0V",109585
61498,"12 36 01.07","-39 52 10.0",5.78,"A0V",109573
61513,"12 36 12.26","-52 25 03.7",6.56,"K5/M0III",109593
61544,"12 36 38.04","-39 19 34.6",6.72,"G8III",109660
61557,"12 36 46.65","-50 20 07.3",6.4,"A0V",109675
61558,"12 36 47.37","-05 49 54.7",5.88,"A3V",109704
61564,"12 36 52.55","+70 11 05.1",6.54,"K2",109822
61571,"12 36 58.35","+17 05 22.5",5.7,"K5III",109742
61578,"12 37 06.74","-02 19 18.3",6.95,"F5",109756
61579,"12 37 07.65","+08 47 48.7",6.61,"A2",109764
61585,"12 37 11.08","-69 08 07.9",2.69,"B2IV-V",109668
61597,"12 37 19.62","+79 12 55.6",6.99,"G0",110010
61621,"12 37 42.23","-27 08 19.2",5.41,"F0V",109799
61622,"12 37 42.33","-48 32 28.6",3.85,"A2V",109787
61628,"12 37 51.84","+04 17 19.3",6.99,"A2",109840
61631,"12 37 56.50","+54 51 11.3",6.89,"G9III",109894
61637,"12 38 04.43","+03 16 56.9",6.33,"A1V",109860
61639,"12 38 07.29","-55 55 52.3",6.95,"A1/A2V",109808
61658,"12 38 22.45","+01 51 16.9",5.68,"M3III",109896
61685,"12 38 43.36","-04 22 24.8",6.67,"K5",109944
61688,"12 38 44.69","-18 15 00.6",6.0,"F0V",109931
61692,"12 38 46.30","+40 52 28.9",6.35,"A7Vn",109980
61703,"12 38 52.37","-67 11 35.0",6.22,"B1Ia",109867
61709,"12 38 54.75","-76 03 57.3",6.77,"K4III",109813
61719,"12 39 02.21","+22 39 34.4",6.39,"K1III",109996
61720,"12 39 03.48","-30 25 20.5",5.86,"K2/K3III",109960
61724,"12 39 07.36","+21 03 45.3",5.49,"G9III",110024
61738,"12 39 14.64","-75 22 14.1",6.46,"B8Vn",109857
61740,"12 39 14.81","-07 59 43.8",4.66,"K2III",110014
61748,"12 39 16.85","+35 57 07.1",6.39,"A0p SrCrEu",110066
61763,"12 39 30.94","-06 06 02.0",6.71,"K2",110069
61789,"12 39 52.56","-39 59 14.1",4.63,"B8II/III",110073
61796,"12 39 55.90","-66 30 40.0",6.26,"B8V",110020
61853,"12 40 36.06","-14 05 59.3",6.84,"K2III",110198
61902,"12 41 07.78","+30 26 13.5",6.94,"Am",110326
61905,"12 41 09.74","-44 06 04.3",6.72,"K3III",110253
61908,"12 41 13.74","-27 54 29.5",6.64,"M3III",110284
61910,"12 41 16.02","-13 00 50.1",5.17,"F3IV",110317
61916,"12 41 23.04","-46 08 44.6",5.84,"K3II",110287
61927,"12 41 28.84","+49 17 25.7",6.89,"K2IIICN...",110409
61932,"12 41 31.20","-48 57 35.6",2.2,"A1IV",110304
61936,"12 41 33.95","+62 42 47.1",6.02,"A2III",110462
61937,"12 41 34.46","+10 25 34.6",6.22,"A7Vn",110377
61941,"12 41 40.00","-01 26 58.3",2.74,"F0V+...",110379
61950,"12 41 48.42","+09 53 09.7",6.97,"F0",110412
61951,"12 41 49.51","-19 45 32.9",6.02,"F2V",110385
61960,"12 41 53.01","+10 14 09.0",4.88,"A0V",110411
61966,"12 41 56.60","-59 41 08.9",4.91,"B6IV",110335
61968,"12 41 57.16","+06 48 23.9",5.57,"A2V",110423
61969,"12 41 57.68","-07 30 00.7",6.81,"K5",110418
61981,"12 42 05.03","-69 24 27.2",6.31,"F7Ib",110311
61982,"12 42 06.51","-54 45 39.2",6.58,"K1/K2III",110372
61995,"12 42 17.89","+33 41 19.8",6.64,"K2III-IV",110501
62012,"12 42 35.56","-48 48 46.9",4.66,"K0III",110458
62026,"12 42 49.80","-55 56 49.1",6.06,"B9V",110461
62027,"12 42 50.28","-63 03 31.0",5.27,"B2pe",110432
62046,"12 43 04.19","+61 09 19.3",6.39,"K0",110678
62058,"12 43 09.21","-56 10 34.3",5.99,"B9Vn",110506
62062,"12 43 13.08","-24 59 25.8",6.8,"M2/M3III",110560
62073,"12 43 18.47","+26 07 35.8",6.68,"F2IIIn",110628
62081,"12 43 26.24","-40 10 40.1",6.43,"A7III",110575
62084,"12 43 28.40","-58 54 09.9",6.41,"K0/K1III",110532
62103,"12 43 38.02","-01 34 36.5",5.91,"G8IIIp",110646
62109,"12 43 47.67","-12 00 51.0",6.61,"K0",110662
62125,"12 43 55.92","-13 08 30.8",6.96,"F0IV",110682
62128,"12 43 58.66","-36 20 56.9",6.38,"B8/B9V",110653
62131,"12 44 00.55","-28 19 25.9",5.46,"K3III",110666
62141,"12 44 11.22","-02 50 33.1",6.76,"A2",110746
62170,"12 44 25.90","+80 37 16.1",6.33,"A5m",111112
62172,"12 44 27.12","+44 06 10.8",6.34,"F6IV",110834
62177,"12 44 33.73","+43 07 35.8",6.96,"K3III",110835
62179,"12 44 34.99","-57 17 12.8",6.64,"A0IV/V",110698
62207,"12 44 59.68","+39 16 42.9",5.95,"G0V",110897
62212,"12 45 02.07","-68 49 50.7",6.16,"F6Ia",110716
62223,"12 45 07.83","+45 26 24.8",5.42,"C7Iab",110914
62232,"12 45 16.41","-28 45 57.7",6.78,"A3IV/V",110848
62241,"12 45 23.50","-48 10 13.8",6.64,"K1III",110838
62267,"12 45 37.12","+07 40 23.9",5.22,"A8m",110951
62268,"12 45 37.92","-60 58 52.2",4.69,"K1III",110829
62285,"12 45 52.58","-21 46 05.7",6.91,"K2III",110952
62312,"12 46 05.50","-54 36 43.9",6.65,"K0II/III",110924
62322,"12 46 16.87","-68 06 29.1",3.04,"B2V",110879
62325,"12 46 22.38","+09 32 26.8",5.65,"K1III-IV",111028
62327,"12 46 22.75","-56 29 19.6",4.62,"B3V",110956
62345,"12 46 31.01","-11 48 45.3",6.87,"G5",111031
62349,"12 46 32.77","+24 08 44.1",6.83,"F8V",111066
62356,"12 46 38.75","+16 34 39.5",5.12,"K3III",111067
62360,"12 46 46.22","-33 18 55.5",5.87,"K3III",111032
62375,"12 47 02.19","+09 03 50.4",6.89,"K0",111132
62376,"12 47 02.29","+05 57 01.8",6.31,"A0spe...",111133
62388,"12 47 10.58","+15 35 30.2",6.66,"K0",111163
62394,"12 47 13.62","+11 57 29.3",6.11,"A3V",111164
62402,"12 47 18.93","+62 46 52.1",5.88,"A9V",111270
62421,"12 47 33.42","-06 18 05.9",6.27,"F7V",111199
62423,"12 47 34.34","+66 47 25.1",5.43,"K5III",111335
62428,"12 47 39.24","-58 17 51.1",6.95,"F0III",111102
62434,"12 47 43.32","-59 41 19.4",1.25,"B0.5III",111123
62437,"12 47 48.38","+50 09 25.1",6.82,"F0",111306
62443,"12 47 51.42","+03 34 21.8",6.42,"M4III",111239
62447,"12 47 53.34","-25 00 55.0",6.81,"K0III",111214
62448,"12 47 53.67","-24 51 06.3",6.43,"B8V",111226
62459,"12 48 00.38","+18 50 12.7",6.91,"K0",111272
62476,"12 48 13.38","+52 27 11.5",6.88,"G5",111381
62478,"12 48 14.36","+13 33 11.2",6.47,"A1V",111308
62483,"12 48 16.49","-44 43 07.5",6.88,"B9V",111235
62500,"12 48 26.36","-27 35 50.0",5.65,"G8III",111295
62512,"12 48 39.34","+60 19 11.6",5.83,"F5V",111456
62516,"12 48 41.86","+48 28 00.5",6.25,"A6m",111421
62523,"12 48 47.26","+24 50 25.7",6.29,"G7V",111395
62541,"12 48 54.20","+14 07 21.5",5.71,"A1V",111397
62561,"12 49 06.79","+83 25 04.1",5.92,"A0V",112014
62572,"12 49 13.80","+83 24 46.3",5.38,"A1IIIsh",112028
62576,"12 49 17.51","+27 33 08.4",5.76,"A2V",111469
62580,"12 49 22.47","-40 46 31.0",6.89,"K2III",111403
62600,"12 49 38.05","+48 44 24.2",6.5,"K1III",111572
62608,"12 49 44.95","-71 59 10.5",5.55,"G8Ib/II",111315
62610,"12 49 45.68","-15 52 58.7",6.63,"K4III",111500
62611,"12 49 47.04","-15 04 44.1",6.97,"M3/M4III",111499
62614,"12 49 48.61","+26 25 52.9",6.87,"K0III",111541
62618,"12 49 51.54","-50 19 25.8",6.93,"K3III",111452
62636,"12 50 05.29","-07 37 56.0",6.99,"F5",111545
62641,"12 50 10.81","+37 31 00.8",5.87,"A3V",111604
62646,"12 50 11.82","-60 24 01.9",6.73,"A5II",111463
62651,"12 50 14.05","-62 38 28.8",6.61,"K3III",111464
62653,"12 50 17.23","+22 51 48.8",6.43,"K0III",111591
62655,"12 50 19.53","-48 27 34.4",6.26,"A0V",111519
62683,"12 50 41.19","-33 59 57.4",4.9,"B9V",111597
62703,"12 50 57.90","-52 47 14.6",5.7,"A5V",111588
62732,"12 51 17.98","-60 19 47.2",5.71,"A2Iab",111613
62743,"12 51 22.93","-10 20 17.6",6.48,"G8III",111720
62757,"12 51 36.91","+03 03 24.3",6.02,"K4III:",111765
62763,"12 51 41.93","+27 32 26.6",4.93,"G0III",111812
62773,"12 51 50.61","-31 12 06.8",6.97,"B8Vp (Si)",111748
62785,"12 51 56.81","-35 04 56.7",6.98,"K1III",111771
62786,"12 51 56.95","-39 40 49.4",5.99,"B7/B8V",111774
62788,"12 51 57.97","-26 44 18.1",6.14,"A0III",111786
62799,"12 52 05.47","-48 05 39.5",6.31,"A0IV",111775
62807,"12 52 12.26","+17 04 26.2",6.32,"M0III",111862
62819,"12 52 22.84","+17 06 30.5",6.93,"F8",111892
62821,"12 52 24.61","-53 49 47.7",6.26,"G8Ib/II",111790
62825,"12 52 27.52","+16 07 21.1",6.29,"A7V",111893
62861,"12 53 04.26","-54 57 08.9",5.91,"K3III",111884
62867,"12 53 06.98","-48 56 35.7",4.33,"K3/K4III",111915
62875,"12 53 11.31","-03 33 11.1",6.11,"F5V",111998
62880,"12 53 13.30","-39 23 24.8",6.85,"K3III",111930
62886,"12 53 17.77","+21 14 42.1",4.89,"G8III",112033
62894,"12 53 21.90","-60 19 42.6",5.75,"B9Ia",111904
62896,"12 53 26.15","-40 10 43.7",4.25,"A4IV",111968
62904,"12 53 32.20","+19 28 53.4",6.42,"G5IV",112060
62913,"12 53 37.62","-60 21 25.4",6.91,"B3Ib:",111934
62915,"12 53 38.12","-04 13 28.2",6.45,"K0",112048
62931,"12 53 48.92","-60 22 34.5",5.89,"B5Ia",111973
62933,"12 53 49.67","+12 25 06.6",6.25,"A7III",112097
62944,"12 53 55.74","+26 46 48.0",6.91,"K2IIICN+...",112127
62953,"12 53 59.80","-60 20 07.5",6.78,"B3Ib",111990
62956,"12 54 01.63","+55 57 35.4",1.76,"A0p",112185
62972,"12 54 13.15","+33 32 03.9",6.25,"A7IV",112171
62975,"12 54 14.51","+75 24 33.5",6.95,"K0",112371
62981,"12 54 17.88","-70 02 12.4",6.88,"K1II/III",111953
62983,"12 54 18.74","-11 38 54.9",6.0,"A2V",112131
62985,"12 54 21.17","-09 32 20.2",4.77,"M3IIIvar",112142
62986,"12 54 22.01","-58 25 50.2",6.74,"F7Ib/II",112044
62996,"12 54 30.22","-20 05 52.9",6.73,"M0III",112144
63003,"12 54 35.66","-57 10 40.4",4.03,"B2IV-V",112092
63005,"12 54 36.92","-57 10 07.1",5.08,"B5Vne",112091
63007,"12 54 39.22","-59 08 48.0",4.62,"B4Vn",112078
63008,"12 54 39.98","+22 06 28.8",6.99,"F8V",112196
63024,"12 54 56.54","+47 11 48.3",5.75,"M5III",112264
63031,"12 54 58.35","-85 07 24.3",5.45,"K0III",111482
63033,"12 54 58.71","-44 09 05.1",5.89,"G2IV",112164
63043,"12 55 05.18","+19 36 53.6",6.66,"K0",112234
63045,"12 55 06.99","-42 17 27.1",6.82,"B5Vn",112192
63046,"12 55 07.03","-13 27 09.9",6.97,"K1III",112223
63056,"12 55 11.10","+03 02 57.2",6.95,"G5",112235
63066,"12 55 19.46","-42 54 56.5",5.46,"M0III",112213
63076,"12 55 28.56","+65 26 18.8",5.23,"A5n",112429
63081,"12 55 30.34","+11 29 45.2",6.91,"M4III:",112278
63083,"12 55 32.45","-30 04 12.3",6.9,"A2/A3V",112241
63090,"12 55 36.48","+03 23 51.4",3.39,"M3III",112300
63093,"12 55 38.43","+00 03 19.1",6.78,"K0",112281
63096,"12 55 39.05","+54 57 40.4",6.78,"A0",112396
63104,"12 55 44.81","+32 00 02.5",6.85,"K1III",112353
63109,"12 55 53.25","-15 19 37.3",6.18,"A0V",112304
63117,"12 55 57.14","-56 50 08.9",5.34,"O9Ib",112244
63121,"12 56 00.60","+38 18 52.9",5.61,"F0V",112412
63125,"12 56 01.84","+38 19 05.7",2.89,"A0spe...",112413
63143,"12 56 17.64","+54 05 58.1",5.84,"A5m",112486
63145,"12 56 18.64","-55 33 39.8",6.83,"K3III",112268
63152,"12 56 25.89","+65 59 39.9",6.63,"C7I",112559
63155,"12 56 26.55","-00 57 15.8",6.62,"F5",112398
63159,"12 56 30.12","-26 27 36.9",6.73,"F3Ia",112374
63165,"12 56 31.72","-72 11 06.7",5.93,"G8III",112219
63179,"12 56 38.81","+43 33 07.2",6.97,"Am",112501
63182,"12 56 39.61","-47 41 10.4",6.75,"F5IV/V",112361
63203,"12 56 58.05","+67 14 34.2",6.55,"K0",112640
63204,"12 56 58.26","-54 35 14.3",6.48,"A0p",112381
63210,"12 57 04.38","-51 11 55.4",5.17,"B8V",112409
63211,"12 57 07.80","+46 10 36.9",6.11,"K0III-IV",112570
63220,"12 57 12.68","-12 04 00.9",6.33,"K5",112495
63221,"12 57 13.62","+08 17 37.5",6.81,"F5",112503
63225,"12 57 19.02","-08 54 38.9",6.93,"B9",112504
63236,"12 57 26.25","-67 57 38.4",6.77,"A2IV/V",112383
63235,"12 57 26.31","+01 25 40.6",6.91,"F2",112542
63242,"12 57 32.05","-65 38 47.5",6.86,"G8III",112410
63243,"12 57 33.17","-22 45 12.5",6.31,"K0III",112519
63276,"12 58 01.00","-38 55 02.0",6.72,"A3V",112563
63286,"12 58 09.88","-23 03 18.4",6.95,"F2V",112603
63287,"12 58 10.82","-47 03 53.8",6.85,"A1III/IV",112565
63297,"12 58 18.87","+64 55 31.8",6.44,"K0",112826
63320,"12 58 33.90","+28 19 10.4",6.94,"A5",112734
63328,"12 58 39.96","-02 54 13.0",6.67,"K2",112696
63331,"12 58 40.92","-36 16 30.7",6.95,"A4V",112657
63340,"12 58 47.30","+75 28 20.9",6.0,"K0III",113049
63350,"12 58 52.76","-39 06 20.2",6.94,"A0V",112680
63355,"12 58 55.47","+17 24 33.7",4.76,"M0III",112769
63356,"12 58 56.74","+39 50 39.3",6.86,"G9II-III",112814
63359,"12 58 57.72","-21 32 48.1",6.62,"K3III",112709
63414,"12 59 39.55","-03 48 43.0",5.79,"A3V",112846
63420,"12 59 46.04","+09 31 33.6",6.74,"K0",112888
63432,"12 59 55.28","+66 35 50.3",5.37,"K2III",113092
63445,"13 00 03.05","-36 10 55.6",6.97,"K3III",112865
63462,"13 00 16.49","+30 47 06.1",4.88,"K1IIIp",112989
63464,"13 00 16.84","-48 36 13.3",6.95,"G8IV",112851
63479,"13 00 25.64","+31 46 45.3",6.65,"G5",113021
63490,"13 00 32.71","-33 30 18.3",6.01,"F3V",112935
63491,"13 00 33.61","-33 03 04.3",6.58,"A9V",112934
63494,"13 00 35.96","-03 22 07.0",5.99,"K2III",112992
63497,"13 00 38.86","+18 22 22.3",6.2,"F6Vs",113022
63503,"13 00 43.59","+56 21 58.8",4.93,"F2V",113139
63533,"13 01 09.62","+17 07 23.5",5.97,"K0III",113095
63538,"13 01 13.63","-20 46 39.2",6.92,"K2III",113052
63583,"13 01 46.39","-39 36 58.4",6.65,"K0/K1III",113104
63584,"13 01 47.15","+63 36 36.6",6.01,"F6V",113337
63608,"13 02 10.76","+10 57 32.8",2.85,"G8IIIvar",113226
63613,"13 02 15.78","-71 32 55.7",3.61,"K2III",112985
63623,"13 02 22.68","-28 17 10.8",6.68,"K3III",113203
63647,"13 02 40.46","+59 42 58.8",6.5,"A3Vn",113436
63677,"13 02 59.48","+22 38 15.3",6.92,"A0",113365
63688,"13 03 05.36","-71 28 32.6",5.93,"B1.5IIIne",113120
63692,"13 03 10.44","+23 49 35.6",6.98,"M1III",113406
63724,"13 03 33.35","-49 31 38.1",4.83,"A0V",113314
63738,"13 03 46.03","-20 35 00.6",5.58,"F7V",113415
63740,"13 03 47.38","-40 51 04.2",6.93,"K0III",113388
63748,"13 03 53.41","+43 00 27.4",6.8,"M0",113545
63750,"13 03 54.44","-03 39 47.0",6.62,"F0V",113459
63820,"13 04 48.25","-41 11 46.6",6.24,"M3/M4III",113523
63822,"13 04 49.78","+73 01 29.8",6.43,"F0V",113889
63839,"13 05 02.09","-64 26 29.6",6.64,"A0V",113457
63849,"13 05 06.70","-47 07 00.6",6.44,"F5III",113537
63883,"13 05 30.83","-52 06 56.5",6.43,"M1III",113602
63901,"13 05 44.46","+35 47 55.9",5.2,"B9V",113797
63916,"13 05 52.28","+45 16 06.6",5.64,"K1III",113847
63933,"13 06 10.29","+29 01 45.3",6.51,"A3IV",113865
63943,"13 06 15.57","-55 36 42.0",6.95,"K4III",113686
63945,"13 06 16.73","-48 27 47.7",4.71,"B5V",113703
63948,"13 06 21.28","+21 09 12.6",6.0,"F4V",113848
63950,"13 06 22.58","+22 36 58.6",5.53,"M5III",113866
63951,"13 06 22.71","+22 16 47.4",6.83,"F0",113867
63952,"13 06 22.86","+62 02 31.1",6.15,"G7III",113994
63972,"13 06 35.05","-41 35 18.3",5.59,"K0II/III",113778
63981,"13 06 37.87","-31 36 42.5",6.75,"K1III",113820
64003,"13 06 54.23","-35 51 42.6",5.63,"A0V",113852
64004,"13 06 54.66","-49 54 22.4",4.27,"B1.5V",113791
64022,"13 07 10.71","+27 37 29.7",4.8,"K5III",113996
64033,"13 07 24.31","-59 51 37.8",5.98,"B9IV+...",113823
64053,"13 07 38.32","-53 27 35.0",5.7,"B8V",113902
64077,"13 07 53.66","+27 33 22.0",6.2,"K4III",114092
64078,"13 07 53.80","-10 44 25.4",5.15,"K2III",114038
64089,"13 08 02.44","+24 49 51.8",6.81,"G8III",114093
64094,"13 08 07.16","-65 18 21.7",5.44,"WC6 + O9.5I",113904
64108,"13 08 20.52","-78 26 45.5",6.43,"A0V",113694
64111,"13 08 21.96","-36 13 26.9",6.85,"A9III",114050
64117,"13 08 27.84","-67 47 48.3",6.34,"M1III",113919
64122,"13 08 32.49","-08 59 03.2",5.57,"K3III",114113
64133,"13 08 39.44","-23 06 23.0",6.69,"K1III",114098
64150,"13 08 50.97","+05 12 31.9",6.78,"G5IV",114174
64166,"13 09 03.28","-23 07 04.7",4.94,"K0III",114149
64169,"13 09 05.69","+18 37 32.4",6.94,"K2",114241
64179,"13 09 12.42","+10 01 20.9",5.79,"K0III",114256
64181,"13 09 14.27","-09 32 17.2",6.32,"K0",114203
64199,"13 09 27.58","-48 31 28.7",6.84,"F3/F5III",114155
64212,"13 09 38.72","+37 25 23.3",6.01,"K3III",114357
64217,"13 09 42.04","+38 32 01.9",6.25,"B7III",114376
64218,"13 09 42.41","-16 30 54.7",6.75,"A2V",114268
64224,"13 09 45.29","-10 19 45.5",5.95,"K5III",114287
64226,"13 09 47.89","+16 50 55.1",5.91,"K5III",114326
64231,"13 09 50.21","+62 13 44.9",6.52,"A1V",114504
64238,"13 09 57.01","-05 32 20.1",4.38,"A1V",114330
64241,"13 09 59.55","+17 31 44.8",4.32,"F5V",114378
64246,"13 10 03.27","+38 29 55.9",5.91,"A9III-IV",114447
64302,"13 10 46.05","+34 18 02.6",6.89,"F5",114537
64307,"13 10 49.87","-52 54 27.3",6.67,"K1/K2III",114351
64312,"13 10 52.34","+21 14 02.0",6.82,"F2II",114520
64320,"13 10 58.47","-52 34 00.7",6.05,"Ap",114365
64332,"13 11 08.94","-42 13 58.2",5.78,"F7IV",114435
64346,"13 11 21.71","-13 57 44.2",6.92,"K0III",114545
64348,"13 11 23.31","-43 22 06.6",5.24,"K1/K2III",114474
64362,"13 11 30.43","-35 07 47.7",6.63,"K1III",114509
64365,"13 11 32.36","+21 55 07.4",6.82,"G5III",114637
64370,"13 11 36.08","-56 54 32.3",6.79,"M0/M1III",114458
64375,"13 11 39.24","-26 33 06.2",6.49,"A5V",114576
64378,"13 11 40.59","-11 13 17.9",6.89,"K0",114611
64390,"13 11 51.38","-69 56 31.3",5.92,"F3IV/V",114371
64394,"13 11 52.92","+27 52 33.7",4.23,"G0V",114710
64395,"13 11 53.07","-63 18 10.7",6.32,"F0II",114461
64398,"13 11 55.56","-61 07 02.4",6.74,"F2Ib-II",114489
64405,"13 12 02.03","+32 05 07.0",6.71,"F8",114723
64408,"13 12 03.47","-37 48 11.3",4.85,"G3V",114613
64407,"13 12 03.48","-16 11 52.5",5.04,"F6V",114642
64417,"13 12 08.42","+24 15 29.3",6.31,"K1III",114724
64425,"13 12 17.63","-59 55 13.9",4.58,"B8V",114529
64437,"13 12 25.46","+80 28 16.6",6.25,"K0Ib",115337
64445,"13 12 32.95","+11 33 22.2",5.76,"M0III",114780
64449,"13 12 35.95","+18 45 06.4",6.51,"G8III",114793
64459,"13 12 44.40","-31 52 21.4",6.68,"G0V",114729
64466,"13 12 48.77","-66 13 36.4",5.91,"A0V(n)",114570
64470,"13 12 49.53","+42 37 35.8",6.79,"G5",114877
64472,"13 12 50.86","-42 41 59.0",6.19,"K0III",114707
64478,"13 12 55.71","-59 48 58.8",6.18,"G0V",114630
64482,"13 13 00.43","+67 18 34.8",6.96,"K0",115061
64484,"13 13 03.50","+38 16 38.6",6.83,"F7V",114905
64496,"13 13 12.54","+18 43 37.7",6.1,"G8III",114889
64515,"13 13 23.38","-50 41 59.2",5.9,"B9V",114772
64520,"13 13 26.85","-18 49 35.0",6.26,"A0V",114846
64522,"13 13 28.26","+67 17 16.6",6.52,"K2III",115136
64527,"13 13 31.95","+72 47 56.9",6.57,"A2V",115227
64530,"13 13 35.94","+36 53 15.3",6.5,"M0",114975
64532,"13 13 36.89","+56 42 29.9",6.82,"G1V",115043
64540,"13 13 42.98","+40 09 10.3",4.94,"K0III",115004
64543,"13 13 44.63","+32 31 49.7",6.68,"G2II",114988
64550,"13 13 52.32","-45 11 07.9",6.93,"G2V",114853
64556,"13 13 57.60","+01 27 23.6",6.55,"K5III",114960
64557,"13 13 57.80","-43 08 21.0",6.16,"K5II",114873
64564,"13 14 01.92","-62 39 14.0",6.82,"F8Ib",114792
64577,"13 14 10.97","-19 55 52.8",5.31,"G8III/IV",114946
64580,"13 14 12.15","-58 41 02.1",5.91,"K0/K1III",114835
64583,"13 14 15.43","-59 06 10.3",4.9,"F7IV",114837
64587,"13 14 17.36","-78 26 50.8",5.84,"F8Ib",114533
64590,"13 14 20.16","-42 51 07.5",6.72,"K1III",114922
64598,"13 14 25.50","-75 10 16.1",6.98,"K3IIICN...",114657
64603,"13 14 27.58","-24 17 03.4",6.66,"F0V",114993
64607,"13 14 31.24","+11 19 54.4",5.64,"M0III",115046
64623,"13 14 43.36","-48 57 24.5",5.84,"K0IV",114971
64624,"13 14 44.39","-63 34 51.8",6.87,"O9:V",114886
64625,"13 14 45.13","-10 22 13.0",6.95,"K5",115062
64648,"13 15 08.63","+35 26 44.8",6.8,"A2",115197
64651,"13 15 09.49","-36 22 16.9",6.17,"K1III",115050
64654,"13 15 10.24","+18 55 08.0",6.55,"K0",115166
64661,"13 15 15.00","-67 53 40.4",4.79,"B8V",114911
64682,"13 15 25.77","-69 40 45.1",6.37,"K2/K3III",114912
64692,"13 15 32.05","+40 51 18.6",5.77,"A7V",115271
64711,"13 15 46.94","+07 57 10.7",6.75,"K0",115245
64725,"13 15 58.58","-19 56 34.2",5.21,"K1III",115202
64739,"13 16 06.66","-57 03 41.7",6.95,"F2IV",115113
64749,"13 16 12.76","-52 24 53.1",6.89,"K0III",115159
64751,"13 16 14.35","+19 03 06.2",6.46,"G8III",115319
64769,"13 16 25.50","-01 23 25.7",6.69,"F1IV",115308
64774,"13 16 28.66","+68 24 28.7",6.2,"B9.5V",115612
64778,"13 16 31.85","-44 42 15.8",6.85,"K5pvar",115236
64779,"13 16 32.33","+19 47 06.8",6.43,"F0V",115365
64781,"13 16 36.74","+18 54 11.7",6.72,"K0",115381
64790,"13 16 45.05","-65 08 17.3",6.06,"F5V",115149
64792,"13 16 46.71","+09 25 25.3",5.19,"G0Vs",115383
64797,"13 16 50.67","+17 01 04.1",6.49,"K2V",115404
64803,"13 16 53.11","-31 30 21.9",5.1,"K0III",115310
64820,"13 17 13.03","-66 47 00.3",4.86,"K2Ib/II",115211
64822,"13 17 13.92","-43 58 46.0",5.82,"Am",115331
64823,"13 17 15.62","+13 40 32.3",5.33,"K3III",115478
64828,"13 17 22.02","-11 29 00.8",6.61,"A2",115446
64834,"13 17 27.38","-10 32 46.8",6.89,"F0",115466
64838,"13 17 29.89","-00 40 33.7",6.36,"F0V",115488
64843,"13 17 31.78","-15 32 52.5",6.68,"K0III",115467
64844,"13 17 32.64","+40 34 21.2",4.72,"F3III",115604
64852,"13 17 36.29","+05 28 11.4",4.78,"M2III",115521
64867,"13 17 44.66","-47 35 23.7",6.63,"B9V",115415
64876,"13 17 55.45","-68 29 44.3",6.68,"B9IV",115286
64892,"13 18 05.13","-44 03 19.2",6.8,"B9V",115470
64906,"13 18 14.54","+49 40 55.3",5.14,"A0V",115735
64914,"13 18 19.87","-63 26 56.9",6.78,"F5Iab",115400
64920,"13 18 23.46","-28 19 56.3",6.8,"K0III",115577
64925,"13 18 24.93","-45 45 52.6",6.87,"A0V",115527
64924,"13 18 24.97","-18 18 31.0",4.74,"G5V",115617
64927,"13 18 27.71","+34 05 53.9",5.81,"K4.5III",115723
64933,"13 18 34.89","-51 17 08.7",6.18,"A0V",115529
64951,"13 18 48.34","-79 58 33.5",6.34,"B9.5/A0V",115088
64954,"13 18 51.15","+03 41 15.6",6.62,"A1IV",115709
64962,"13 18 55.25","-23 10 17.1",2.99,"G8III",115659
64979,"13 19 04.27","+35 07 40.6",6.01,"F0IV",115810
64983,"13 19 06.70","+03 43 22.3",6.91,"K2III:",115753
64994,"13 19 18.99","-72 02 07.7",6.04,"K3III",115439
65015,"13 19 38.41","-60 38 06.6",6.98,"K5Ib",115636
65046,"13 19 58.55","-41 11 26.5",6.73,"F6V",115773
65050,"13 20 02.13","-62 31 35.8",6.91,"K2/K3III",115669
65067,"13 20 14.69","+03 17 15.2",6.96,"K2",115930
65072,"13 20 19.00","+40 09 02.0",5.6,"K1III",116010
65074,"13 20 20.05","-11 18 14.8",6.73,"K0",115903
65108,"13 20 35.06","-59 46 21.9",6.2,"F3/F5II",115778
65109,"13 20 36.07","-36 42 43.5",2.75,"A2V",115892
65112,"13 20 37.85","-52 44 52.0",5.47,"B6V",115823
65119,"13 20 41.61","+02 56 32.3",6.26,"A3V",115995
65129,"13 20 48.34","-55 48 02.5",6.0,"B0.5Ia",115842
65135,"13 20 51.13","+43 59 24.4",6.51,"F2",116127
65144,"13 20 57.76","-46 52 48.2",5.76,"K1III",115912
65151,"13 21 04.80","-24 28 12.9",6.89,"K5/M0III",115998
65154,"13 21 07.31","+47 16 11.1",6.97,"K0",116172
65159,"13 21 10.87","+37 51 25.6",6.93,"F8V",116156
65178,"13 21 25.93","-43 38 03.4",6.67,"B9V",115988
65183,"13 21 29.82","-19 29 21.4",6.21,"A2/A3V",116061
65198,"13 21 41.68","+02 05 14.5",5.69,"A2V",116160
65230,"13 22 03.97","+43 54 12.0",6.34,"A7m",116303
65235,"13 22 06.40","-14 25 11.2",6.84,"K5III",116177
65236,"13 22 07.42","-60 11 05.9",6.92,"B1III",116003
65239,"13 22 08.25","-12 34 46.3",6.88,"K5III",116175
65241,"13 22 09.73","+05 09 17.5",5.89,"A2m",116235
65245,"13 22 15.07","+30 17 31.3",6.8,"K2III",116287
65247,"13 22 16.29","-52 10 58.6",5.81,"B2.5Ib",116084
65265,"13 22 30.99","-06 12 06.5",6.63,"K0",116249
65271,"13 22 37.98","-60 59 18.1",4.52,"B3V",116087
65288,"13 22 52.50","-47 56 35.6",6.18,"A4V",116197
65289,"13 22 52.62","-72 08 48.0",6.06,"B6V",115967
65301,"13 23 01.15","-17 44 06.7",5.36,"K0III",116292
65303,"13 23 02.61","-48 33 46.0",6.37,"B6IV",116226
65309,"13 23 05.50","+47 00 07.0",6.64,"M4III:",116475
65311,"13 23 08.64","-33 11 23.6",6.17,"M2III",116278
65323,"13 23 18.91","-04 55 27.8",5.88,"K3III",116365
65372,"13 23 52.19","-49 49 21.8",6.48,"G8III",116338
65373,"13 23 52.72","-47 53 25.8",6.77,"K0III",116337
65376,"13 23 53.92","+37 02 02.2",6.1,"M3III",116581
65378,"13 23 55.42","+54 55 31.5",2.23,"A2V",116656
65381,"13 23 57.11","-20 55 28.3",6.44,"K1/K2III/IV",116429
65387,"13 24 00.44","-64 32 08.2",4.52,"G5III-IV",116243
65413,"13 24 25.99","-51 52 30.7",6.68,"K2III",116398
65414,"13 24 26.11","-04 18 31.1",6.82,"K0",116545
65417,"13 24 30.54","+12 25 54.3",6.44,"K0III",116594
65420,"13 24 33.14","-05 09 50.1",5.76,"F3V",116568
65466,"13 25 06.68","+23 51 16.0",5.75,"A3IV",116706
65468,"13 25 07.36","-74 53 15.0",5.04,"K0III",116244
65474,"13 25 11.60","-11 09 40.5",0.98,"B1V",116658
65477,"13 25 13.42","+54 59 16.8",3.99,"A5V SB",116842
65479,"13 25 14.14","-64 29 06.3",5.32,"F2III",116457
65503,"13 25 31.33","-68 31 41.1",6.98,"G6III",116424
65509,"13 25 40.09","+15 33 50.6",6.83,"K0",116784
65522,"13 25 50.40","-70 37 38.1",5.65,"Ap",116458
65528,"13 25 58.05","-35 04 33.0",6.82,"K5/M0III",116711
65530,"13 26 00.37","+63 15 38.7",6.5,"G6V",117043
65532,"13 26 06.25","-16 51 31.0",6.56,"K0III",116768
65535,"13 26 07.64","-39 45 17.9",5.11,"Kp...",116713
65536,"13 26 08.02","+72 23 29.4",5.82,"M1III",117187
65539,"13 26 08.15","-32 32 50.2",6.85,"F0V",116743
65545,"13 26 11.48","-01 11 32.9",5.97,"A7III",116831
65550,"13 26 16.58","+46 01 41.2",5.88,"K0III:",116957
65551,"13 26 16.73","-48 47 11.6",6.7,"A0V",116717
65557,"13 26 26.46","-34 00 34.6",6.87,"K1III",116788
65581,"13 26 43.24","-12 42 27.4",5.27,"K5III",116870
65593,"13 26 56.12","-41 29 51.2",5.69,"K3III",116835
65595,"13 26 57.22","+78 38 37.7",5.74,"G2.5IIIb",117566
65603,"13 27 04.70","+64 44 07.6",6.64,"F0",117200
65606,"13 27 06.40","-49 08 37.3",6.31,"A0III/IV",116836
65621,"13 27 14.67","-40 09 45.7",6.4,"G8/K0III",116873
65628,"13 27 18.58","-74 41 30.2",6.62,"B9V",116579
65630,"13 27 20.66","-49 22 52.6",6.27,"B3IV",116862
65639,"13 27 27.24","-15 58 25.1",4.76,"K1IIICN...",116976
65678,"13 27 59.73","+52 44 44.3",6.34,"F0",117242
65682,"13 28 01.88","-26 24 08.0",6.49,"K5III",117033
65698,"13 28 11.89","+50 35 13.9",6.96,"F1IV",117281
65709,"13 28 18.75","+31 08 57.2",6.94,"K2",117203
65721,"13 28 25.95","+13 46 48.7",4.97,"G5V",117176
65723,"13 28 26.23","+40 43 47.2",6.49,"G8III",117261
65728,"13 28 27.18","+59 56 44.5",5.4,"A1Vn",117376
65754,"13 28 45.80","+50 43 07.5",6.42,"F0IV",117361
65755,"13 28 46.82","-69 37 37.6",6.17,"B8V",116890
65760,"13 28 54.93","-62 06 08.2",6.64,"F2Ia",117000
65783,"13 29 07.98","-64 40 32.8",6.09,"A2m",117025
65790,"13 29 13.04","+10 49 06.2",5.65,"K0III",117304
65796,"13 29 14.94","-01 21 51.4",6.42,"K0III",117267
65798,"13 29 16.08","-45 32 16.0",6.61,"B9IV/V",117145
65810,"13 29 25.26","-51 09 54.4",5.04,"A0V",117150
65813,"13 29 29.19","-18 43 44.6",6.88,"K2/K3IIICNp",117246
65822,"13 29 36.18","-47 52 32.8",6.94,"A1V",117193
65835,"13 29 42.82","-23 16 52.9",6.4,"M6/M7e",117287
65839,"13 29 47.12","+01 05 44.1",6.59,"A7V",117362
65855,"13 29 57.65","+06 00 48.2",6.51,"K0",117405
65862,"13 30 00.08","+07 10 43.8",6.18,"K5",117404
65891,"13 30 25.30","-58 39 51.6",6.75,"K0III",117253
65892,"13 30 25.70","-06 28 13.1",6.1,"F2V",117436
65911,"13 30 39.14","+09 19 00.7",6.88,"K0...",117498
65920,"13 30 51.43","-03 02 59.7",6.91,"K0",117515
65936,"13 31 02.67","-39 24 26.2",3.9,"G8II/III",117440
65949,"13 31 13.22","-13 26 55.6",6.93,"F0IV/V",117544
65951,"13 31 15.84","+42 06 21.9",6.07,"K2III",117710
65955,"13 31 22.50","-42 27 52.9",6.56,"K0III",117483
65969,"13 31 33.22","-28 06 45.9",6.48,"A1V",117558
65970,"13 31 33.42","-61 34 56.5",6.66,"F6/F7Ib",117399
66005,"13 31 57.83","-65 19 18.5",6.62,"A8/A9IV",117432
66006,"13 31 57.95","-06 15 20.6",4.68,"M3III",117675
66015,"13 32 02.87","-18 43 43.8",6.01,"A7IV/V",117661
66019,"13 32 05.39","-38 23 55.5",6.14,"K1III",117597
66023,"13 32 10.88","-79 39 38.7",6.69,"K2III",117076
66042,"13 32 22.00","+36 49 05.6",6.82,"G8III compSB",117846
66060,"13 32 34.52","-29 33 55.0",6.45,"F5IV",117718
66065,"13 32 35.96","-28 41 33.8",5.69,"A0/A1V",117716
66086,"13 32 48.17","+24 20 50.0",6.11,"G8III",117876
66089,"13 32 51.02","+34 54 25.8",6.78,"F0III",117902
66091,"13 32 51.69","-15 21 46.8",5.52,"K1III",117789
66098,"13 32 58.09","-10 09 53.7",5.21,"K0III",117818
66113,"13 33 09.18","+05 51 10.9",6.64,"G5",117877
66121,"13 33 14.66","-77 34 08.5",6.52,"F6V",117360
66128,"13 33 22.60","+33 39 27.7",6.68,"K2III",117981
66139,"13 33 29.50","-43 25 21.8",6.65,"F6V",117807
66152,"13 33 35.92","-65 37 57.4",6.36,"A0V",117651
66171,"13 33 47.80","-39 56 44.5",6.69,"A1IV/V",117851
66198,"13 34 07.33","+55 20 54.4",5.6,"A0V",118214
66200,"13 34 07.91","+03 39 32.5",4.92,"A1p SrCrEu",118022
66223,"13 34 21.85","+38 47 21.2",6.37,"F0IV",118156
66234,"13 34 27.37","+49 00 57.3",4.68,"A5V",118232
66236,"13 34 28.99","-48 16 19.7",6.32,"B8III",117919
66247,"13 34 40.48","-13 12 51.5",5.92,"A0V",118054
66249,"13 34 41.75","-00 35 45.4",3.38,"A3V",118098
66251,"13 34 42.81","+76 32 48.1",6.46,"K5III:",118686
66254,"13 34 43.61","-33 18 39.0",6.46,"K2III",118010
66257,"13 34 47.75","+37 10 56.8",4.91,"F2IV SB",118216
66275,"13 35 01.72","+12 30 50.2",6.56,"K0",118180
66289,"13 35 11.15","-62 37 50.4",6.7,"G8III",117923
66290,"13 35 11.57","+22 29 57.9",6.91,"F5V",118244
66292,"13 35 12.29","-32 12 44.4",6.77,"F0V",118084
66294,"13 35 14.11","+44 11 49.2",6.83,"F0III",118295
66320,"13 35 31.29","-05 23 47.0",5.7,"G6III",118219
66326,"13 35 33.37","+10 12 18.3",6.48,"K1III+...",118266
66345,"13 35 52.08","+08 17 33.9",6.93,"M4III",118289
66376,"13 36 26.17","-42 24 55.3",6.82,"A3m...",118252
66380,"13 36 33.59","+52 41 15.3",6.93,"K5",118575
66385,"13 36 39.89","+49 29 12.1",6.48,"K1III",118536
66398,"13 36 48.37","-26 29 52.8",6.72,"A",
66400,"13 36 48.51","-26 29 42.8",5.73,"A7V+...",118349
66405,"13 36 50.58","-34 28 03.9",6.48,"K0III",118319
66417,"13 36 59.10","+24 36 47.9",5.72,"M2III",118508
66422,"13 37 02.73","+67 02 11.1",6.7,"G5",118788
66427,"13 37 06.05","-44 08 35.4",5.96,"G8/K0III",118338
66435,"13 37 11.05","+71 14 32.2",5.5,"K2III",118904
66438,"13 37 12.20","-61 41 29.7",5.63,"F6V",118261
66440,"13 37 12.76","+52 35 35.1",6.73,"K5",118668
66454,"13 37 23.50","-46 25 40.2",5.91,"B8V",118354
66458,"13 37 27.70","+36 17 41.4",4.82,"A7III",118623
66475,"13 37 42.94","+50 42 53.4",6.51,"F3III comp",118741
66476,"13 37 44.01","+02 22 56.5",6.66,"K0",118578
66482,"13 37 46.95","-03 14 09.4",6.68,"K0",118559
66511,"13 38 01.01","+22 31 39.2",6.99,"G5",118670
66515,"13 38 03.46","-42 45 54.0",6.97,"K4III",118483
66521,"13 38 07.63","-58 24 52.5",6.41,"K1III",118384
66522,"13 38 07.86","+14 18 07.1",6.49,"A9Vs",118660
66524,"13 38 09.07","-50 20 59.6",6.64,"B5II",118450
66563,"13 38 42.13","-29 33 38.4",5.81,"F3V",118646
66574,"13 38 45.83","-70 26 41.1",6.11,"K3III",118344
66575,"13 38 48.96","-57 37 21.7",6.0,"G5Ib",118520
66594,"13 39 02.31","+18 15 55.3",6.46,"K3III",118839
66607,"13 39 12.04","-75 41 01.6",6.32,"B8IV",118285
66610,"13 39 13.89","+10 30 35.2",6.64,"M3III",118840
66613,"13 39 14.92","+51 48 15.1",6.49,"K2",118970
66618,"13 39 19.90","-67 40 13.3",6.97,"G2/G3IV/V",118475
66634,"13 39 30.58","+52 55 15.9",5.46,"A3Vn",119024
66640,"13 39 34.68","+10 44 46.7",5.57,"F0V",118889
66645,"13 39 40.85","-39 44 51.2",6.29,"M3/M4III",118781
66656,"13 39 48.59","-40 03 05.7",5.61,"K2/K3III",118799
66657,"13 39 53.27","-53 27 58.9",2.29,"B1III",118716
66663,"13 39 58.52","-16 26 47.5",6.71,"K3III",118876
66666,"13 39 59.90","-49 57 00.0",5.74,"M8III",118767
66668,"13 40 00.59","-70 47 16.0",6.59,"K0III",118522
66679,"13 40 08.77","-27 34 39.9",6.8,"K2/K3III",118877
66681,"13 40 10.80","-64 34 35.6",5.79,"F3III-IV",118666
66690,"13 40 15.63","+31 00 42.5",6.21,"G5II:",119035
66700,"13 40 21.44","+57 12 27.2",6.28,"A4p SrCrEu",119213
66704,"13 40 23.35","+50 31 09.4",6.31,"F7.7V",119124
66722,"13 40 37.67","-44 19 48.7",6.57,"A0V",118878
66725,"13 40 39.12","+28 03 54.5",6.22,"K3III",119081
66727,"13 40 40.50","+19 57 20.4",5.73,"A1V",119055
66728,"13 40 40.94","+76 50 37.6",6.69,"A5",119702
66735,"13 40 43.34","+52 46 18.8",6.88,"K0",119214
66738,"13 40 44.29","+54 40 54.0",4.63,"M2IIIvar",119228
66753,"13 40 56.18","-85 47 09.6",5.56,"A2m...",117374
66763,"13 41 02.36","+22 29 45.0",5.63,"G9III",119126
66765,"13 41 04.03","-34 27 49.5",6.92,"K1V",118972
66782,"13 41 13.57","-46 01 41.7",6.7,"K0III",118962
66783,"13 41 13.65","-71 52 06.1",6.91,"M4III",118685
66798,"13 41 29.82","+64 49 20.8",5.85,"A2V",119476
66800,"13 41 30.86","-23 26 59.3",6.6,"A1V",119086
66802,"13 41 36.61","-45 29 37.5",6.89,"K2/K3III",118998
66803,"13 41 36.83","-08 42 11.1",5.03,"M2III",119149
66806,"13 41 39.50","-75 06 55.3",6.9,"A0V+...",118667
66821,"13 41 44.81","-54 33 33.7",4.99,"B8Vn+...",118991
66825,"13 41 45.58","-33 35 50.6",6.58,"M3e",119090
66849,"13 42 01.12","-58 47 13.4",5.38,"B9IV",118978
66857,"13 42 06.33","+65 16 23.1",6.6,"A2",119581
66860,"13 42 12.98","+08 23 19.0",6.16,"F3Vp",119288
66874,"13 42 20.78","-33 58 49.9",6.66,"F2:+...",119191
66878,"13 42 22.94","+82 45 09.0",5.92,"G9III",120565
66892,"13 42 28.87","+41 40 27.3",6.3,"G6III",119445
66893,"13 42 30.94","+55 43 39.6",6.91,"K1III",119549
66903,"13 42 39.38","+78 03 51.6",5.91,"G7III:",120084
66904,"13 42 40.57","-61 44 16.2",6.86,"B8Iab:",
66907,"13 42 43.42","+34 59 20.4",5.98,"G5III",119458
66910,"13 42 44.51","-61 53 31.3",6.87,"K0/2III +A/F",119076
66923,"13 42 54.64","-50 47 24.7",6.43,"M0III",119193
66924,"13 42 55.06","-41 24 03.4",5.96,"K0III",119250
66925,"13 42 56.12","-56 46 04.7",6.0,"B0.5III",119159
66936,"13 43 03.88","+03 32 17.1",5.35,"K1III",119425
66958,"13 43 25.86","+45 31 12.9",6.69,"K0",119637
66974,"13 43 35.89","+14 21 56.3",6.92,"G2V",119550
66984,"13 43 40.10","-42 04 03.0",5.96,"B8III",119361
66992,"13 43 45.13","+22 42 01.8",6.12,"K4III",119584
66997,"13 43 49.47","-40 10 40.6",6.91,"F2V",119415
67004,"13 43 54.27","-05 29 56.0",6.51,"A1V",119537
67005,"13 43 54.80","+52 03 51.9",6.02,"A1V",119765
67008,"13 43 57.38","-59 14 09.5",6.51,"B8V",119283
67036,"13 44 16.03","-51 00 44.7",6.44,"A0p",119419
67057,"13 44 29.82","-16 10 44.6",5.55,"G1IV/V",119605
67069,"13 44 44.60","-14 13 29.1",6.9,"G2V",119638
67071,"13 44 45.70","-25 30 03.2",6.21,"K3III",119623
67103,"13 45 13.10","+55 52 48.8",6.47,"F7IV-V",119992
67104,"13 45 13.47","+10 19 31.5",6.42,"K2",119784
67125,"13 45 27.45","-48 47 30.2",6.76,"F8V",119629
67139,"13 45 35.09","-15 46 02.7",6.18,"A0V",119786
67143,"13 45 36.94","-26 06 57.5",5.81,"A0V",119752
67153,"13 45 41.57","-33 02 36.1",4.23,"F3V",119756
67172,"13 45 56.33","-12 25 35.6",5.5,"G8III",119853
67194,"13 46 13.63","+41 05 19.9",5.88,"A5V",120047
67195,"13 46 13.91","+30 53 50.1",6.51,"F5",120005
67199,"13 46 14.54","-54 40 59.9",6.42,"A1V",119727
67206,"13 46 18.00","-62 27 05.7",6.58,"B2Ia",119646
67210,"13 46 19.10","+38 30 13.2",5.92,"G9III",120048
67231,"13 46 35.68","+54 25 57.7",5.68,"B9p EuCr",120198
67232,"13 46 36.60","-62 54 34.6",6.6,"A2II",119699
67234,"13 46 39.37","-51 25 57.7",4.64,"G8/K0III",119834
67239,"13 46 43.33","+25 42 08.6",5.97,"F6IV-V",120064
67244,"13 46 56.36","-36 15 06.9",5.15,"A0V",119921
67246,"13 46 57.42","+06 21 02.3",6.33,"G0V",120066
67250,"13 46 59.87","+38 32 33.9",5.51,"K0III+...",120164
67260,"13 47 10.59","-52 16 09.2",6.93,"A0V",119884
67261,"13 47 10.87","-62 35 22.9",6.4,"A7V",119796
67270,"13 47 13.23","-19 15 20.7",6.73,"A2/A3m...",120025
67271,"13 47 13.40","-09 42 33.7",6.04,"K5III",120033
67275,"13 47 16.04","+17 27 24.4",4.5,"F7V",120136
67288,"13 47 25.35","-17 51 35.1",5.41,"M2III",120052
67289,"13 47 25.40","-06 42 19.4",6.99,"A3",120088
67292,"13 47 27.58","-50 14 57.6",5.92,"A3m...",119938
67300,"13 47 31.54","+37 53 35.9",6.99,"K0III",120245
67301,"13 47 32.55","+49 18 47.9",1.85,"B3V SB",120315
67302,"13 47 34.26","-71 13 52.0",6.83,"B9V",119700
67304,"13 47 38.67","-50 19 14.4",5.46,"K2III",119971
67338,"13 48 05.09","+42 02 51.4",6.59,"K1III",120348
67355,"13 48 18.01","-06 50 14.4",6.57,"K0",120235
67379,"13 48 34.67","+07 57 36.5",6.81,"F2",120317
67384,"13 48 38.74","+31 11 24.4",5.61,"K0III",120420
67385,"13 48 38.86","-02 50 25.6",6.71,"K2",120297
67389,"13 48 41.83","-37 07 38.6",6.73,"F2V",120207
67408,"13 48 55.45","-35 42 13.5",6.56,"G0V",120237
67438,"13 49 16.55","-40 30 59.1",6.95,"F3V",120272
67457,"13 49 26.75","-34 27 02.3",4.19,"M5III",120323
67459,"13 49 28.70","+15 47 52.1",4.05,"K5IIIvar",120477
67461,"13 49 29.33","+06 20 38.1",6.76,"A0",120448
67464,"13 49 30.30","-41 41 15.6",3.41,"B2IV",120307
67470,"13 49 36.15","+13 00 36.9",6.66,"F8V",120510
67472,"13 49 37.01","-42 28 25.3",3.47,"B2IV-Ve",120324
67480,"13 49 42.82","+21 15 50.6",4.92,"K4III",120539
67481,"13 49 44.17","+08 24 31.0",6.6,"A0",120500
67483,"13 49 44.98","+36 37 58.0",6.43,"A7IV-V",120600
67485,"13 49 45.43","+61 29 22.4",5.97,"G3V",120787
67494,"13 49 52.34","-18 08 02.7",4.96,"K0III",120452
67495,"13 49 52.43","+13 11 30.8",6.65,"A2",120541
67512,"13 50 01.55","+78 59 44.5",6.59,"G5",121457
67521,"13 50 06.25","+18 37 44.4",6.84,"F0",120601
67523,"13 50 06.54","-29 04 52.5",6.19,"A0V",120455
67537,"13 50 19.39","-39 54 03.0",6.43,"K1III",120457
67543,"13 50 23.53","+21 16 35.7",6.82,"G0",120651
67545,"13 50 24.67","+05 29 50.0",6.0,"K0",120602
67548,"13 50 27.77","+58 32 21.9",6.45,"A3V",120874
67555,"13 50 34.62","-19 53 52.5",6.54,"F6IV/V",120544
67578,"13 50 50.82","-07 47 03.3",6.92,"K0",120637
67589,"13 50 59.40","+68 18 55.6",6.39,"K2IV",121146
67590,"13 50 59.80","+53 17 25.5",6.88,"F5",120915
67592,"13 51 00.42","+80 46 04.5",6.67,"K0",121778
67596,"13 51 04.51","+34 46 21.1",6.66,"A5IV",120818
67605,"13 51 09.21","+34 39 52.3",5.89,"M2III",120819
67620,"13 51 20.70","-24 23 23.2",6.43,"G5V",120690
67627,"13 51 25.94","+64 43 23.8",4.58,"M3III",121130
67648,"13 51 36.58","-36 25 58.8",6.34,"F6V",120672
67663,"13 51 47.23","-46 53 55.1",5.77,"B2Vp",120640
67664,"13 51 47.42","-69 24 04.5",5.73,"K5/M0III",120404
67665,"13 51 47.49","+34 26 39.5",4.76,"K5III",120933
67669,"13 51 49.63","-32 59 38.5",4.32,"B5",120709
67673,"13 51 51.09","+11 56 13.7",6.9,"F5III",120865
67674,"13 51 51.82","+10 08 09.5",6.57,"K5",120848
67696,"13 52 01.00","-31 37 08.9",6.11,"F5/F6V",120759
67700,"13 52 02.92","-47 51 56.5",6.94,"K0/K1III+..",120675
67703,"13 52 04.90","-52 48 41.3",5.26,"B9Vn",120642
67714,"13 52 18.39","+12 09 54.6",6.1,"A1V",120934
67735,"13 52 32.67","+16 43 44.6",6.65,"K5",120997
67744,"13 52 38.84","-18 42 32.5",6.95,"A1V",120901
67778,"13 53 08.44","+40 20 16.8",6.48,"K5",121197
67782,"13 53 10.36","+28 38 53.0",5.91,"A7V",121164
67786,"13 53 12.55","-31 55 39.3",4.75,"B4IV",120955
67787,"13 53 12.95","+17 55 58.3",5.71,"G5III",121107
67799,"13 53 20.21","+52 19 22.8",6.76,"M4III:",121297
67800,"13 53 20.82","+42 11 05.3",6.86,"A0",121247
67803,"13 53 23.13","+33 47 12.4",6.98,"K5III",121212
67819,"13 53 32.82","-35 39 51.1",5.53,"F3V",120987
67836,"13 53 43.11","-53 22 23.8",5.87,"B5III",120908
67848,"13 53 51.04","+53 43 43.3",5.7,"A0V",121409
67851,"13 53 52.27","-35 18 51.1",6.17,"K0III",121056
67861,"13 53 57.25","-47 07 41.4",5.83,"B2IIIe",120991
67888,"13 54 16.09","-28 44 35.3",6.77,"K2/K3III",121157
67890,"13 54 16.75","-28 34 09.9",6.05,"K2III",121156
67892,"13 54 20.12","-32 26 43.6",6.97,"F0V",121139
67896,"13 54 21.39","-17 10 48.4",6.59,"K3III",121221
67899,"13 54 24.14","-54 24 43.6",6.77,"G8/K0III",121009
67908,"13 54 31.68","-22 14 41.4",6.61,"G8/K0III",121223
67918,"13 54 38.43","-34 35 50.5",6.83,"F5V",121187
67927,"13 54 41.12","+18 23 54.9",2.68,"G0IV",121370
67929,"13 54 42.20","-01 30 11.1",5.16,"K2III",121299
67942,"13 54 49.14","-67 39 07.4",5.74,"K2III",120913
67953,"13 54 58.30","-08 03 31.6",6.19,"F8V+...",121325
67956,"13 54 59.30","-55 01 17.4",6.97,"M0/M1III",121122
67958,"13 55 01.74","-19 13 02.1",6.97,"G6/G8III+..",121303
67973,"13 55 12.17","-52 09 38.8",5.66,"B8V",121190
67980,"13 55 16.32","-32 05 57.1",6.98,"K1/K2III+..",121287
68002,"13 55 32.43","-47 17 17.8",2.55,"B2.5IV",121263
68009,"13 55 38.99","-82 39 58.1",5.95,"K2/K3III:p",120213
68019,"13 55 44.12","-41 59 41.7",6.64,"M1/M2III",121333
68021,"13 55 44.47","-31 17 06.0",6.53,"G6/G8III",121397
68024,"13 55 47.97","-09 33 35.6",6.69,"K5",121481
68030,"13 55 50.17","+14 03 23.3",6.16,"F6V",121560
68035,"13 55 52.39","-50 39 39.2",6.92,"G8III",121293
68038,"13 55 53.12","-09 45 19.1",6.85,"F5",121496
68043,"13 55 54.42","-30 34 41.6",6.96,"F2V",121414
68050,"13 56 00.39","-03 39 42.8",6.78,"K2",121523
68054,"13 56 04.62","-55 57 10.8",6.83,"K0III",121280
68055,"13 56 04.78","+28 40 21.1",6.99,"A0",121626
68064,"13 56 09.58","+25 55 07.4",6.78,"F2V",121648
68065,"13 56 10.54","+32 01 56.9",6.31,"F4IV-V",121682
68079,"13 56 19.89","-46 35 33.8",5.82,"K0IV",121416
68080,"13 56 19.99","-54 07 56.5",6.14,"A1V",121336
68088,"13 56 26.59","-52 02 08.1",6.73,"A5III",121402
68092,"13 56 27.89","+01 03 02.0",5.9,"A8V",121607
68099,"13 56 31.26","-27 38 17.1",6.83,"K0III",121524
68101,"13 56 32.99","-54 42 14.8",6.0,"G8V",121384
68103,"13 56 34.16","+27 29 31.9",5.02,"K3IIIvar",121710
68108,"13 56 36.99","+15 53 27.5",6.82,"K0",121683
68114,"13 56 43.10","-38 19 08.7",6.97,"K2III",121527
68124,"13 56 47.99","-46 23 09.6",6.95,"B2V",121483
68146,"13 57 06.30","+20 57 14.2",6.68,"K0",121764
68170,"13 57 21.48","-62 29 19.6",6.65,"G3III/IV",121454
68177,"13 57 27.75","-23 01 21.5",6.14,"K2/K3III",121699
68184,"13 57 32.10","+61 29 32.4",6.49,"K3V",122064
68191,"13 57 38.94","-63 41 11.8",4.71,"K4III",121474
68196,"13 57 42.82","+53 54 36.4",6.94,"A0",122007
68224,"13 57 58.86","-25 59 53.1",6.42,"K1III",121758
68245,"13 58 16.28","-42 06 02.5",3.83,"B2IV",121743
68267,"13 58 29.84","-14 07 19.4",6.84,"K0III",121883
68269,"13 58 31.18","-24 58 19.8",5.2,"B8V",121847
68270,"13 58 31.28","-65 48 02.1",6.2,"K0III",121557
68276,"13 58 38.93","+21 41 46.8",5.76,"A0Vs",121996
68279,"13 58 39.95","+14 38 57.9",6.01,"K5III",121980
68282,"13 58 40.77","-44 48 12.7",3.87,"B2IV-V",121790
68290,"13 58 45.71","+46 35 46.5",6.98,"M2III",122132
68304,"13 58 55.40","+53 06 23.3",6.83,"A2",122200
68309,"13 58 59.90","-06 55 30.2",6.95,"G5",121981
68333,"13 59 17.46","-50 22 10.6",5.92,"G8/K0III",121853
68380,"13 59 49.30","-03 32 58.7",6.36,"F8V",122106
68390,"14 00 00.25","-25 00 36.6",5.77,"F6V",122066
68398,"14 00 04.69","-08 09 41.5",6.56,"K0",122135
68413,"14 00 17.47","-61 28 51.4",6.49,"F1III-IV",121901
68414,"14 00 18.89","-46 07 38.1",6.57,"A7V",122015
68418,"14 00 23.42","+39 01 47.8",6.63,"K2",122326
68431,"14 00 32.85","-78 35 23.9",6.09,"B9III",121439
68434,"14 00 36.12","-26 15 57.7",6.73,"F5/F6V",122156
68455,"14 00 52.61","-66 16 07.9",5.96,"F0V",121932
68474,"14 01 08.35","-37 28 11.7",6.88,"K2III",122195
68475,"14 01 08.63","-44 11 51.5",6.7,"A4/A5V",122158
68478,"14 01 10.53","+27 23 11.6",6.23,"A7III",122405
68493,"14 01 19.08","-40 13 19.0",6.12,"K1III",122210
68498,"14 01 20.41","+08 53 41.7",5.98,"A2V",122365
68501,"14 01 22.33","+31 33 49.3",6.87,"K3III",122456
68508,"14 01 26.22","+09 17 55.8",6.91,"K0",122387
68516,"14 01 36.84","+17 40 06.9",6.36,"G5",122443
68520,"14 01 38.78","+01 32 40.5",4.23,"A3V",122408
68523,"14 01 43.49","-45 36 12.1",4.34,"F6II",122223
68536,"14 01 49.39","+40 25 12.2",6.81,"K2",122574
68537,"14 01 50.70","+68 40 43.3",6.34,"K5",122909
68567,"14 02 12.17","+45 45 13.1",6.28,"K2III",122675
68581,"14 02 22.80","-27 25 47.1",5.47,"K2/K3III",122430
68594,"14 02 31.96","+09 41 10.6",6.18,"F8IV",122563
68637,"14 02 59.78","+50 58 18.6",6.16,"A2V",122866
68641,"14 03 01.71","-31 41 03.1",6.18,"F6V",122510
68643,"14 03 04.18","-17 22 01.2",6.32,"K2/K3III",122577
68665,"14 03 22.00","+22 29 44.9",6.88,"F0",122768
68670,"14 03 26.58","-56 12 48.2",5.93,"K2III",122438
68673,"14 03 27.49","-41 25 23.9",6.08,"B8 Si",122532
68682,"14 03 32.30","+10 47 15.1",6.27,"G8V",122742
68687,"14 03 36.79","+07 32 46.4",6.25,"G9III",122744
68702,"14 03 49.44","-60 22 22.7",0.61,"B1III",122451
68705,"14 03 53.10","-22 25 17.8",6.3,"F3IV",122703
68707,"14 03 55.76","+04 54 03.5",6.24,"F4V",122797
68708,"14 03 56.98","+11 16 57.1",6.7,"K0",122834
68739,"14 04 14.57","-05 22 53.0",6.39,"K0",122815
68752,"14 04 21.50","-09 15 27.6",6.65,"A0",122816
68756,"14 04 23.43","+64 22 32.9",3.67,"A0III SB",123299
68763,"14 04 27.00","-14 58 18.0",6.35,"K1III+...",122837
68776,"14 04 37.45","+02 17 51.1",6.28,"K0",122910
68785,"14 04 45.94","+25 49 04.8",6.95,"F6V",123033
68808,"14 05 14.01","-16 20 09.5",6.56,"A1/A2V",122958
68815,"14 05 20.10","-76 47 48.0",5.69,"M6.5III",122250
68842,"14 05 46.53","-54 40 09.5",6.2,"A5III/IV",122844
68862,"14 06 02.79","-41 10 46.5",4.36,"B2V",122980
68872,"14 06 10.91","-43 05 29.8",6.18,"G8III",123004
68888,"14 06 17.77","-08 53 30.0",6.54,"A0",123177
68895,"14 06 22.27","-26 40 55.3",3.25,"K2III",123123
68902,"14 06 25.16","-59 42 57.2",6.39,"B0Ia",122879
68913,"14 06 29.60","+16 58 12.7",6.54,"M0",123303
68915,"14 06 30.05","-34 53 55.3",6.84,"M1/M2III",123110
68933,"14 06 41.32","-36 22 07.3",2.06,"K0IIIb",123139
68937,"14 06 41.65","-14 12 17.4",6.57,"M4III",123214
68940,"14 06 42.91","-09 18 48.7",5.46,"F2IV",123255
68955,"14 06 55.88","+28 26 16.9",6.89,"K0",123409
68956,"14 06 56.48","+74 35 37.5",6.43,"A7V",124063
68958,"14 06 58.26","-47 35 21.0",6.99,"Ap...",123112
68964,"14 07 04.88","-63 26 43.2",6.78,"K4/K5III+..",122938
69011,"14 07 40.84","-48 42 14.3",6.43,"B9V",123247
69012,"14 07 41.56","-49 52 04.3",6.45,"G3V",123227
69038,"14 07 55.75","+43 51 16.3",5.13,"M4.2III",123657
69040,"14 07 56.54","+48 12 39.0",6.8,"F2",123691
69065,"14 08 14.27","-63 12 28.9",6.39,"G8/K0III",123151
69067,"14 08 15.88","+24 18 54.1",6.57,"K5III",123612
69068,"14 08 17.36","+49 27 28.9",5.26,"M2III",123782
69090,"14 08 27.71","-74 51 02.6",6.02,"G1V",122862
69092,"14 08 28.99","-11 49 46.0",6.84,"A2",123523
69107,"14 08 46.19","+59 20 15.7",6.47,"K0III",123977
69112,"14 08 51.01","+77 32 50.8",4.8,"K3III",124547
69113,"14 08 51.90","-43 28 14.7",6.19,"B9V",123445
69122,"14 08 56.27","-59 16 36.0",6.34,"B5IV",123335
69127,"14 09 00.60","-10 20 04.6",6.45,"G8III",123630
69165,"14 09 28.11","+02 47 51.3",6.8,"K0",123739
69174,"14 09 35.06","-51 30 16.7",5.96,"B9IV",123515
69178,"14 09 37.17","+15 37 18.1",6.87,"F7V",123845
69191,"14 09 54.96","-53 26 19.4",4.74,"G8III",123569
69207,"14 10 08.83","+68 51 48.2",6.54,"K0",124369
69213,"14 10 13.07","-30 37 15.2",6.77,"A2IV/V",123746
69226,"14 10 23.95","+25 05 30.6",4.82,"F9IVw",123999
69241,"14 10 30.91","-70 18 19.6",6.07,"K4II",123377
69260,"14 10 43.38","+15 17 26.7",6.95,"K2",124034
69265,"14 10 47.78","+00 47 58.8",6.85,"A2",123980
69269,"14 10 50.48","-16 18 07.2",4.93,"M1III",123934
69271,"14 10 51.86","-32 04 32.5",6.64,"K1III",123888
69295,"14 11 01.33","+58 32 56.8",6.73,"G9III",124319
69298,"14 11 01.93","-69 43 09.4",6.07,"A6IV",123492
69299,"14 11 02.54","-48 46 56.2",6.61,"G5IV",123797
69316,"14 11 15.14","+32 17 44.9",6.14,"K4III",124186
69340,"14 11 31.28","+01 21 44.4",6.42,"F7V",124115
69350,"14 11 37.12","+42 20 26.5",6.88,"K0",124291
69373,"14 12 04.05","+69 25 57.6",5.18,"M2III",124730
69389,"14 12 15.83","+02 24 34.2",4.99,"B9p Si",124224
69398,"14 12 24.55","-24 21 48.0",6.35,"K2III",124162
69415,"14 12 46.03","-27 15 40.0",5.07,"K2III",124206
69427,"14 12 53.74","-10 16 26.6",4.18,"K3III",124294
69429,"14 12 55.11","-40 50 00.5",6.75,"B9V",124176
69449,"14 13 09.80","-13 51 35.6",6.82,"M3III",124304
69458,"14 13 13.25","-26 36 44.2",6.23,"K0III",124281
69462,"14 13 16.42","-53 39 56.3",5.53,"K5III+...",124147
69481,"14 13 27.75","+51 47 16.4",6.62,"F1V",124674
69483,"14 13 28.95","+51 47 24.0",4.53,"A8IV",124675
69487,"14 13 34.14","-84 32 40.7",6.78,"K0/K1III",122470
69491,"14 13 39.84","-54 37 32.2",6.09,"B5V",124195
69493,"14 13 40.67","-00 50 42.4",5.89,"F7Vw",124425
69500,"14 13 42.98","-11 50 18.0",6.98,"G5",124401
69517,"14 13 49.47","+11 59 52.1",6.59,"K0",124517
69523,"14 13 54.61","+29 06 19.6",6.82,"F0",124587
69536,"14 14 05.33","+12 57 34.5",5.53,"F6IV",124570
69546,"14 14 11.52","+35 36 13.0",6.91,"K5III",124696
69564,"14 14 21.49","-05 56 52.5",6.36,"F9V",124553
69569,"14 14 23.57","+41 31 08.5",6.23,"K3III:",124755
69584,"14 14 35.00","-66 09 14.9",6.95,"B5III",124182
69585,"14 14 35.66","+13 58 30.9",6.45,"K2",124678
69591,"14 14 39.67","-65 42 04.9",6.72,"B5V",124197
69592,"14 14 40.94","+21 52 24.3",6.38,"A7V",124713
69598,"14 14 42.76","-41 50 14.8",5.61,"G8III",124433
69612,"14 14 50.86","+10 06 03.6",5.29,"K1III",124679
69614,"14 14 53.05","+03 20 09.4",6.41,"M4III",124681
69618,"14 14 57.16","-57 05 09.9",5.03,"B4Vne",124367
69623,"14 15 01.28","-29 16 54.7",6.1,"A1V",124576
69625,"14 15 01.48","-40 54 02.3",6.96,"K2III",124483
69626,"14 15 01.58","+23 41 10.0",6.78,"F0",124797
69628,"14 15 01.61","-61 42 24.4",6.68,"O8",124314
69650,"14 15 17.01","+52 32 09.4",6.56,"A4V",125019
69655,"14 15 21.33","-53 30 35.7",6.4,"K3III",124454
69658,"14 15 24.11","-18 12 02.4",5.53,"A0V",124683
69671,"14 15 38.58","-45 00 01.5",6.31,"F9V",124580
69673,"14 15 40.35","+19 11 14.2",-0.05,"K2IIIp",124897
69699,"14 15 59.89","+56 41 21.7",6.68,"F8",125193
69701,"14 16 00.88","-05 59 58.3",4.07,"F7V",124850
69704,"14 16 02.41","+45 33 58.0",6.5,"K0",125076
69713,"14 16 10.07","+51 22 01.3",4.75,"A9V",125161
69722,"14 16 18.32","-33 14 28.8",6.57,"F0V",124780
69727,"14 16 21.41","-06 37 17.5",6.44,"A9III",124915
69732,"14 16 23.18","+46 05 16.5",4.18,"A0sh",125162
69735,"14 16 24.38","+39 44 40.9",6.38,"F2IV",125111
69747,"14 16 30.18","-03 11 46.4",6.15,"A1V",124931
69748,"14 16 30.48","+55 17 54.4",6.9,"K1III",125260
69751,"14 16 32.93","+20 07 19.5",6.25,"F8V",125040
69753,"14 16 33.92","+32 12 30.3",6.73,"G5",125113
69763,"14 16 38.73","-66 35 16.4",5.72,"B1.5III",124471
69773,"14 16 48.75","-08 53 04.0",6.47,"K0",124973
69775,"14 16 49.44","-05 38 38.4",6.88,"F0",124988
69778,"14 16 55.17","-77 39 51.2",6.48,"K2IIp",124099
69792,"14 17 03.79","-18 35 08.5",6.22,"K0III",124990
69818,"14 17 21.16","+51 18 26.6",6.19,"A2IV",125349
69823,"14 17 22.64","-09 01 21.9",6.62,"K0",125059
69825,"14 17 25.52","-55 45 54.5",6.62,"A0II",124812
69828,"14 17 27.72","-19 57 49.3",6.95,"A5IV",125048
69829,"14 17 28.44","+15 15 48.1",5.84,"M3III",125180
69859,"14 17 47.89","+55 25 31.3",6.88,"A2",125469
69862,"14 17 49.21","+48 00 07.5",6.32,"F5",125406
69879,"14 17 59.82","+35 30 34.1",4.8,"K1III",125351
69881,"14 18 00.57","-07 32 30.5",6.47,"F9V",125184
69896,"14 18 13.97","-81 00 27.4",4.89,"A2m...",123998
69904,"14 18 23.81","-33 13 13.6",6.54,"A9IV/V",125150
69917,"14 18 31.16","+52 02 00.0",6.91,"A2",125557
69929,"14 18 38.30","-18 42 57.2",5.86,"Ap Si(Cr)",125248
69955,"14 18 55.69","+38 46 02.5",6.86,"G9IV",125538
69958,"14 18 55.93","+54 51 49.6",6.47,"A5Vn",125632
69965,"14 19 01.13","-25 48 58.7",5.87,"F7Vw",125276
69969,"14 19 04.02","+19 03 55.5",6.86,"K0",125450
69972,"14 19 05.36","-59 22 37.4",6.66,"K3V",125072
69974,"14 19 06.60","-13 22 16.2",4.52,"A1V",125337
69977,"14 19 07.17","-27 08 28.2",6.35,"K5III",125279
69989,"14 19 16.22","+13 00 15.8",5.41,"F5IV",125451
69995,"14 19 23.91","-37 00 10.1",5.93,"A1V",125283
69996,"14 19 24.23","-46 03 29.1",3.55,"B2.5IV",125238
70012,"14 19 32.55","-02 15 55.2",5.14,"G9III",125454
70022,"14 19 40.97","+00 23 03.7",6.18,"A7V",125489
70027,"14 19 45.32","+16 18 24.5",4.84,"K3III",125560
70029,"14 19 47.72","+38 47 38.7",6.33,"A2V",125642
70035,"14 19 51.70","-61 16 21.9",5.22,"Am",125158
70038,"14 19 53.25","-06 44 46.0",6.42,"G5",125490
70041,"14 19 54.92","+67 46 56.9",6.95,"A0",126028
70042,"14 19 57.39","-73 58 06.4",6.58,"B3III/IV",124834
70051,"14 20 08.67","+30 25 44.9",6.45,"A5III",125658
70054,"14 20 09.71","-43 03 31.9",5.55,"G8III",125383
70069,"14 20 19.55","-56 23 11.3",4.3,"B6Ib",125288
70081,"14 20 28.94","+00 10 55.4",6.79,"K0",125609
70090,"14 20 33.48","-37 53 07.0",4.05,"A0IV",125473
70104,"14 20 42.55","-45 11 12.8",4.78,"F0IV",125442
70108,"14 20 45.08","+26 04 31.9",6.79,"G8II",125728
70145,"14 21 09.38","+19 10 48.7",6.9,"K5",125771
70220,"14 21 58.61","-01 59 17.0",6.82,"A2",125817
70225,"14 22 01.64","-28 18 30.4",6.8,"K0III",125734
70236,"14 22 14.03","+29 22 11.9",6.5,"MIII",126009
70243,"14 22 19.74","-34 47 12.4",5.57,"B8V",125745
70248,"14 22 23.20","-80 06 32.1",5.06,"B4V",124771
70261,"14 22 34.76","-20 45 27.6",6.8,"K0III",125862
70264,"14 22 37.12","-58 27 33.0",4.76,"G8/K1 + F/G",125628
70269,"14 22 38.65","-07 46 04.3",6.82,"G0...",125906
70270,"14 22 38.72","-48 19 11.4",6.1,"B1III",125721
70282,"14 22 46.42","-00 38 13.6",6.74,"A0",125981
70289,"14 22 51.93","-39 37 26.2",6.83,"K3III",125805
70300,"14 23 02.26","-39 30 42.4",4.41,"B2V",125823
70306,"14 23 05.91","-27 45 13.4",4.78,"K3III",125932
70310,"14 23 06.92","+25 20 16.9",6.22,"F5V",126141
70319,"14 23 15.15","+01 14 33.8",6.25,"G1V",126053
70320,"14 23 15.36","-47 25 01.0",6.41,"G5Ib",125809
70325,"14 23 20.26","-50 46 20.0",6.03,"K2III",125810
70327,"14 23 22.74","+08 26 47.9",4.86,"A0V",126128
70336,"14 23 25.63","-11 42 50.0",6.22,"G7III",126035
70346,"14 23 32.09","-66 38 41.9",6.78,"A2p",125630
70356,"14 23 41.95","+40 50 39.8",6.72,"F5",126326
70363,"14 23 48.64","-53 10 34.4",5.99,"K1III",125869
70375,"14 23 55.72","-29 40 34.6",6.93,"A4V",126057
70379,"14 23 57.72","-16 06 06.8",6.69,"A1V",126131
70384,"14 24 00.88","+08 14 38.4",5.94,"A3V",126200
70385,"14 24 01.98","+27 24 47.5",6.39,"K4III",126307
70386,"14 24 05.72","+11 14 49.1",6.76,"F5",126246
70399,"14 24 11.28","+16 16 25.1",6.9,"Am",126269
70400,"14 24 11.39","+05 49 12.4",5.1,"A5V",126248
70405,"14 24 14.62","-33 05 12.7",6.8,"G8III",126089
70414,"14 24 18.34","+08 05 05.4",6.19,"K4III",126271
70418,"14 24 22.18","-82 50 53.6",6.42,"B8V",124639
70451,"14 24 40.84","-44 18 39.7",6.43,"K0/K1III",126093
70452,"14 24 40.90","-11 40 10.7",6.49,"F4III",126251
70455,"14 24 43.93","-40 45 18.4",6.97,"B8V",126135
70469,"14 24 48.66","-24 48 22.6",5.34,"K0III",126218
70483,"14 25 01.04","-37 26 49.1",6.7,"A1V",126194
70492,"14 25 06.34","-68 11 43.2",5.56,"A3Ib",125835
70497,"14 25 12.02","+51 51 06.2",4.04,"F7V",126660
70501,"14 25 17.63","-13 21 11.4",6.49,"K2III",126363
70508,"14 25 22.92","-55 01 05.4",6.84,"G6/G8III",126115
70513,"14 25 27.65","-19 57 56.9",6.98,"A2V",126366
70514,"14 25 27.69","-28 53 43.6",6.83,"K1III",126334
70517,"14 25 29.15","+38 23 35.2",6.28,"K2III:",126597
70518,"14 25 29.91","-19 58 11.8",6.63,"A1/A2V",126367
70528,"14 25 39.80","-66 10 22.4",6.36,"A1V",125990
70538,"14 25 47.77","-26 51 07.6",6.48,"K0III",126400
70574,"14 26 08.24","-45 13 17.0",4.56,"B2IV",126341
70576,"14 26 10.80","-45 22 45.3",4.33,"A7:+...",126354
70580,"14 26 13.53","-42 19 06.5",6.33,"K3III",126386
70602,"14 26 27.41","+19 13 36.6",5.4,"F0m",126661
70612,"14 26 37.69","-39 31 23.4",6.87,"G3II/III",126447
70626,"14 26 49.89","-39 52 26.2",6.36,"B9V",126475
70638,"14 26 55.74","-83 40 04.3",4.31,"K2III",124882
70645,"14 26 58.79","-59 14 15.5",6.87,"K1II",126343
70657,"14 27 07.11","-65 49 17.8",5.87,"K3III",126241
70661,"14 27 11.29","-66 34 04.8",6.57,"A1III",126226
70663,"14 27 12.30","-46 08 02.6",5.83,"Am",126504
70671,"14 27 16.83","-78 37 12.6",6.72,"K0III",125690
70680,"14 27 24.42","-06 07 12.7",6.18,"A2IV",126722
70685,"14 27 27.52","+41 01 29.9",6.64,"F1IV",126943
70693,"14 27 31.43","-35 26 49.6",6.89,"F8V",126620
70692,"14 27 31.52","+75 41 45.4",4.25,"K4III",127700
70714,"14 27 45.32","-13 21 33.5",6.65,"F5V",126766
70716,"14 27 45.49","-44 19 48.7",6.99,"A1V",126606
70753,"14 28 10.44","-29 29 29.7",4.97,"B7/B8V",126769
70755,"14 28 12.22","-02 13 40.6",4.81,"G2III",126868
70762,"14 28 16.46","+36 11 49.3",6.22,"K0III",127065
70784,"14 28 31.99","-10 00 15.2",6.61,"K0",126896
70791,"14 28 38.09","+49 50 41.9",5.58,"G3IV",127243
70794,"14 28 41.73","-06 54 01.5",5.42,"K5III",126927
70798,"14 28 43.50","-59 11 51.1",6.46,"A0II/III",126610
70800,"14 28 46.02","+25 51 14.1",6.67,"MIII",127093
70802,"14 28 48.17","-05 13 07.6",6.6,"K0",126962
70809,"14 28 51.93","-47 59 31.3",6.4,"Ap...",126759
70816,"14 28 56.46","+03 43 10.4",6.84,"K5",127032
70824,"14 29 00.55","-56 08 12.7",6.9,"A3II",126692
70844,"14 29 15.04","+44 15 43.6",6.52,"K0",127285
70857,"14 29 22.57","+80 48 36.6",6.88,"G5",128642
70866,"14 29 31.14","-26 00 48.1",6.88,"K2III",126973
70873,"14 29 36.68","+41 47 47.2",6.36,"G5V",127334
70874,"14 29 37.07","-76 43 44.5",6.06,"K0/K1III",126209
70892,"14 29 49.68","+31 47 28.2",6.06,"A0Vs",127304
70894,"14 29 50.51","+00 49 44.1",5.96,"A5IV",127167
70904,"14 29 58.38","-56 07 52.3",6.97,"A6V",126859
70915,"14 30 08.66","-45 19 16.6",5.51,"B8Vn",126981
70918,"14 30 09.99","-43 51 49.8",6.91,"A0/A1V",126997
70931,"14 30 20.99","-49 31 08.1",5.38,"A1V",126983
70945,"14 30 40.47","-22 27 39.3",6.92,"B8Ve",127208
70949,"14 30 45.39","+04 46 20.3",6.01,"K4III",127337
70952,"14 30 46.30","+63 11 08.7",6.1,"F4IV",127821
70966,"14 30 56.63","-40 50 42.4",6.39,"K3III",127152
70987,"14 31 10.84","-38 52 11.2",5.99,"K1III",127193
70988,"14 31 11.32","-40 23 11.0",6.75,"G8/K0III",127214
71002,"14 31 16.39","-67 43 01.4",5.84,"K1III",126862
71008,"14 31 20.45","+43 22 56.4",6.73,"A2",127663
71040,"14 31 42.87","+60 13 32.1",6.26,"F0III",127929
71053,"14 31 49.86","+30 22 16.1",3.57,"K3III",127665
71055,"14 31 50.12","-76 16 26.2",6.93,"G6II+...",126595
71075,"14 32 04.76","+38 18 28.4",3.04,"A7IIIvar",127762
71094,"14 32 20.27","+26 40 38.4",6.0,"A7Vn",127726
71111,"14 32 30.93","+55 23 53.0",5.74,"K5III",128000
71115,"14 32 32.62","+22 15 35.9",5.91,"F2IV",127739
71116,"14 32 33.09","-56 53 15.7",6.71,"F5Ia",127297
71121,"14 32 37.08","-50 27 25.6",4.44,"B2III",127381
71146,"14 33 03.01","+05 19 24.5",6.85,"G5",127742
71154,"14 33 09.62","-30 42 53.9",6.07,"K0III",127624
71168,"14 33 20.27","+36 57 33.1",6.39,"F8IVw",127986
71179,"14 33 27.46","-33 18 57.9",6.94,"K1III",127672
71182,"14 33 29.97","-52 40 46.1",5.86,"K0III",127501
71184,"14 33 32.47","-54 59 55.0",5.86,"F6IV-V",127486
71192,"14 33 35.47","+65 23 43.1",6.6,"F5",128385
71196,"14 33 38.62","+79 39 36.8",6.27,"K3III",129245
71206,"14 33 44.66","+43 00 27.7",6.75,"A2",128092
71209,"14 33 46.45","-79 57 18.8",6.66,"G8IIICN...",126596
71216,"14 33 49.73","-67 37 03.5",6.94,"B3Vn",127317
71235,"14 34 05.05","+46 47 11.3",6.51,"A0",128184
71239,"14 34 07.98","-42 05 57.2",6.59,"A2IV",127716
71243,"14 34 11.63","+32 32 04.1",6.32,"F5V",128093
71251,"14 34 15.70","+57 03 57.0",6.46,"F7V",128332
71277,"14 34 38.52","+36 37 34.2",6.02,"K5III",128198
71280,"14 34 39.66","+49 22 05.6",5.74,"M1III",128333
71284,"14 34 40.69","+29 44 41.3",4.47,"F3Vwvar",128167
71295,"14 34 50.72","-20 26 21.8",6.49,"A3V",127964
71327,"14 35 10.72","-46 27 43.0",6.89,"B9V",127864
71333,"14 35 17.08","-60 00 56.1",6.39,"K2III",127724
71350,"14 35 29.49","-73 41 39.4",6.96,"K4III",127369
71352,"14 35 30.45","-42 09 27.9",2.33,"B1Vn + A",127972
71348,"14 35 30.80","-89 46 18.1",6.82,"M4III",110994
71353,"14 35 31.50","-41 31 02.6",5.88,"B6V",127971
71382,"14 35 50.00","-46 48 56.7",6.78,"G8III",127976
71406,"14 36 06.88","+23 15 01.1",6.39,"K0",128402
71419,"14 36 19.06","-46 14 43.8",5.55,"K3III",128068
71429,"14 36 24.14","-39 35 50.5",6.13,"K1III",128152
71452,"14 36 43.67","+12 52 41.3",6.98,"A0",128481
71453,"14 36 44.15","-40 12 41.5",5.74,"B8V",128207
71466,"14 36 55.90","+42 49 52.7",6.59,"F8",128660
71469,"14 37 00.30","-12 18 22.4",6.2,"F5V",128429
71492,"14 37 11.97","-62 00 39.2",6.78,"G0/G1Ib",128037
71494,"14 37 12.43","-53 03 38.7",6.49,"K2/K3III",128154
71500,"14 37 20.17","-46 08 00.3",5.39,"K0III",128266
71510,"14 37 28.49","+02 16 38.7",6.45,"F8",128563
71520,"14 37 36.55","-43 06 40.7",6.51,"G8III",128343
71530,"14 37 46.80","-67 55 52.8",6.03,"F7V",128020
71536,"14 37 53.25","-49 25 32.7",4.05,"B5V",128345
71538,"14 37 54.90","-48 01 24.7",6.65,"B9V",128344
71548,"14 38 00.77","+51 34 42.0",6.95,"F2",128941
71568,"14 38 12.67","+43 38 31.4",5.74,"K2III",128902
71570,"14 38 13.45","-45 52 18.4",6.83,"K2III",128413
71571,"14 38 14.01","+18 17 54.7",5.9,"K2III:",128750
71573,"14 38 15.21","+54 01 24.2",5.83,"A1V",128998
71577,"14 38 17.68","-49 54 03.9",6.51,"A0IV",128415
71581,"14 38 19.34","-38 47 38.9",6.04,"K3III",128488
71585,"14 38 24.94","-35 16 35.2",6.78,"A3V",128532
71618,"14 38 50.28","+44 24 16.4",5.39,"A1V",129002
71629,"14 38 59.68","-59 08 26.8",6.53,"F7IV",128398
71632,"14 39 00.42","-10 33 17.3",6.73,"G5",128752
71639,"14 39 11.01","-46 35 02.2",6.06,"F7V",128582
71658,"14 39 24.64","-49 03 18.1",6.37,"F3IV",128617
71668,"14 39 31.67","-68 12 12.1",6.73,"B3Vne",128293
71681,"14 39 39.39","-60 50 22.1",1.35,"K1V",128621
71683,"14 39 40.90","-60 50 06.5",-0.01,"G2V",128620
71682,"14 39 40.93","-26 43 25.1",6.99,"F5V",128787
71724,"14 40 17.66","-40 50 29.9",6.65,"B8/B9V",128819
71725,"14 40 18.45","+87 12 53.0",6.91,"K0",135294
71727,"14 40 19.29","-45 47 37.6",6.61,"A0p",128775
71729,"14 40 21.88","+21 58 32.8",6.13,"G0V",129132
71745,"14 40 32.15","-14 02 48.3",6.97,"K4/K5III",128986
71746,"14 40 32.77","-56 26 26.7",6.3,"K0/K1II",128713
71759,"14 40 42.36","+13 32 03.7",5.93,"F0V",129153
71762,"14 40 43.56","+16 25 05.9",4.49,"B9p MnHg",129174
71783,"14 41 01.41","-36 08 05.4",5.67,"Ap Si",128974
71795,"14 41 08.92","+13 43 42.0",3.78,"A3IVn",129246
71832,"14 41 38.76","+08 09 42.3",4.86,"G8IIIvar",129312
71837,"14 41 43.62","+11 39 39.4",5.55,"G8III",129336
71853,"14 41 51.25","-30 55 59.2",6.38,"Asp...",129161
71855,"14 41 52.19","-75 08 22.0",6.73,"G5V",128400
71857,"14 41 54.24","+21 07 25.3",6.4,"G8III",129430
71860,"14 41 55.77","-47 23 17.3",2.3,"B1.5III",129056
71861,"14 41 55.93","-58 36 56.6",6.21,"F4V",128917
71865,"14 41 57.61","-37 47 36.3",4.01,"B2.5V",129116
71870,"14 41 59.76","-77 00 41.1",6.34,"B9III",128294
71873,"14 42 02.27","-12 14 05.6",6.82,"K0",129293
71876,"14 42 03.16","+61 15 43.2",6.24,"F2V",129798
71890,"14 42 13.21","-32 46 12.0",6.63,"G8IV",129216
71908,"14 42 30.69","-64 58 28.5",3.18,"F1Vp",128898
71931,"14 42 42.45","+14 42 30.9",6.59,"F2III",129537
71934,"14 42 45.10","-19 18 42.3",6.87,"K0III",129379
71957,"14 43 03.56","-05 39 26.7",3.87,"F2III",129502
71974,"14 43 13.57","-24 59 51.8",5.7,"B9.5V",129433
71975,"14 43 15.34","-47 34 13.7",6.91,"B9II/III",129281
71995,"14 43 25.37","+26 31 40.4",4.8,"M3III",129712
71997,"14 43 25.83","-09 41 58.8",6.52,"G5",129566
72000,"14 43 28.15","-62 58 00.0",6.39,"B3V:",129092
72010,"14 43 39.48","-35 10 23.6",4.06,"K3III",129456
72012,"14 43 44.44","+40 27 33.1",5.72,"K4III",129846
72029,"14 44 03.51","+61 05 54.1",6.87,"F2",130173
72047,"14 44 13.80","-08 15 07.6",6.64,"F5",129698
72048,"14 44 14.28","-69 40 26.0",6.99,"F7V",129060
72056,"14 44 17.74","-24 07 43.5",6.82,"K2III",129635
72066,"14 44 28.17","+45 11 09.7",6.73,"F0",130044
72082,"14 44 45.07","-09 42 14.2",6.86,"F2",129784
72097,"14 44 55.57","-58 28 38.6",6.1,"K0III",129462
72103,"14 44 59.09","-61 31 17.9",6.97,"K4III",129405
72104,"14 44 59.20","-35 11 30.6",4.92,"A0V",129685
72105,"14 44 59.25","+27 04 27.0",2.35,"A0",129988
72121,"14 45 10.97","-55 36 05.8",6.1,"B2III",129557
72122,"14 45 11.74","-01 25 03.1",6.06,"M1III",129902
72124,"14 45 13.68","+32 47 18.6",6.27,"M1III",130084
72125,"14 45 14.50","+16 57 51.9",4.6,"K0III",129972
72131,"14 45 17.25","-62 52 31.6",5.36,"A7Vn",129422
72135,"14 45 18.85","-51 18 53.6",6.44,"K4III",129624
72139,"14 45 20.58","+18 53 05.7",6.15,"K0",130025
72142,"14 45 21.56","+10 35 56.3",6.91,"G5",129974
72154,"14 45 30.23","+00 43 02.2",5.68,"B9.5V",129956
72162,"14 45 36.13","+08 09 35.2",6.97,"K0",130005
72183,"14 45 51.79","+13 06 05.7",6.57,"K0",130086
72192,"14 45 57.66","-44 52 02.9",6.91,"A0V",129791
72194,"14 45 57.78","-15 27 34.4",6.33,"K2III",129978
72197,"14 46 00.18","-25 26 34.5",5.15,"F0V + G/K",129926
72208,"14 46 06.00","+15 07 54.3",5.78,"M5III",130144
72210,"14 46 06.75","-23 09 10.3",5.8,"K0III",129944
72217,"14 46 10.92","-21 10 32.6",6.43,"G2V",129980
72220,"14 46 14.99","+01 53 34.6",3.73,"A0V",130109
72226,"14 46 17.81","-00 50 01.8",6.91,"K0III",130110
72238,"14 46 23.44","+56 36 59.0",6.61,"K2III",130499
72250,"14 46 29.03","-47 26 27.9",5.74,"A1V",129858
72290,"14 47 01.31","-52 22 59.9",5.22,"G6III",129893
72296,"14 47 05.06","-38 17 25.6",5.9,"K3III",130055
72298,"14 47 05.37","+00 58 15.4",6.62,"A0...",130256
72308,"14 47 12.59","-52 12 18.9",6.07,"A1III/IV",129932
72310,"14 47 13.66","-21 19 29.6",6.05,"K4/K5III",130157
72323,"14 47 22.56","-25 37 27.2",5.61,"B9IV/V",130158
72330,"14 47 25.65","+02 02 08.9",6.8,"A2",130321
72338,"14 47 32.11","-43 33 24.4",6.3,"K1III",130073
72357,"14 47 44.78","-26 05 14.9",5.23,"G8/K0III",130259
72362,"14 47 46.97","-39 55 35.0",6.92,"A0V",130163
72370,"14 47 51.73","-79 02 41.0",3.83,"K5III",129078
72373,"14 47 54.92","-12 50 23.2",6.34,"K0III",130325
72378,"14 47 57.56","-26 38 46.1",5.76,"B9.5V",130274
72412,"14 48 23.41","+24 22 00.3",6.15,"F2V",130603
72423,"14 48 31.70","-17 20 24.4",6.87,"G3V",130412
72427,"14 48 32.68","-35 50 29.4",6.72,"K0III",130311
72432,"14 48 38.06","-36 38 04.5",5.89,"M5III",130328
72438,"14 48 44.56","-66 35 36.7",5.91,"B2.5V",129954
72447,"14 48 53.25","+05 57 16.6",6.83,"F6V",130604
72449,"14 48 54.10","-00 50 51.7",6.15,"B9Vsvar...",130557
72469,"14 49 06.93","+37 48 39.3",6.15,"F2V",130817
72471,"14 49 07.17","-56 40 03.1",6.21,"K3III",130227
72480,"14 49 14.84","+25 09 03.3",6.68,"K3II",130766
72482,"14 49 14.93","-59 24 26.4",6.59,"K3/K4III+..",130205
72487,"14 49 18.68","+46 06 59.0",5.76,"F7IVw",130945
72488,"14 49 18.76","-24 15 05.3",5.68,"K3III+...",130529
72489,"14 49 19.09","-14 08 56.3",5.32,"Ap",130559
72499,"14 49 26.19","+10 02 39.7",6.64,"K4II-III",130705
72505,"14 49 28.74","+19 30 37.4",6.91,"B9",130767
72508,"14 49 32.37","+51 22 28.2",6.49,"F5IV",131040
72518,"14 49 37.06","-68 56 10.2",6.5,"B3III",130021
72524,"14 49 41.36","+48 43 14.0",5.68,"F6V+...",131041
72527,"14 49 42.18","+07 59 12.3",6.96,"F5",130726
72536,"14 49 49.28","-32 25 37.4",6.85,"K0III",130539
72550,"14 49 56.28","+24 43 13.7",6.77,"B9",130870
72552,"14 49 58.39","+28 36 57.0",5.8,"A4V",130917
72567,"14 50 15.72","+23 54 42.4",5.86,"G2V",130948
72569,"14 50 16.10","-58 58 36.2",6.85,"F8II",130380
72571,"14 50 17.47","-27 57 36.8",4.42,"K3III",130694
72573,"14 50 19.63","+82 30 45.0",5.63,"F9V",133002
72578,"14 50 21.93","+65 38 45.0",6.98,"K5",131444
72582,"14 50 29.80","+37 16 18.5",5.47,"K0III-IV",131111
72603,"14 50 41.26","-15 59 49.5",5.15,"F3V",130819
72607,"14 50 42.40","+74 09 19.7",2.07,"K4IIIvar",131873
72617,"14 50 50.78","-53 22 05.7",6.56,"A0V",130572
72622,"14 50 52.78","-16 02 29.8",2.75,"A3IV",130841
72627,"14 50 58.73","-42 49 20.8",6.84,"A2V",130697
72629,"14 51 00.11","-00 15 27.0",6.18,"K3III",130970
72631,"14 51 01.02","-02 17 55.9",4.93,"G8...",130952
72659,"14 51 23.28","+19 06 02.3",4.54,"G8V + K4V",131156
72664,"14 51 26.57","+59 17 37.1",5.48,"K4III",131507
72670,"14 51 30.07","-77 10 33.4",6.44,"Ap...",129899
72671,"14 51 30.18","-74 55 59.1",6.83,"B8V",130081
72677,"14 51 34.96","-17 47 24.2",6.55,"F6V",130989
72683,"14 51 38.32","-43 34 31.1",4.32,"B5IV",130807
72687,"14 51 40.58","+83 56 14.9",6.95,"K0",133872
72702,"14 51 51.31","-18 21 19.2",6.27,"K0II/III",131027
72718,"14 52 03.23","+46 28 36.3",6.76,"K0",131446
72725,"14 52 07.43","+20 17 26.5",6.91,"A0",131265
72756,"14 52 24.06","-46 45 35.8",6.85,"M1/M2III",130932
72763,"14 52 29.35","-48 14 49.4",6.96,"G8III",130933
72772,"14 52 33.33","-30 34 37.8",6.3,"G0/G1V",131117
72773,"14 52 35.27","-63 48 35.3",5.91,"F8II + A/F",130701
72794,"14 52 43.77","+31 55 30.2",6.89,"K0",131451
72800,"14 52 51.09","-37 48 11.2",5.02,"B7II/III",131120
72807,"14 52 53.44","+32 41 27.2",6.87,"F2",131495
72819,"14 53 03.72","+78 10 36.0",6.52,"K0",132698
72823,"14 53 06.64","-38 15 25.0",6.58,"A0V",131165
72833,"14 53 13.54","-73 11 24.6",5.59,"G5III",130458
72846,"14 53 23.36","+15 42 18.4",6.41,"F6III",131473
72848,"14 53 24.04","+19 09 08.2",6.0,"K2V",131511
72859,"14 53 31.18","+19 53 18.7",6.94,"K0",131528
72868,"14 53 39.12","+02 14 15.3",6.82,"K5III",131477
72869,"14 53 39.83","+06 14 30.4",6.63,"K0",131476
72921,"14 54 11.32","-66 25 10.8",6.98,"G0V",130940
72927,"14 54 18.07","+32 01 00.4",6.95,"K0",131724
72929,"14 54 20.14","-24 38 31.7",5.27,"K2/K3III",131430
72930,"14 54 20.75","-28 20 53.5",6.54,"K1III",131415
72934,"14 54 22.91","-11 53 54.0",5.78,"G7III",131530
72953,"14 54 35.63","+30 03 49.0",6.84,"F2",131764
72959,"14 54 37.92","-33 18 02.0",5.85,"K2III",131432
72965,"14 54 42.59","-65 59 27.8",6.09,"B3Vn",131058
72983,"14 54 54.05","-69 51 39.3",6.38,"B5V",130942
72992,"14 55 00.19","+74 52 52.3",6.88,"M0",132770
72993,"14 55 01.05","+14 58 45.6",6.92,"K0III",131747
72995,"14 55 05.68","-61 52 25.9",6.97,"B9IV/V",131229
73019,"14 55 22.85","+06 47 05.3",6.74,"K5",131786
73028,"14 55 28.61","+12 25 51.1",6.78,"A2",131826
73036,"14 55 34.71","-60 06 50.0",5.18,"K1III",131342
73049,"14 55 44.69","-33 51 20.8",5.32,"A0V",131625
73067,"14 55 58.11","-60 54 21.3",6.69,"G8III",131376
73068,"14 55 58.63","+32 18 00.3",6.12,"A2V",132029
73071,"14 56 00.38","+24 23 09.9",6.82,"K2III",131972
73087,"14 56 13.24","+14 26 46.6",5.9,"A0V",131951
73095,"14 56 17.23","-52 48 34.4",5.38,"A2III",131562
73100,"14 56 22.94","+49 37 44.4",5.63,"F7V",132254
73102,"14 56 24.80","-44 42 15.3",6.76,"A1V",131637
73107,"14 56 30.87","-32 38 12.2",6.06,"K3III",131774
73111,"14 56 32.08","-47 52 44.9",5.62,"B+...",131657
73116,"14 56 35.78","-39 24 57.5",6.36,"A0/A1V",131752
73118,"14 56 38.35","-62 21 51.9",6.39,"B5V",131491
73129,"14 56 44.00","-62 46 51.6",5.08,"B4Vnp",131492
73133,"14 56 46.11","-11 24 35.0",5.48,"K4III",131918
73136,"14 56 48.32","+74 54 03.3",6.83,"K0",133086
73150,"14 56 57.47","-26 17 05.9",6.91,"A0V",131885
73154,"14 57 01.94","-51 26 49.9",6.6,"M2III",131705
73156,"14 57 03.61","+21 33 19.7",6.5,"A1V",132145
73165,"14 57 11.06","-04 20 45.9",4.47,"F0V",132052
73166,"14 57 11.68","+16 23 17.3",5.72,"G5III:",132146
73171,"14 57 13.72","-29 09 27.4",6.28,"B8/B9V",131919
73184,"14 57 27.35","-21 24 40.6",5.72,"K4V",131977
73189,"14 57 31.94","-25 26 30.4",6.94,"A2/A3V",131992
73193,"14 57 33.22","-00 10 03.2",5.51,"K1III",132132
73195,"14 57 33.37","-35 23 02.3",6.99,"M1III",131921
73199,"14 57 35.12","+65 55 56.6",4.63,"M5III",132813
73203,"14 57 41.62","+24 40 26.6",6.95,"K3III",132304
73211,"14 57 45.05","+18 59 12.7",6.62,"K0",132296
73223,"14 57 53.16","-76 39 45.4",5.37,"K4III",131109
73238,"14 58 05.30","-17 21 51.2",6.64,"K1III",132150
73241,"14 58 08.81","-48 51 43.9",6.34,"G5V",131923
73249,"14 58 13.42","-11 09 17.1",6.61,"A1V",132230
73253,"14 58 16.19","+14 02 15.3",6.77,"K3III",132343
73273,"14 58 31.95","-43 08 01.9",2.68,"B2III",132058
73279,"14 58 36.59","-39 54 25.1",6.17,"K1III",132096
73284,"14 58 39.29","-27 39 26.3",5.65,"A6IV",132219
73309,"14 58 52.99","-04 59 20.4",6.08,"F8V",132375
73310,"14 58 53.64","-11 08 37.9",5.88,"K3III-IV",132345
73334,"14 59 09.70","-42 06 14.9",3.13,"B2IV",132200
73341,"14 59 13.94","-37 52 52.3",6.45,"B8V",132238
73345,"14 59 19.31","-51 34 34.0",6.78,"B5V",132101
73350,"14 59 23.11","+04 34 04.0",5.91,"M1III",132525
73353,"14 59 24.98","+39 38 41.3",6.7,"F2",132736
73354,"14 59 27.20","-43 09 35.3",6.1,"F5III",132242
73357,"14 59 29.24","-30 42 41.2",6.91,"A3m...",132347
73366,"14 59 34.56","+53 51 36.7",6.84," ",132910
73369,"14 59 36.97","+39 15 54.8",5.64,"F1III-IV",132772
73383,"14 59 45.19","-43 48 39.7",6.59,"F5V",132301
73394,"14 59 55.77","-75 01 57.4",6.2,"B9V",131551
73398,"15 00 00.35","-36 01 49.7",6.94,"K0III",132396
73403,"15 00 02.69","+65 28 34.6",6.9,"K0",133229
73404,"15 00 03.64","+44 35 10.8",6.91,"K0",132892
73415,"15 00 11.34","-77 09 37.9",5.92,"G8II",131425
73424,"15 00 18.67","+07 38 53.9",6.99,"K2",132701
73440,"15 00 27.71","+71 45 54.9",6.64,"G0",133621
73454,"15 00 38.73","+47 16 38.7",6.35,"B9p SiSrCr",133029
73464,"15 00 52.28","+22 02 44.1",6.29,"K0",132879
73473,"15 00 58.39","-08 31 08.2",4.91,"B9.5V",132742
73480,"15 01 01.44","+02 53 51.5",6.72,"F5",132832
73483,"15 01 02.26","-64 34 33.2",6.56,"A9/F0IV/V",132209
73493,"15 01 13.07","-38 03 29.9",5.88,"K2/K3III",132604
73494,"15 01 15.23","-67 58 59.8",6.99,"B4V",132127
73497,"15 01 19.81","-02 45 17.5",5.52,"M0III",132833
73500,"15 01 22.62","-71 29 26.7",6.72,"B5V",132004
73507,"15 01 27.11","+60 12 15.9",5.91,"A4V",133388
73518,"15 01 35.34","-03 09 50.5",6.68,"K1:IV-V:",132883
73522,"15 01 38.38","-56 15 36.6",6.89,"B2Vn",132481
73536,"15 01 48.92","-00 08 24.9",5.71,"M2III",132933
73540,"15 01 50.70","-83 13 40.0",5.65,"G8/K0III",130650
73555,"15 01 56.79","+40 23 26.3",3.49,"G8III",133208
73559,"15 01 58.10","-34 21 31.7",6.21,"A8/A9III/IV",132763
73565,"15 02 04.26","-08 20 41.2",6.7,"G5",132935
73566,"15 02 06.38","-28 03 37.9",5.83,"A4IV",132851
73568,"15 02 06.51","+25 00 29.7",4.8,"K4III",133124
73571,"15 02 08.59","-07 34 31.1",6.38,"A3",132953
73587,"15 02 30.01","-07 50 25.4",6.59,"A2",133008
73589,"15 02 30.68","+31 41 01.7",6.6,"M3",133254
73608,"15 02 44.90","-03 01 52.8",6.6,"A5m",133112
73620,"15 02 54.07","+02 05 28.6",4.39,"K0III",133165
73622,"15 02 57.43","-47 56 31.1",6.86,"K4/K5III",132840
73624,"15 02 59.29","-32 38 35.7",5.45,"B3V",132955
73634,"15 03 06.08","+35 12 20.8",5.52,"G8III:",133392
73636,"15 03 06.43","-17 37 58.3",6.93,"K0III",133093
73637,"15 03 06.63","+44 38 39.9",6.59,"F6IV",133484
73654,"15 03 21.64","+56 02 07.0",6.86,"K2",133666
73655,"15 03 22.40","+00 53 23.0",6.91,"K0",133234
73661,"15 03 26.75","+60 01 32.1",6.69,"K5",133768
73672,"15 03 34.66","-35 56 34.1",6.65,"A4IV",133077
73675,"15 03 36.50","+34 33 57.0",6.59,"G8III-IV",133485
73695,"15 03 47.68","+47 39 14.5",4.83,"G2V + G2V",133640
73699,"15 03 49.29","+27 04 52.2",6.8,"K4III",133459
73706,"15 03 57.73","+65 55 11.0",6.22,"A2Vs",133994
73714,"15 04 04.26","-25 16 54.7",3.25,"M3/M4III",133216
73745,"15 04 26.86","+26 56 51.6",4.52,"K2III",133582
73764,"15 04 42.90","-40 51 40.5",6.29,"M6III",133220
73771,"15 04 46.96","-83 02 17.8",5.65,"G8Ib",131246
73776,"15 04 48.05","-64 01 52.9",5.16,"G8III",132905
73807,"15 05 07.11","-47 03 04.3",3.91,"B5",133242
73826,"15 05 19.15","-41 04 02.0",5.13,"G8III",133340
73841,"15 05 25.89","+48 09 03.2",5.59,"A1V",133962
73850,"15 05 33.90","-30 33 03.8",6.48,"F6V",133469
73865,"15 05 47.73","-25 47 22.0",6.65,"B7Vn...",133529
73881,"15 06 02.42","-48 53 00.1",6.48,"B3V",133399
73896,"15 06 10.64","-24 07 52.7",6.73,"K0III",133627
73901,"15 06 13.95","-36 15 52.5",6.27,"K5III",133550
73909,"15 06 16.67","+54 33 22.6",5.24,"G8III",134190
73921,"15 06 22.77","-72 10 12.5",6.92,"B8V",132874
73927,"15 06 27.10","-22 01 54.1",6.13,"K0III",133670
73937,"15 06 33.21","-30 55 06.3",5.97,"Ap Si",133652
73941,"15 06 35.19","+36 27 21.5",6.35,"F8V",134044
73945,"15 06 37.62","-16 15 24.3",5.19,"K5III",133774
73953,"15 06 49.10","-16 29 03.6",6.41,"A1V",133800
73966,"15 06 55.97","-52 01 47.1",6.4,"B3III",133518
73977,"15 07 06.86","+02 21 45.5",6.59,"K2",133948
73980,"15 07 08.19","-71 54 17.8",6.52,"K4III",133049
73996,"15 07 17.95","+24 52 10.5",4.93,"F5V",134083
73998,"15 07 19.28","+08 57 30.8",6.88,"K5",134012
74000,"15 07 20.34","+18 26 31.0",6.03,"A3V",134064
74006,"15 07 25.93","-49 05 19.1",5.77,"G8III",133631
74016,"15 07 33.06","+09 13 33.5",6.72,"G5",134066
74026,"15 07 40.32","+05 29 53.1",6.16,"K0III",134047
74037,"15 07 50.16","+63 07 01.6",6.82,"F4III SB",134646
74044,"15 07 56.15","-61 07 43.2",6.49,"F2III",133557
74047,"15 07 56.75","-65 16 31.6",6.18,"K3III",133456
74066,"15 08 12.15","-40 35 01.9",5.75,"B8IV Si",133880
74080,"15 08 18.45","+33 42 23.3",6.7,"K0",134352
74082,"15 08 19.41","+65 47 19.1",6.63,"M0",134807
74083,"15 08 19.54","+50 03 18.0",6.33,"K0III",134493
74087,"15 08 23.78","+26 18 04.3",5.67,"K2III",134320
74091,"15 08 30.18","-80 18 50.0",6.81,"B4/B5III/IV",132501
74096,"15 08 35.56","+25 06 31.1",5.82,"K1III",134335
74100,"15 08 39.21","-42 52 04.3",5.85,"B7V",133937
74110,"15 08 45.23","-61 38 01.5",6.82,"B3V",133699
74117,"15 08 50.63","-45 16 47.3",4.07,"B3V",133955
74121,"15 08 53.54","+13 14 06.2",6.16,"G6V:",134323
74122,"15 08 53.91","-59 08 31.6",6.87,"K0II/IIICN.",133790
74131,"15 08 57.52","-26 29 50.2",6.92,"M1III",134140
74141,"15 09 00.76","-72 18 26.8",6.73,"B2Vn",133385
74147,"15 09 03.32","-61 53 15.2",6.97,"B1/2IVne",133738
74181,"15 09 25.54","-63 38 34.4",6.25,"A0p",133792
74184,"15 09 29.92","-67 05 02.9",5.76,"F8Iab-Ib",133683
74192,"15 09 36.59","-68 43 16.8",6.84,"B9IV",133638
74206,"15 09 51.31","-23 59 09.3",6.55,"K4III",134329
74224,"15 10 07.34","-38 47 32.9",5.98,"G6III",134255
74227,"15 10 09.19","-75 27 42.3",6.92,"G6III",133369
74239,"15 10 18.65","-26 19 57.4",5.75,"K0III",134373
74253,"15 10 31.51","+11 40 24.9",6.89,"M2.5III:",134627
74265,"15 10 38.89","+33 04 44.0",6.91,"K0",134772
74272,"15 10 44.40","+67 46 51.8",6.18,"A8Vn",135384
74273,"15 10 44.97","-61 25 20.3",6.29,"G3IV",134060
74296,"15 11 08.79","-84 47 16.2",5.88,"B9.5V",131596
74305,"15 11 15.98","-55 20 45.7",5.45,"G2Ib/II",134270
74336,"15 11 34.82","-45 16 39.0",6.44,"K1III",134444
74357,"15 11 45.84","-33 38 19.9",6.99,"G8III",134574
74359,"15 11 47.72","+10 12 59.5",6.89,"A0",134854
74367,"15 11 49.99","-16 09 34.2",6.68,"K1III",134700
74376,"15 11 56.16","-48 44 15.7",3.88,"B9V",134481
74380,"15 11 57.77","-48 44 36.9",5.7,"A3IV",134482
74385,"15 12 04.06","+22 18 48.6",6.62,"M2.5III:",134963
74386,"15 12 04.27","+18 58 33.6",5.9,"M4III",134943
74391,"15 12 12.04","-19 06 23.1",6.49,"K4III",134758
74392,"15 12 13.31","-19 47 29.9",4.54,"Asp...",134759
74395,"15 12 17.20","-52 05 56.7",3.41,"G8III",134505
74412,"15 12 26.24","-18 05 23.8",6.86,"K0III",134812
74415,"15 12 29.66","-63 02 00.5",6.86,"K3III",134345
74418,"15 12 31.23","-48 13 08.0",6.32,"K2III",134597
74421,"15 12 34.01","-72 46 14.0",6.02,"B8/B9III",133981
74432,"15 12 43.85","+19 17 07.2",6.69,"G5V",135101
74441,"15 12 47.19","+10 42 08.9",6.5,"K2",135061
74449,"15 12 49.60","-44 30 01.3",4.83,"B3IV",134687
74470,"15 13 01.03","-61 44 37.6",6.27,"K4Ib",134468
74479,"15 13 07.68","-36 05 28.9",6.09,"B8V",134837
74488,"15 13 14.78","-11 00 25.1",6.65,"A2",135027
74490,"15 13 17.43","-24 00 29.8",6.47,"B8III",134946
74493,"15 13 19.22","-19 38 50.8",6.07,"A2V",134967
74500,"15 13 28.93","-25 18 33.0",6.47,"G5V",134987
74505,"15 13 31.84","+22 58 59.4",6.31,"A2V",135263
74514,"15 13 35.59","+38 15 53.3",6.19,"K2III:",135402
74537,"15 13 51.64","-01 21 00.6",6.58,"K0V",135204
74539,"15 13 53.32","-26 11 36.8",5.84,"G8/K0II",135051
74552,"15 13 59.19","-61 20 34.5",6.36,"B5V",134657
74553,"15 13 59.28","+43 02 52.7",6.66,"A5",135517
74561,"15 14 06.01","+31 47 16.5",5.98,"K5",135438
74571,"15 14 10.29","+42 10 17.2",6.12,"M2III",135530
74581,"15 14 18.81","-14 12 33.9",6.75,"M2III",135207
74582,"15 14 19.17","-70 04 46.0",5.75,"N0v",134453
74593,"15 14 28.19","-18 25 42.5",6.76,"F5V",135208
74596,"15 14 29.21","+29 09 51.2",5.28,"A2V",135502
74600,"15 14 33.77","-17 46 06.7",6.18,"B9III",135230
74604,"15 14 37.33","-31 31 08.9",4.91,"F3III",135153
74605,"15 14 38.00","+67 20 51.6",5.15,"F9IV",136064
74623,"15 14 50.61","-05 30 09.3",6.28,"K2",135367
74625,"15 14 51.63","+68 56 44.6",6.52,"A1Vn",136174
74649,"15 15 11.37","+04 56 21.7",5.32,"K0III",135482
74653,"15 15 15.36","-70 31 09.2",6.86,"G5IV",134606
74657,"15 15 19.66","-44 08 58.0",6.74,"B9IV",135174
74663,"15 15 27.79","-79 08 11.1",6.66,"K1II/III+..",133921
74666,"15 15 30.10","+33 18 54.4",3.46,"G8III",135722
74675,"15 15 39.39","-27 35 46.7",6.79,"F0III",135390
74678,"15 15 41.45","+25 38 33.2",6.97,"A0",135679
74689,"15 15 49.14","+00 22 19.6",5.62,"A4V",135559
74690,"15 15 50.68","+50 56 18.8",6.47,"G5",135944
74695,"15 15 53.57","+06 27 53.6",6.47,"K0",135615
74696,"15 15 53.66","-48 04 25.1",5.96,"A3m",135235
74701,"15 15 58.53","-70 24 48.9",6.71,"F5IV",134735
74702,"15 15 59.06","+00 47 48.1",6.92,"K0",135599
74707,"15 16 04.03","-41 29 28.1",5.15,"F:+...",135345
74716,"15 16 10.47","-43 29 05.9",6.05,"B3IV",135348
74732,"15 16 23.03","-22 23 57.9",5.52,"K2III",135534
74740,"15 16 28.56","-44 30 13.1",6.58,"K2/K3III",135416
74745,"15 16 32.36","-39 33 39.3",6.88,"K3III",135452
74749,"15 16 35.79","+09 42 46.8",6.74,"A2",135774
74750,"15 16 36.69","-60 54 14.4",5.74,"B0.5V",135160
74752,"15 16 37.17","-42 22 12.3",6.76,"B9V",135454
74769,"15 16 51.84","-47 51 52.2",6.46,"G8III",135430
74775,"15 16 55.08","-46 12 08.3",6.44,"F6V",135468
74778,"15 16 56.90","-60 57 26.1",5.04,"O8.5V",135240
74782,"15 16 59.41","-38 26 51.3",6.86,"F3V",135549
74785,"15 17 00.47","-09 22 58.3",2.61,"B8V",135742
74793,"15 17 05.88","+71 49 26.0",5.02,"K4III",136726
74801,"15 17 13.89","-66 05 32.2",6.84,"B6V",135139
74808,"15 17 17.71","+62 46 15.7",6.81,"K0",136402
74818,"15 17 22.65","+74 02 42.2",6.67,"K0",136919
74824,"15 17 30.96","-58 48 03.2",4.07,"A3V",135379
74837,"15 17 38.89","-63 36 37.8",4.85,"K2.5III",135291
74857,"15 17 49.84","-30 08 55.2",4.35,"K1II/III",135758
74858,"15 17 53.06","+33 35 39.6",6.65,"G5",136137
74868,"15 17 59.67","+30 49 59.2",6.86,"K0",136159
74875,"15 18 09.39","-41 03 40.1",6.3,"Am",135730
74876,"15 18 09.79","-47 53 59.8",6.98,"F6V",135669
74885,"15 18 14.97","+45 37 11.3",6.64,"K5",136290
74893,"15 18 20.19","+26 50 24.7",6.59,"G0V",136176
74895,"15 18 22.62","+00 56 22.0",6.5,"K0",136027
74896,"15 18 24.51","+20 34 22.1",5.68,"G5IV",136138
74901,"15 18 26.13","-00 27 40.5",5.88,"K5III",136028
74911,"15 18 32.05","-47 52 30.7",4.27,"B8V",135734
74915,"15 18 33.80","-47 52 44.9",6.87,"A2/A3V:",135748
74929,"15 18 41.31","-31 12 33.6",6.18,"G6/G8III",135896
74935,"15 18 45.51","+58 30 12.4",6.87,"K0",136577
74941,"15 18 49.15","-60 29 46.8",5.43,"O7Iab:",135591
74946,"15 18 54.69","-68 40 46.1",2.87,"A1V",135382
74948,"15 18 55.54","-01 35 32.8",6.93,"F8",136118
74950,"15 18 56.39","-40 47 17.4",5.59,"B9V",135876
74975,"15 19 18.58","+01 46 00.0",5.04,"F8III-IV",136202
74982,"15 19 21.80","-09 08 47.0",6.95,"M4III",136140
74999,"15 19 29.08","-71 47 31.3",6.59,"M2III",135338
75000,"15 19 30.07","+32 30 53.6",6.33,"A2m",136403
75003,"15 19 31.78","-37 05 48.5",6.19,"G8III/IV",136014
75018,"15 19 45.72","-66 29 45.7",6.73,"F7Ib/II",135592
75030,"15 19 52.54","+62 28 26.9",6.62,"K2",136881
75039,"15 20 02.34","+40 59 01.4",6.9,"F5",136580
75043,"15 20 05.14","+51 57 30.6",5.65,"A4V",136729
75049,"15 20 08.64","+29 36 58.7",5.51,"K0III",136512
75084,"15 20 36.49","-05 07 11.1",6.6,"K0",136380
75091,"15 20 40.56","-67 28 53.4",6.27,"B3V",135737
75093,"15 20 41.65","+44 26 04.7",6.14,"F4IVs",136751
75095,"15 20 42.82","-56 07 57.4",6.8,"B2Ib",136003
75097,"15 20 43.75","+71 50 02.3",3.0,"A3II-III",137422
75101,"15 20 47.17","-02 24 46.5",6.34,"K0V",136442
75104,"15 20 50.20","+31 28 47.2",6.9,"F5",136654
75107,"15 20 52.88","+45 39 53.8",6.67,"K0",136795
75110,"15 20 53.68","-18 09 30.6",6.16,"G8II/III",136366
75118,"15 21 01.36","-15 32 54.2",6.14,"F2V",136407
75119,"15 21 02.02","+00 42 56.1",5.35,"K3III",136514
75122,"15 21 04.66","-47 45 37.1",6.77,"F5V",136187
75125,"15 21 06.90","+24 57 29.0",6.36,"K0",136643
75127,"15 21 07.64","-05 49 29.4",5.54,"K1III",136479
75141,"15 21 22.34","-40 38 50.9",3.22,"B1.5IV",136298
75151,"15 21 30.11","-38 13 07.1",6.57,"A+...",136347
75161,"15 21 34.30","-44 56 17.4",6.68,"A0V",136300
75164,"15 21 35.31","-40 44 57.9",6.21,"A1V",136334
75177,"15 21 48.44","-36 15 40.2",3.57,"K5III",136422
75178,"15 21 48.61","+32 56 01.2",5.38,"B9Vn",136849
75181,"15 21 49.57","-48 19 01.1",5.65,"G2V",136352
75206,"15 22 08.39","-47 55 38.9",4.99,"F8V",136351
75210,"15 22 11.27","-37 38 08.0",6.65,"B8/B9V",136482
75230,"15 22 23.24","+12 34 03.1",6.29,"A0V",136831
75243,"15 22 29.37","-74 23 57.9",6.51,"A1/A2V",135719
75247,"15 22 33.20","-44 17 34.3",6.74,"A1/A2V",136486
75256,"15 22 37.25","+62 02 49.8",5.99,"A0sp...",137389
75257,"15 22 37.37","+39 34 53.4",5.56,"K4III",137071
75260,"15 22 38.43","+63 20 30.0",5.72,"K4III",137443
75264,"15 22 40.89","-44 41 22.5",3.37,"B2IV-V",136504
75272,"15 22 45.19","-29 20 30.9",6.5,"K0III",136646
75288,"15 22 57.05","-26 41 19.6",6.53,"K0III",136703
75294,"15 23 01.78","-15 08 02.7",6.46,"K4III",136801
75304,"15 23 09.36","-36 51 30.4",4.54,"B4V",136664
75306,"15 23 09.54","-51 44 09.8",6.68,"G5Ib",136505
75308,"15 23 10.60","-60 39 25.6",5.65,"F7V",136359
75312,"15 23 12.23","+30 17 17.7",4.99,"G2V",137107
75323,"15 23 22.66","-59 19 14.5",4.48,"B5III + F8",136415
75324,"15 23 25.00","-46 08 25.4",6.49,"G8III",136607
75342,"15 23 43.67","-01 01 20.3",6.11,"F0V",137006
75349,"15 23 51.10","-57 19 50.3",6.78,"G2II",136537
75352,"15 23 52.26","-12 22 09.9",5.72,"G8III",136956
75369,"15 24 05.13","+45 16 15.7",6.07,"K2III",137390
75379,"15 24 11.93","-10 19 18.8",4.92,"F5IV",137052
75411,"15 24 29.54","+37 22 37.1",4.31,"F0V",137391
75415,"15 24 30.97","+37 20 49.5",6.51,"G1V",137392
75425,"15 24 35.26","+54 12 46.6",6.68,"K0",137588
75436,"15 24 41.85","-35 55 01.4",6.75,"A0/A1V",136961
75439,"15 24 45.03","-39 42 36.5",5.36,"Ap...",136933
75458,"15 24 55.78","+58 57 57.7",3.29,"K2III",137759
75461,"15 24 57.21","-72 02 46.8",6.97,"A1III/IV",136272
75479,"15 25 08.05","+47 03 39.3",6.79,"G5",137629
75482,"15 25 11.19","-47 13 02.7",6.57,"K3/K4IIIp..",136937
75501,"15 25 20.25","-38 44 00.9",4.6,"A0V",137058
75522,"15 25 44.82","-53 03 28.7",6.66,"F0IV/V",136947
75530,"15 25 47.41","+15 25 41.0",5.16,"M1III",137471
75535,"15 25 53.30","+19 28 50.6",6.26,"G0V",137510
75552,"15 26 05.39","-21 22 49.0",6.97,"K0III",137339
75565,"15 26 14.53","-68 18 33.1",5.89,"K0III",136672
75571,"15 26 17.21","-36 35 53.7",6.81,"K1III",137261
75572,"15 26 17.46","+34 20 09.1",5.46,"K4III",137704
75584,"15 26 30.28","+10 02 10.0",6.97,"M0",137570
75587,"15 26 32.17","+54 01 13.2",6.44,"A2IV",137928
75607,"15 26 50.35","-20 00 18.3",6.97,"A4:V+...",137463
75634,"15 27 10.41","+84 49 31.3",6.87,"K0",141155
75647,"15 27 18.14","-36 46 03.0",5.46,"B5V",137432
75658,"15 27 26.98","-66 07 17.0",6.92,"B8II/III",136977
75665,"15 27 33.10","-64 31 53.2",5.71,"K5/M0III",137066
75674,"15 27 38.87","+25 06 06.0",6.01,"M1III",137853
75678,"15 27 40.75","+62 16 32.7",6.53,"A5IV",138245
75695,"15 27 49.85","+29 06 19.8",3.66,"F0p",137909
75696,"15 27 51.44","+60 40 12.8",5.9,"K5III",138265
75714,"15 28 04.54","+11 51 41.8",6.93,"F0",137854
75718,"15 28 09.57","-09 20 49.9",6.89,"K2V",137763
75730,"15 28 15.40","-16 42 59.1",5.64,"K4III",137744
75736,"15 28 20.68","-88 07 58.1",6.49,"Am",129723
75742,"15 28 27.21","-51 35 52.5",6.1,"G2Ib",137465
75752,"15 28 31.26","+38 43 25.4",6.69,"F0",138100
75761,"15 28 38.29","+01 50 31.8",5.15,"A8IV",137898
75762,"15 28 38.39","-15 42 02.6",6.79,"K0V",137812
75764,"15 28 39.26","+61 43 35.9",6.9,"A0",138406
75770,"15 28 44.41","+47 12 05.4",6.15,"Amvar...",138213
75783,"15 28 52.21","+57 26 41.2",6.91,"F6IV-V",138367
75788,"15 28 56.83","+55 11 41.5",6.45,"A3m",138338
75790,"15 28 58.69","-28 52 00.5",6.43,"G0V",137798
75809,"15 29 11.97","+80 26 54.0",6.57,"G8IV-V+...",139777
75810,"15 29 12.14","+16 23 43.7",6.38,"G8III-IV",138085
75815,"15 29 15.79","-65 53 24.5",6.86,"M0III",137345
75818,"15 29 19.30","-38 38 05.4",6.44,"F2V",137785
75822,"15 29 21.13","+62 05 58.4",6.32,"K5",138524
75825,"15 29 23.29","+47 42 48.4",6.84,"A0",138302
75828,"15 29 24.28","-46 43 57.7",5.26,"K4III",137709
75842,"15 29 32.90","-58 21 04.8",6.7,"A8V",137583
75848,"15 29 34.78","-17 26 27.4",6.69,"Ap",137949
75870,"15 29 50.68","+82 15 49.1",6.93,"F0",140363
75874,"15 29 53.82","+80 46 15.7",6.94,"K0",139951
75884,"15 29 58.38","-52 18 10.1",6.7,"B7IV",137753
75915,"15 30 21.31","-41 55 08.3",6.23,"B9V",137919
75919,"15 30 22.78","+31 17 09.5",6.45,"A4IV",138341
75928,"15 30 27.86","+36 48 16.1",6.52,"K0",138383
75939,"15 30 36.25","-20 43 42.5",6.2,"A3V",138105
75944,"15 30 40.39","-16 36 34.0",5.82,"K0III",138137
75953,"15 30 46.09","+34 27 56.5",6.81,"A0",138422
75956,"15 30 48.18","-53 22 27.3",6.78,"K1III",137866
75959,"15 30 49.19","-71 39 14.7",6.39,"B3V",137366
75971,"15 30 55.42","+08 34 44.8",6.57,"F4Vw",138290
75973,"15 30 55.75","+40 49 59.0",5.04,"K5III",138481
75974,"15 30 55.91","+64 12 30.6",5.74,"K0III-IV",138852
75980,"15 30 58.89","-47 55 13.1",6.84,"G3II/III",137958
76001,"15 31 17.22","-33 49 11.2",6.87,"A2/A3V",138138
76006,"15 31 22.31","+36 37 00.0",6.39,"F6III",138525
76008,"15 31 25.05","+77 20 57.6",5.0,"K5III",139669
76011,"15 31 27.15","-71 03 43.5",6.89,"Ap SICrFe",137509
76013,"15 31 30.82","-73 23 22.4",5.4,"B1npe",137387
76033,"15 31 43.45","-20 09 53.4",6.28,"A5V",138268
76041,"15 31 46.99","+40 53 57.7",4.98,"A5V",138629
76048,"15 31 50.24","-32 52 51.8",6.49,"B6/B7V",138221
76063,"15 32 04.22","-38 37 20.5",6.23,"A3III",138204
76069,"15 32 09.68","+16 03 22.1",6.22,"B9V",138527
76073,"15 32 13.89","-45 04 03.1",6.82,"B9IV/V",138191
76075,"15 32 15.13","-23 52 48.6",6.75,"M4III",138344
76079,"15 32 17.87","-10 26 19.1",6.57,"G0",138425
76106,"15 32 36.71","-19 40 13.3",5.5,"A2IV",138413
76126,"15 32 55.23","-16 51 10.1",5.53,"B3V",138485
76127,"15 32 55.80","+31 21 33.0",4.14,"B6Vnn",138749
76133,"15 32 57.95","-01 11 10.7",5.5,"K0III",138562
76136,"15 33 04.70","+16 00 43.5",6.56,"K2",138685
76143,"15 33 09.53","-24 29 25.2",6.26,"A3/5V +A9/F2",138488
76165,"15 33 24.29","-40 29 26.5",6.4,"K0III",138395
76170,"15 33 27.11","-61 16 23.9",6.7,"A2V",138153
76198,"15 33 52.74","+17 08 14.9",6.49,"F3III",138803
76207,"15 34 01.74","-40 03 58.9",5.82,"M2III",138505
76217,"15 34 10.12","-33 10 16.6",6.98,"A0V",138575
76219,"15 34 10.52","-10 03 50.3",4.61,"K1IV",138716
76233,"15 34 20.86","-05 41 42.4",6.52,"F7V",138763
76234,"15 34 20.87","-39 20 56.8",6.36,"B9V",138564
76243,"15 34 26.53","-09 11 00.1",5.16,"B6IV",138764
76256,"15 34 36.12","+67 48 21.0",6.98,"G5",139586
76259,"15 34 37.31","-28 02 48.9",5.13,"K2/K3III",138688
76267,"15 34 41.19","+26 42 53.7",2.22,"A0V",139006
76276,"15 34 48.19","+10 32 19.9",3.8,"F0IV",138917
76287,"15 34 59.60","-17 08 19.6",6.99,"K1III: (+G)",138810
76291,"15 35 04.63","+01 40 09.4",6.55,"F0III",138936
76297,"15 35 08.46","-41 10 00.1",2.8,"B2IV",138690
76299,"15 35 10.05","+43 10 02.8",6.75,"G5",139193
76303,"15 35 11.85","+49 59 41.4",6.95,"K2",139283
76307,"15 35 14.90","+39 00 36.2",5.14,"M2III",139153
76311,"15 35 16.22","+53 55 19.7",5.97,"K4III:",139357
76333,"15 35 31.54","-14 47 22.4",3.91,"K0III",138905
76337,"15 35 33.28","+17 39 20.1",6.1,"G8III:",139074
76365,"15 35 48.88","+01 13 39.0",6.7,"F0",139044
76366,"15 35 49.19","+38 22 26.2",6.3,"K2",139284
76371,"15 35 53.27","-44 57 30.0",4.55,"B3IVp",138769
76372,"15 35 53.39","+11 15 56.5",6.04,"K0III:",139087
76376,"15 35 57.08","+54 37 50.0",5.77,"A2V",139493
76382,"15 36 02.59","+39 48 08.7",6.78,"K2V",139341
76384,"15 36 04.19","+52 04 10.6",6.7,"F4IIIp",139478
76395,"15 36 11.38","-33 05 33.9",6.26,"B8/B9V",138923
76397,"15 36 12.14","-44 23 48.1",5.44,"M0III",138816
76407,"15 36 17.77","-65 36 47.3",6.51,"F0III",138498
76422,"15 36 28.13","-66 32 43.6",6.83,"K3III",138499
76423,"15 36 28.19","+15 06 05.0",6.51,"M5II-III",139216
76424,"15 36 29.20","+16 07 08.8",5.93,"F3V",139225
76425,"15 36 29.55","+10 00 37.6",5.26,"K0p",139195
76427,"15 36 33.72","-00 33 41.3",6.51,"G8III+...",139137
76440,"15 36 43.19","-66 19 00.9",4.11,"K0III",138538
76450,"15 36 48.65","+80 36 51.8",6.89,"G5",141218
76456,"15 36 53.37","+29 59 28.8",6.46,"F5V:",139389
76470,"15 37 01.46","-28 08 06.3",3.6,"K3III",139063
76503,"15 37 28.51","-26 16 47.3",6.19,"B9IV",139160
76508,"15 37 31.31","-22 07 01.2",6.98,"A1m...",139202
76509,"15 37 32.04","+54 30 31.6",5.85,"K1III:",139778
76519,"15 37 39.21","+69 16 59.6",5.65,"M0III",140227
76530,"15 37 45.86","+71 09 13.1",6.99,"K0",140342
76532,"15 37 48.06","-23 08 29.5",5.79,"K0III",139254
76534,"15 37 49.55","+40 21 11.8",5.25,"G8III-IV",139641
76549,"15 38 02.19","-54 31 19.1",6.98,"A1/A2V",139000
76552,"15 38 03.32","-42 34 02.9",4.34,"K4.5III",139127
76567,"15 38 15.80","-28 12 23.8",6.32,"K1III",139290
76568,"15 38 16.14","+46 47 52.8",5.76,"F2V",139798
76569,"15 38 16.24","-21 00 58.2",5.82,"K0III",139329
76573,"15 38 16.64","+24 31 18.9",6.82,"MIII",139608
76579,"15 38 22.76","+43 36 15.3",6.8,"A2",139780
76582,"15 38 25.48","-19 54 46.5",6.65,"F3V",139364
76586,"15 38 29.11","-14 31 00.0",6.8,"K1III",139408
76591,"15 38 32.65","-39 09 38.3",6.59,"B9V",139233
76594,"15 38 34.20","+50 25 24.1",5.84,"G8III",139906
76600,"15 38 39.38","-29 46 39.7",3.66,"B2.5V",139365
76602,"15 38 39.95","-08 47 40.8",6.56,"F6IV-V",139460
76603,"15 38 40.07","-08 47 29.1",6.45,"F6V",139461
76606,"15 38 41.60","-45 42 31.4",6.97,"B5V",139206
76608,"15 38 42.17","-39 07 39.9",6.05,"A4:m...",139271
76617,"15 38 48.86","+34 40 30.3",6.12,"K0",139761
76618,"15 38 49.50","-52 22 21.4",5.43,"B9V",139129
76628,"15 38 54.51","-19 18 06.2",5.36,"G8III/IV",139446
76630,"15 38 58.89","+46 55 35.8",6.75,"K5",139920
76632,"15 38 59.85","+85 17 09.1",6.88,"A5",143802
76637,"15 39 01.48","-78 14 06.2",6.99,"A4III/IV",138212
76651,"15 39 09.52","+57 55 27.9",6.45,"K1III",140117
76664,"15 39 18.62","-77 55 03.7",6.19,"K2II",138289
76666,"15 39 21.39","-23 09 00.6",6.33,"B9.5V",139518
76669,"15 39 22.68","+36 38 09.0",4.64,"B7V+...",139891
76687,"15 39 34.90","-55 25 37.4",6.94,"K2III",139236
76695,"15 39 38.72","+79 58 59.2",6.89,"F2",141652
76699,"15 39 39.98","+16 18 50.1",6.98,"A2",139799
76705,"15 39 45.97","-34 24 42.8",4.66,"G8/K0III",139521
76714,"15 39 54.48","-19 46 08.7",6.88,"F3V",139628
76716,"15 39 56.69","-59 54 28.1",5.95,"F6V",139211
76733,"15 40 10.36","+12 03 10.6",6.22,"G8II",139862
76734,"15 40 10.96","-56 54 52.3",6.63,"K1III",139312
76736,"15 40 11.63","-70 13 39.9",6.45,"A5V",138965
76739,"15 40 15.56","-31 12 49.3",6.35,"K3III",139613
76742,"15 40 16.91","-23 49 05.0",4.97,"K3III",139663
76750,"15 40 21.36","-73 26 47.9",5.64,"B8IV",138800
76762,"15 40 24.70","-44 17 18.8",6.98,"Ap Si",139525
76764,"15 40 25.99","+37 31 01.7",6.91,"K5",140086
76799,"15 40 51.44","-44 37 21.8",6.88,"A5IV/V",139598
76809,"15 40 58.26","-47 44 09.6",6.21,"K5/M0III",139599
76810,"15 40 59.09","+16 01 28.7",6.0,"G8III",140027
76824,"15 41 06.90","-39 58 57.6",6.51,"F5V",139677
76829,"15 41 11.52","-44 39 38.0",4.64,"F5IV-V",139664
76836,"15 41 15.97","-13 58 13.1",6.87,"B9.5V",139909
76843,"15 41 25.50","-65 04 05.1",6.98,"F2V",139339
76849,"15 41 30.64","-53 23 28.5",6.92,"B8III",139616
76852,"15 41 33.09","+19 40 13.8",4.51,"A1V",140159
76866,"15 41 47.39","+12 50 51.1",5.34,"A0p Sr",140160
76877,"15 41 54.70","-76 04 54.7",5.95,"B9V",138867
76878,"15 41 54.76","+18 27 50.0",5.8,"A2m",140232
76880,"15 41 56.82","-19 40 42.9",4.75,"K5III",139997
76894,"15 42 01.77","-64 10 49.0",6.53,"K2/K3II",139471
76924,"15 42 25.74","-49 13 03.1",6.95,"K3III",139828
76935,"15 42 37.23","-49 29 22.2",6.02,"K2III",139871
76939,"15 42 38.35","-37 25 29.6",5.23,"G8/K0III",139980
76944,"15 42 40.61","+31 42 31.6",6.71,"K2",140472
76945,"15 42 41.04","-34 42 37.2",4.75,"B5V",140008
76952,"15 42 44.64","+26 17 43.9",3.81,"A1Vs",140436
76957,"15 42 50.82","+52 21 39.0",5.48,"B9p...",140728
76982,"15 43 08.69","-13 03 21.9",6.64,"G1V",140269
76985,"15 43 10.54","+13 40 03.9",6.48,"G5III",140438
76996,"15 43 16.10","-84 27 55.8",5.57,"A2V",137333
77001,"15 43 22.28","+11 42 39.8",6.94,"K2",140456
77007,"15 43 24.86","-15 02 34.8",6.3,"K0III",140301
77042,"15 43 55.28","-60 17 13.9",6.46,"G0Ib",139915
77048,"15 43 59.32","+32 30 57.0",5.57,"G9III:",140716
77052,"15 44 01.85","+02 30 55.9",5.86,"G5V",140538
77055,"15 44 03.46","+77 47 40.2",4.29,"A3Vn",142105
77059,"15 44 04.10","-31 36 11.3",6.62,"K0III",140329
77060,"15 44 04.42","-15 40 21.6",5.41,"A6IV",140417
77067,"15 44 10.38","-50 12 56.3",6.83,"F2IV/V",140130
77070,"15 44 16.00","+06 25 31.9",2.63,"K2III",140573
77086,"15 44 22.69","-41 49 08.5",5.93,"A0V + B",140285
77102,"15 44 36.50","+80 55 55.8",6.85,"K2",142795
77111,"15 44 42.15","+17 15 51.2",6.15,"A0V",140729
77118,"15 44 48.22","+16 44 14.6",6.99,"K2",140730
77138,"15 44 59.61","-50 47 07.5",6.41,"A3V",140274
77163,"15 45 23.47","+05 26 50.4",5.57,"A1V",140775
77173,"15 45 27.59","-65 44 59.0",6.87,"K1/K2III",140018
77186,"15 45 39.50","+00 53 27.8",6.32,"K0III",140815
77191,"15 45 42.96","-22 45 11.7",6.72,"K1III",140671
77196,"15 45 46.43","-30 02 29.1",6.88,"K2IIICN...",140636
77227,"15 46 05.65","-01 48 14.8",5.39,"B8III",140873
77233,"15 46 11.21","+15 25 18.9",3.65,"A3V",141003
77235,"15 46 12.89","-28 03 41.1",6.49,"F0V",140722
77249,"15 46 24.00","+15 31 36.1",6.7,"A3",141040
77257,"15 46 26.75","+07 21 11.7",4.42,"G0Vvar",141004
77272,"15 46 34.88","+55 28 28.6",5.94,"K3III",141472
77277,"15 46 39.95","+62 35 58.9",5.19,"A2IV",141653
77278,"15 46 40.37","-48 44 12.4",6.76,"B9III",140619
77286,"15 46 44.23","-34 40 56.6",5.61,"B8V",140784
77287,"15 46 45.43","-06 07 13.3",6.24,"K0",140986
77294,"15 46 50.97","-58 07 30.5",6.83,"A4IVs",140504
77315,"15 47 04.47","-35 30 37.0",6.82,"A0V",140817
77335,"15 47 17.23","-00 16 11.5",6.94,"F5",141103
77336,"15 47 17.35","+14 06 55.0",5.71,"A3V",141187
77350,"15 47 25.64","-40 11 38.8",6.41,"G8III/IVp..",140861
77354,"15 47 26.84","+01 32 45.7",6.53,"K0III",141144
77358,"15 47 29.41","-37 54 56.9",6.01,"G6IV",140901
77362,"15 47 31.96","+59 34 07.2",6.53,"K0",141729
77370,"15 47 37.91","+55 22 35.8",5.85,"A3m",141675
77381,"15 47 46.39","+45 43 58.4",6.76,"K2",141525
77390,"15 47 53.10","-65 26 31.9",5.54,"A5",140483
77394,"15 47 56.42","-25 59 13.0",6.98,"A1IV",141063
77397,"15 48 01.79","+31 44 08.6",6.41,"K5",141456
77403,"15 48 06.51","-50 35 23.2",6.7,"A7II",140842
77412,"15 48 13.31","+13 47 21.6",5.98,"K2III",141353
77433,"15 48 24.99","-13 29 57.4",6.94,"K0/K1III",141221
77435,"15 48 26.67","-23 50 02.5",6.71,"A2IV/V",141164
77437,"15 48 28.82","+22 24 56.0",6.85,"K0",141476
77442,"15 48 34.42","+28 09 24.4",5.89,"C0,0 (F8pe)",141527
77450,"15 48 44.41","+18 08 30.4",4.09,"M1III",141477
77454,"15 48 50.42","-52 26 17.6",6.05,"K2/K3III",140979
77455,"15 48 50.49","+12 43 25.1",6.79,"A0",141458
77458,"15 48 52.84","-01 00 04.6",6.81,"K5III",141377
77463,"15 48 56.60","-60 22 04.1",6.65,"F5V",140826
77464,"15 48 56.81","-03 49 06.7",5.53,"A5IV",141378
77506,"15 49 33.97","+12 33 31.1",6.69,"K0",141589
77512,"15 49 35.70","+26 04 06.8",4.59,"G5III-IV",141714
77516,"15 49 37.27","-03 25 48.5",3.54,"A0V",141513
77534,"15 49 52.28","-17 54 07.0",6.82,"F3V",141465
77541,"15 49 57.52","-48 54 44.6",5.86,"A2IV",141194
77562,"15 50 07.11","-53 12 34.8",5.78,"B8V",141168
77574,"15 50 16.28","-45 24 05.9",6.11,"F0V",141296
77577,"15 50 17.48","-49 02 25.1",6.89,"G8III",141257
77578,"15 50 17.53","+02 11 47.8",5.21,"G8III",141680
77606,"15 50 34.91","-26 17 22.4",6.58,"K3III",141554
77622,"15 50 48.89","+04 28 39.3",3.71,"A2m",141795
77634,"15 50 57.54","-33 37 37.6",3.97,"B9.5III-IV",141556
77635,"15 50 58.75","-25 45 04.4",4.63,"B1.5Vn",141637
77645,"15 51 06.81","-55 03 19.9",5.74,"B2II",141318
77652,"15 51 10.09","+52 54 25.2",6.74,"A0...",142282
77655,"15 51 13.94","+35 39 29.6",4.79,"K0III-IV",142091
77660,"15 51 15.65","-03 05 25.5",5.09,"A3Vn",141851
77661,"15 51 15.94","+20 58 40.4",4.74,"K5III",141992
77678,"15 51 31.52","-47 03 38.6",6.0,"K1IV",141544
77689,"15 51 38.41","-14 08 00.8",6.2,"G8III",141853
77729,"15 52 12.89","-29 53 10.8",6.39,"K0III",141832
77730,"15 52 13.17","-45 17 03.7",6.55,"G5II/III",141687
77738,"15 52 16.58","+55 49 35.7",5.81,"G8III:",142531
77760,"15 52 40.19","+42 27 00.0",4.6,"F9V",142373
77771,"15 52 51.31","-50 36 56.9",6.63,"K3III",141724
77782,"15 52 56.15","+17 24 11.4",6.29,"K0",142244
77785,"15 52 56.68","-65 09 09.1",6.54,"A5IV",141413
77801,"15 53 12.19","+13 11 52.8",6.07,"G0IV",142267
77811,"15 53 20.06","-20 10 01.2",5.04,"B3V",142096
77817,"15 53 22.94","-62 36 23.6",6.22,"K3III",141585
77824,"15 53 29.02","+65 17 17.4",6.73,"G5",142961
77835,"15 53 34.86","+16 04 30.0",6.21,"F5II-III",142357
77838,"15 53 36.55","+68 43 12.7",6.76,"F5",143105
77840,"15 53 36.73","-25 19 37.5",4.59,"B2.5Vn",142114
77853,"15 53 49.48","-16 43 46.6",4.13,"K0III",142198
77858,"15 53 53.92","-24 31 59.1",5.38,"B5V",142165
77859,"15 53 55.87","-23 58 40.9",5.41,"B2V",142184
77893,"15 54 25.55","+05 17 38.2",6.87,"K0",142443
77900,"15 54 30.12","-27 20 18.9",6.15,"B7V",142250
77902,"15 54 34.66","+20 18 39.1",5.45,"M0III",142574
77907,"15 54 37.88","+43 08 18.3",5.35,"M3III",142780
77909,"15 54 39.54","-25 14 37.2",5.87,"B8III/IV",142301
77910,"15 54 40.27","+08 34 49.2",6.28,"A7Vn",142500
77911,"15 54 41.60","-22 45 58.3",6.86,"B9V",142315
77927,"15 54 52.64","-60 44 37.1",6.14,"B9II",141913
77939,"15 55 00.37","-19 22 58.4",5.95,"B2/B3V",142378
77942,"15 55 01.06","+75 34 27.5",6.88,"G5",143803
77952,"15 55 08.81","-63 25 47.1",2.83,"F2III",141891
77958,"15 55 16.00","-42 36 18.1",6.68,"F0V",142254
77964,"15 55 20.22","-43 23 30.2",6.92,"A4IV/V",142255
77966,"15 55 21.59","+09 13 24.5",6.9,"K0",142639
77968,"15 55 22.90","-44 31 33.5",6.97,"B8V",142256
77982,"15 55 29.61","-68 36 10.8",5.11,"G6VII",141767
77984,"15 55 30.10","-26 15 57.3",5.63,"A3V",142445
77985,"15 55 30.52","-31 05 01.3",6.21,"K4III",142407
77986,"15 55 30.61","+42 33 58.1",5.73,"B9p",142926
77990,"15 55 32.42","-60 10 38.9",5.78,"Amvar",142049
77995,"15 55 39.86","+18 37 14.8",6.26,"B8III",142763
78003,"15 55 42.27","-08 38 51.0",6.94,"G5",142596
78004,"15 55 43.09","-44 31 56.5",6.83,"B3/B4V",142304
78012,"15 55 47.57","+37 56 48.3",5.43,"F0IV",142908
78017,"15 55 49.66","+58 54 42.2",6.31,"A0V",143187
78024,"15 55 54.64","-02 09 51.3",6.77,"G0...",142661
78045,"15 56 05.96","-60 28 56.3",5.76,"A3V",142139
78046,"15 56 06.84","-39 51 51.6",6.04,"B9V",142448
78058,"15 56 14.00","-31 47 09.2",6.29,"F3/F5V",142542
78059,"15 56 14.41","-14 23 57.2",6.32,"F6V",142640
78072,"15 56 26.99","+15 39 53.0",3.85,"F6V",142860
78078,"15 56 33.33","-14 49 45.7",6.11,"A2Ib/II",142703
78097,"15 56 45.56","+12 28 40.6",6.94,"F2",142910
78104,"15 56 53.09","-29 12 50.4",3.87,"B2IV/V",142669
78105,"15 56 53.48","-33 57 57.7",5.14,"A3V",142629
78106,"15 56 54.11","-33 57 51.0",5.59,"B9V",142630
78117,"15 57 03.95","-48 09 42.9",6.31,"F1IV",142529
78118,"15 57 05.05","-35 55 39.2",6.91,"A3V",142643
78120,"15 57 05.20","-16 02 03.6",6.53,"M1III",142804
78132,"15 57 14.64","+14 24 51.4",5.54,"K1IV",142980
78142,"15 57 21.33","-36 11 07.1",5.78,"K0/K1III+..",142691
78153,"15 57 29.87","+39 41 41.9",6.3,"K0",143209
78159,"15 57 35.30","+26 52 40.9",4.14,"K3III",143107
78168,"15 57 40.47","-20 58 58.9",5.84,"B3V",142883
78180,"15 57 47.59","+54 44 58.2",4.96,"F0IV",143466
78183,"15 57 48.81","-23 31 38.1",6.77,"B8/B9III",142884
78207,"15 58 11.38","-14 16 45.5",4.95,"B8Ia/Iab",142983
78221,"15 58 24.03","-44 04 50.7",6.72,"A2V",142808
78236,"15 58 30.81","-37 30 13.8",6.31,"K0III",142889
78246,"15 58 34.87","-24 49 53.1",5.43,"B5V",142990
78265,"15 58 51.12","-26 06 50.6",2.89,"B1V + B2V",143018
78276,"15 58 57.70","+36 38 37.3",5.61,"K5III",143435
78279,"15 58 58.16","-65 02 15.2",5.74,"B7III",142514
78286,"15 59 04.38","+49 52 52.2",6.04,"F0IV",143584
78306,"15 59 20.31","-33 00 43.7",6.97,"B9IV/V",143051
78323,"15 59 30.30","-41 44 39.8",4.99,"G8III",143009
78333,"15 59 41.30","-07 18 07.3",6.64,"A0",143259
78346,"15 59 50.03","-64 51 14.9",6.89,"M0/M1II",142676
78352,"15 59 52.82","-31 10 06.1",6.57,"K1III+...",143147
78355,"15 59 54.15","-54 01 15.2",6.1,"B5IV",142919
78359,"15 59 55.06","-33 23 07.0",6.83,"A0V",143149
78360,"15 59 55.14","-78 01 37.6",6.4,"F3IV",141846
78367,"15 59 57.84","-40 39 11.1",6.51,"G5Ib",143084
78384,"16 00 07.34","-38 23 47.9",3.42,"B2.5IV",143118
78387,"16 00 11.81","+44 16 46.6",6.78,"K0",143722
78400,"16 00 19.98","-16 31 56.6",5.47,"F7V",143333
78401,"16 00 20.01","-22 37 17.8",2.29,"B0.2IV",143275
78429,"16 00 42.47","+31 34 06.1",6.61,"K0",143687
78434,"16 00 46.89","-72 27 46.1",6.58,"K3III",142497
78435,"16 00 46.89","-39 05 18.2",6.67,"A5mA5-F2",143232
78436,"16 00 47.64","-08 24 40.8",5.53,"A0Vs",143459
78442,"16 00 51.16","+04 25 37.8",5.82,"K0III:",143553
78445,"16 00 53.70","-40 26 08.0",6.21,"A0V",143248
78448,"16 00 54.93","+39 10 39.0",6.74,"A0",143806
78459,"16 01 02.80","+33 18 19.4",5.39,"G2V",143761
78469,"16 01 06.51","-54 34 40.1",6.12,"A7III",143101
78476,"16 01 10.72","-63 46 35.5",6.42,"F8II",142941
78481,"16 01 14.35","+17 49 04.9",5.1,"G8III",143666
78486,"16 01 19.55","-31 53 20.9",6.33,"K4III",143404
78493,"16 01 26.59","+29 51 03.9",4.98,"A0p...",143807
78513,"16 01 41.23","-03 45 48.6",6.87,"F2",143615
78527,"16 01 53.70","+58 33 52.0",4.01,"F8IV-V",144284
78537,"16 02 02.13","+40 01 22.0",6.86,"K0",144015
78540,"16 02 04.49","-51 07 14.6",6.38,"B5V",143321
78541,"16 02 04.85","-36 44 37.9",6.99,"A0V",143488
78542,"16 02 05.56","+52 54 57.6",5.93,"K5III",144204
78547,"16 02 10.36","-42 41 59.3",6.91,"F6V",143463
78553,"16 02 16.06","-73 30 54.8",6.68,"A6III",142678
78554,"16 02 17.69","+22 48 15.8",4.82,"A3V",143894
78562,"16 02 28.59","-56 51 15.0",6.51,"F7V",143306
78574,"16 02 39.23","+47 14 24.7",6.52,"M6e",144205
78575,"16 02 39.40","-29 08 08.8",6.07,"K2/K3III",143619
78592,"16 02 47.85","+46 02 12.7",4.72,"B9III",144206
78603,"16 02 52.53","-62 32 29.5",6.25,"B9.5V",143238
78624,"16 03 03.51","-05 50 04.1",6.97,"K2",143857
78632,"16 03 09.37","+59 24 38.9",6.19,"M1III",144542
78639,"16 03 12.86","-49 13 47.0",4.65,"G8III",143546
78647,"16 03 16.14","-26 43 00.0",6.96,"F7V",143766
78649,"16 03 19.36","+36 37 54.6",5.79,"A2V+...",144208
78650,"16 03 20.67","-25 51 54.5",4.96,"K3III",143787
78655,"16 03 24.20","-38 36 08.9",4.9,"B6III/IV",143699
78661,"16 03 31.40","+76 47 38.0",5.73,"A3V",145622
78662,"16 03 32.22","-57 46 29.5",4.63,"A7IV",143474
78665,"16 03 34.38","-32 00 01.7",6.0,"F5IV/V",143790
78676,"16 03 41.54","+59 05 22.7",6.81,"K0",144654
78685,"16 03 45.71","+04 59 12.5",6.07,"G9III",144046
78690,"16 03 49.85","+17 48 09.8",6.75,"K0",144149
78699,"16 03 54.71","-24 43 34.8",6.22,"K2/K3III",143900
78703,"16 04 00.39","+73 08 53.3",6.85,"F5",145368
78710,"16 04 06.20","-59 10 34.2",6.4,"K1II/III",143548
78722,"16 04 13.50","+34 10 43.5",6.78,"A0",144359
78726,"16 04 17.84","-33 12 49.1",6.1,"F3III",143902
78731,"16 04 21.32","-53 42 37.2",6.46,"B9II/IIIp..",143658
78727,"16 04 21.63","-11 22 24.8",4.16,"F6IV",144069
78742,"16 04 29.59","+00 40 20.7",6.81,"F8",144172
78747,"16 04 36.91","-37 51 45.6",5.91,"F3V",143928
78756,"16 04 44.50","-39 26 04.5",6.95,"Ap SiCr",143939
78761,"16 04 48.95","+70 15 42.0",6.85,"A0",145309
78775,"16 04 57.22","+39 09 23.0",6.66,"G8V",144579
78785,"16 05 02.93","-18 32 21.8",6.74,"F5V",144134
78792,"16 05 08.50","-03 31 39.5",6.87,"A0",144271
78820,"16 05 26.23","-19 48 19.4",2.56,"B0.5V",144217
78821,"16 05 26.58","-19 48 06.6",4.9,"B2V",144218
78840,"16 05 37.93","+08 05 46.5",6.27,"A3m",144426
78849,"16 05 44.53","-06 17 28.1",6.35,"F2IV",144362
78851,"16 05 45.14","+32 14 52.2",6.71,"K5",144682
78858,"16 05 52.27","+09 56 09.3",6.93,"A2",144516
78868,"16 05 55.88","-72 24 03.9",5.7,"K1IIICNII",143346
78870,"16 05 59.83","-06 08 23.1",6.39,"K0",144390
78875,"16 06 02.82","+13 19 15.5",6.8,"K0",144564
78877,"16 06 06.38","-23 36 22.5",5.9,"B8V",144334
78893,"16 06 19.73","+67 48 35.9",5.44,"A0Vn",145454
78914,"16 06 29.42","-45 10 23.8",4.73,"Am",144197
78918,"16 06 35.56","-36 48 08.0",4.22,"B2.5Vn",144294
78933,"16 06 48.43","-20 40 08.9",3.93,"B1V",144470
78946,"16 06 59.57","+47 30 18.1",6.65,"A0",145082
78955,"16 07 03.53","-14 04 16.8",6.32,"G5V",144585
78970,"16 07 16.17","-36 45 19.9",5.72,"F0/F2V",144415
78985,"16 07 22.19","+21 49 21.8",6.15,"K4III",144889
78989,"16 07 24.09","-56 11 27.4",6.16,"F2II",144183
78990,"16 07 24.30","-20 52 07.2",4.31,"G6/G8III",144608
78991,"16 07 25.10","-48 25 20.6",6.61,"A1m...",144316
79000,"16 07 34.73","-36 43 10.8",6.64,"K1III",144475
79005,"16 07 36.44","-12 44 43.2",5.75,"B9V",144708
79007,"16 07 37.55","+09 53 30.3",5.63,"A7V",144874
79031,"16 07 51.90","-24 27 44.2",6.32,"B8IV/V",144661
79044,"16 08 04.39","-36 13 54.4",6.75,"B9V",144591
79043,"16 08 04.55","+17 02 49.2",5.0,"G8III",145001
79045,"16 08 04.97","+17 03 16.0",6.25,"K1III",145000
79046,"16 08 05.12","-58 58 14.5",6.74,"A4V",144263
79047,"16 08 05.73","+10 04 49.8",6.74,"A3",144937
79050,"16 08 07.52","-26 19 36.0",5.35,"M2III",144690
79055,"16 08 10.84","-53 04 44.2",6.86,"K5III",144386
79071,"16 08 27.23","-10 06 07.3",6.69,"F7V...",144892
79072,"16 08 28.08","+08 32 03.6",5.69,"M3.5IIIa",145002
79079,"16 08 32.98","-62 58 54.7",6.88,"Ap...",144231
79081,"16 08 34.57","-39 05 34.1",6.65,"A1/A2III",144667
79086,"16 08 36.53","+08 36 47.7",6.47,"M4III",145050
79098,"16 08 43.73","-23 41 07.3",5.86,"B9V",144844
79101,"16 08 46.20","+44 56 05.3",4.23,"B9MNp...",145389
79102,"16 08 46.64","+17 12 20.6",6.13,"A0Vnn",145122
79119,"16 08 58.33","+36 29 24.4",4.73,"K0III-IV",145328
79120,"16 08 58.90","+03 27 16.0",5.93,"K5III",145085
79125,"16 09 02.92","+57 56 16.1",6.33,"A1V",145674
79133,"16 09 09.05","-56 03 28.6",6.51,"K3III",144534
79134,"16 09 09.35","+50 10 51.0",6.86,"K0",145532
79137,"16 09 11.06","+06 22 49.8",5.93,"K1+...",145148
79152,"16 09 17.65","+41 05 42.1",6.69,"F5",145435
79153,"16 09 18.56","-57 56 03.0",5.57,"B9V",144480
79161,"16 09 23.53","+63 24 27.6",6.86,"A3",145870
79164,"16 09 26.01","+55 49 44.1",6.43,"K0",145694
79173,"16 09 31.76","-32 38 56.2",6.18,"K1III",144927
79187,"16 09 41.41","+00 49 11.6",6.68,"K2",145204
79195,"16 09 50.53","-03 28 00.2",5.39,"K4III",145206
79199,"16 09 52.61","-33 32 44.5",5.5,"B8V",144987
79203,"16 09 55.31","-18 20 25.6",6.43,"F3V",145100
79204,"16 09 56.33","+59 52 18.4",6.76,"A0",145886
79208,"16 09 59.19","-62 58 01.2",6.5,"A3m...",144481
79219,"16 10 03.93","+26 44 33.6",6.57,"K0III",145457
79229,"16 10 09.89","-24 34 56.4",6.64,"A0V",145127
79231,"16 10 12.29","+01 36 04.4",6.61,"K0",145316
79235,"16 10 15.93","-26 54 32.6",6.59,"Ap...",145102
79248,"16 10 24.21","+43 49 06.1",6.61,"K0V",145675
79280,"16 10 49.53","+75 52 39.1",5.48,"B8V",146926
79302,"16 11 02.13","-29 24 57.6",5.09,"K0III",145250
79320,"16 11 17.77","-41 07 10.2",5.86,"F0IV",145191
79322,"16 11 18.87","-45 19 59.8",6.65,"F8V",145158
79332,"16 11 28.74","+16 39 56.4",6.09,"A0V",145647
79337,"16 11 29.75","+09 42 43.4",6.52,"F0IV",145589
79343,"16 11 33.54","-27 09 02.9",6.95,"B9V",145353
79349,"16 11 38.05","+23 29 41.4",5.74,"M4IIIa",145713
79350,"16 11 39.60","+33 20 33.8",6.3,"K2III",145802
79357,"16 11 47.60","+42 22 28.2",5.89,"K4II+...",145931
79358,"16 11 48.06","+36 25 30.6",5.62,"K3III SB",145849
79372,"16 11 57.93","-54 21 10.4",6.53,"B9IV",145110
79374,"16 11 59.74","-19 27 38.3",4.0,"B2IV",145502
79375,"16 12 00.00","-10 03 51.1",4.93,"A3IV",145570
79385,"16 12 06.55","+39 03 20.1",6.39,"K0",145957
79387,"16 12 07.29","-08 32 51.3",5.43,"A4V",145607
79399,"16 12 16.05","-28 25 01.9",5.67,"B9V",145483
79404,"16 12 18.21","-27 55 34.7",4.58,"B2V",145482
79414,"16 12 25.38","+67 08 39.4",6.21,"G8III",146603
79420,"16 12 32.20","+75 12 38.1",6.36,"K2IV",147142
79441,"16 12 45.43","+26 40 14.4",6.48,"F3V",145976
79463,"16 12 56.60","-04 13 14.7",6.26,"A1V",145788
79472,"16 13 07.98","+21 33 58.1",6.69,"A2",146010
79477,"16 13 11.87","-49 53 04.7",6.83,"A0V",145412
79488,"16 13 15.41","+05 01 16.0",5.46,"K5III",145892
79490,"16 13 16.97","-53 40 16.2",6.03,"M0III",145384
79492,"16 13 18.34","+13 31 40.5",6.68,"G8V",145958
79497,"16 13 22.80","-55 32 27.0",5.78,"F2III",145361
79503,"16 13 25.63","-04 03 05.6",6.96,"A5",145876
79509,"16 13 28.73","-54 37 49.5",4.95,"G4III",145397
79522,"16 13 38.63","-01 28 30.5",6.45,"K0",145936
79524,"16 13 40.42","-21 23 59.9",6.68,"G3V",145809
79529,"16 13 45.46","-08 07 04.8",6.84,"K0",145894
79530,"16 13 45.50","-24 25 19.4",6.4,"B6IV",145792
79540,"16 13 50.91","-11 50 15.8",5.24,"K3III",145897
79571,"16 14 07.80","-48 55 57.9",6.75,"K2II/III",145597
79578,"16 14 11.99","-31 39 46.9",6.55,"G1V",145825
79581,"16 14 13.58","+05 54 06.8",6.3,"K2III",146084
79593,"16 14 20.77","-03 41 38.3",2.73,"M1III",146051
79595,"16 14 22.13","+02 38 50.4",6.93,"F5",146102
79596,"16 14 22.37","-33 00 39.8",5.91,"K0III",145838
79599,"16 14 28.89","-21 06 27.2",6.41,"B9V",145964
79601,"16 14 33.47","+73 23 41.3",6.02,"A3V",147321
79605,"16 14 39.30","-18 32 07.2",6.32,"K1III",145997
79607,"16 14 41.04","+33 51 31.8",5.23,"F8V",146361
79608,"16 14 42.25","+07 51 29.7",6.59,"K0",146169
79622,"16 14 53.44","-25 28 36.9",6.06,"B8V",146001
79653,"16 15 15.35","-47 22 18.9",5.13,"B8V",145842
79661,"16 15 23.98","-42 53 57.9",6.14,"K2III",145921
79664,"16 15 26.27","-63 41 08.3",3.86,"G5II",145544
79666,"16 15 28.68","+18 48 29.9",5.72,"K3III",146388
79672,"16 15 37.13","-08 22 05.7",5.49,"G1V",146233
79685,"16 15 47.27","+53 14 12.6",6.95,"F0",146870
79686,"16 15 47.34","+27 25 19.8",6.14,"K2",146537
79689,"16 15 49.81","-57 54 44.0",5.61,"A5III",145782
79692,"16 15 51.49","-14 50 56.8",6.09,"A0III",146254
79716,"16 16 09.01","-43 07 31.8",6.92,"K1III",146057
79724,"16 16 16.73","+23 07 21.9",6.57,"K0",146604
79740,"16 16 26.70","-24 16 55.0",6.7,"B9III/IV",146284
79754,"16 16 43.27","-53 48 40.0",5.45,"M2IV",146003
79757,"16 16 44.77","+29 09 01.1",5.8,"A3V",146738
79765,"16 16 46.47","+40 02 17.9",6.76,"K2",146871
79781,"16 16 55.28","-03 57 12.1",6.18,"A9Vn",146514
79785,"16 16 58.78","-21 18 14.7",6.61,"B9V",146416
79787,"16 16 58.99","-53 41 45.5",6.4,"G5V",146059
79788,"16 16 59.20","-20 06 14.7",6.4,"G8III",146436
79790,"16 17 00.94","-50 04 05.2",4.97,"F9Ia",146143
79797,"16 17 05.48","-67 56 27.9",5.95,"A4V",145689
79804,"16 17 15.34","+59 45 17.9",5.37,"M4IIIa",147232
79812,"16 17 20.97","-53 05 10.6",6.3,"A7V",146145
79822,"16 17 30.50","+75 45 16.9",4.95,"F5V",148048
79834,"16 17 43.37","+01 29 48.2",6.5,"K0",146740
79837,"16 17 45.86","+31 48 13.0",6.84,"G0",146946
79867,"16 18 09.81","+68 33 16.0",6.39,"K0",147662
79881,"16 18 17.92","-28 36 49.6",4.8,"A0V:",146624
79882,"16 18 19.24","-04 41 33.4",3.23,"G8III",146791
79887,"16 18 23.54","-73 02 36.1",6.58,"B9V",145619
79889,"16 18 23.66","+25 53 48.1",6.7,"G8III",147025
79932,"16 18 51.83","-57 53 59.2",6.54,"F8/G0Ib",146323
79938,"16 19 00.43","-14 52 22.2",5.97,"K3IIICNpvar",146850
79945,"16 19 07.71","-20 13 04.9",6.29,"K0III",146834
79948,"16 19 09.42","-06 52 33.9",6.88,"G5",146949
79953,"16 19 11.23","+49 02 17.1",5.93,"K6III",147352
79962,"16 19 17.22","-35 29 26.9",6.63,"F3IV/V",146745
79963,"16 19 17.64","-42 40 26.2",5.44,"A3Vn",146667
79980,"16 19 32.68","-30 54 24.4",5.53,"F5IV",146836
79992,"16 19 44.45","+46 18 47.8",3.91,"B5IV",147394
80000,"16 19 50.57","-50 09 19.4",4.01,"G8III",146686
80008,"16 19 55.24","+39 42 30.9",5.48,"F3IV-V",147365
80017,"16 20 00.48","-64 38 55.4",6.7,"B9/B9.5V",146349
80021,"16 20 04.29","+21 07 57.9",6.04,"G8II",147266
80035,"16 20 14.61","-39 37 48.2",6.89,"K1III",146906
80042,"16 20 18.22","+36 58 32.3",6.57,"M0",147395
80047,"16 20 20.84","-78 41 44.4",4.68,"M5III",145366
80051,"16 20 24.56","+52 02 20.6",6.63,"A2",147608
80054,"16 20 25.23","-55 08 22.8",5.76,"G6III",146690
80057,"16 20 26.86","-78 40 02.7",5.27,"K3III",145388
80060,"16 20 28.24","-12 54 40.0",6.56,"F0III/IV",147135
80066,"16 20 32.63","-39 25 48.8",6.11,"B9V",146954
80079,"16 20 38.18","-24 10 09.4",4.55,"A4II/III",147084
80085,"16 20 43.29","-21 50 26.3",6.8,"K5III",147119
80111,"16 21 10.72","+22 14 23.5",6.91,"K2",147430
80112,"16 21 11.32","-25 35 33.9",2.9,"B1III",147165
80142,"16 21 27.04","-48 11 18.8",6.51,"B7V",147001
80149,"16 21 34.88","+00 04 36.9",6.85,"K0",147370
80151,"16 21 36.94","-51 45 03.2",6.87,"K2IIICN...",146981
80152,"16 21 37.50","-71 52 25.8",6.71,"A0V",146310
80161,"16 21 48.74","+69 06 33.9",5.26,"K2III",148293
80170,"16 21 55.24","+19 09 10.9",3.74,"A9III",147547
80179,"16 22 04.44","+01 01 44.1",4.82,"F0V",147449
80181,"16 22 05.89","+30 53 30.2",4.86,"K0III",147677
80197,"16 22 21.42","+33 47 56.9",5.2,"M2III",147749
80208,"16 22 28.01","-49 34 20.2",5.32,"B6IV",147152
80212,"16 22 29.07","-43 54 43.3",5.89,"G2Ib",147225
80214,"16 22 29.22","+33 42 12.1",5.4,"K5III",147767
80227,"16 22 38.91","-02 04 47.5",6.24,"B9V",147550
80240,"16 22 53.58","-17 01 08.9",6.87,"F0V",147473
80241,"16 22 54.16","-75 58 28.7",6.86,"K4III",146190
80244,"16 22 54.83","-66 53 14.3",6.75,"B8/B9II/III",146827
80247,"16 22 56.48","+32 19 58.9",6.41,"A4Vn",147835
80267,"16 23 07.66","-37 25 28.1",6.77,"K2/K3III",147371
80309,"16 23 47.19","+61 41 47.0",5.67,"G8III",148374
80324,"16 23 56.72","-33 11 57.6",6.45,"A0V+...",147553
80331,"16 23 59.51","+61 30 50.7",2.73,"G8III",148387
80337,"16 24 01.24","-39 11 34.8",5.37,"G3/G5V",147513
80343,"16 24 06.20","-20 02 14.0",4.48,"K0III",147700
80351,"16 24 10.83","+06 56 53.4",5.83,"A2sp...",147869
80364,"16 24 17.45","+55 19 57.9",6.93,"F8",148329
80372,"16 24 24.13","+10 15 15.7",6.93,"K5",147928
80375,"16 24 25.33","+55 12 18.2",5.75,"A2svar...",148330
80379,"16 24 26.40","+52 17 21.7",6.84,"A0",148281
80390,"16 24 31.77","-37 33 57.5",5.42,"B8V",147628
80399,"16 24 39.73","-29 42 16.1",5.4,"G0",147722
80421,"16 24 54.14","-45 20 58.1",6.32,"A2/A3V",147614
80455,"16 25 22.15","-63 07 30.9",6.14,"A1V",147349
80460,"16 25 24.17","+37 23 38.7",5.53,"A5V",148283
80461,"16 25 24.29","-23 27 36.6",6.75,"B3/B4V",147888
80463,"16 25 24.93","+14 02 00.3",4.57,"B9p Cr",148112
80473,"16 25 35.12","-23 26 49.6",4.57,"B2V",147933
80479,"16 25 40.69","+09 22 14.3",6.73,"K2",148148
80480,"16 25 43.53","+78 57 49.0",5.55,"F0V",149681
80514,"16 26 11.41","+11 24 26.9",6.11,"G8III",148228
80527,"16 26 21.21","+02 30 28.1",6.66,"A0",148207
80528,"16 26 21.47","+40 48 34.6",6.9,"K0",148434
80538,"16 26 32.08","+47 57 26.3",6.51,"K0",148543
80543,"16 26 39.21","+15 58 21.5",6.7,"G0III",148317
80546,"16 26 41.20","+09 16 22.5",6.66,"K0",148297
80548,"16 26 43.30","+10 59 26.2",6.68,"M4III",148296
80558,"16 26 50.06","+02 20 52.7",6.06,"G8III",148287
80567,"16 27 00.82","-82 33 35.5",6.8,"K0III",145621
80569,"16 27 01.44","-18 27 22.3",4.22,"B2Vne",148184
80579,"16 27 10.13","-47 32 56.7",6.69,"A",147970
80582,"16 27 11.05","-47 33 17.0",4.46,"B4V",147971
80606,"16 27 29.57","-69 19 33.5",6.68,"B9IV",147465
80610,"16 27 32.27","+02 52 14.4",6.35,"K5",148390
80620,"16 27 43.46","-07 35 51.2",5.24,"M2 comp",148349
80628,"16 27 48.23","-08 22 18.1",4.62,"A3m",148367
80641,"16 27 54.65","+25 59 03.5",6.88,"A3",148554
80645,"16 27 57.27","-64 03 28.8",5.28,"F4IV",147787
80648,"16 27 57.71","+32 41 58.1",6.87,"K0",148616
80650,"16 27 59.05","+68 46 05.0",4.94,"A0III",149212
80672,"16 28 14.46","-37 10 47.3",5.79,"K1IIICN...",148247
80673,"16 28 15.07","-25 27 14.5",6.97,"A1m...",148321
80675,"16 28 15.18","-58 35 59.0",5.67,"B9III",147977
80682,"16 28 21.17","+67 02 38.4",6.45,"M0",149198
80686,"16 28 27.80","-70 05 04.8",4.9,"F9V",147584
80687,"16 28 28.17","-13 23 58.7",6.89,"K0III/IV",148427
80693,"16 28 33.98","+00 39 54.6",5.41,"K4IIIp",148513
80695,"16 28 34.28","+01 35 12.8",6.93,"K0",148512
80704,"16 28 38.52","+41 52 54.1",4.83,"M6III:var",148783
80708,"16 28 42.35","+00 03 18.3",6.46,"K5",148531
80710,"16 28 43.41","+51 24 27.8",6.31,"G9III",148880
80719,"16 28 48.99","-08 07 43.2",6.49,"F2V",148515
80725,"16 28 52.88","+18 24 47.2",6.98,"K2V",148653
80763,"16 29 24.47","-26 25 55.0",1.06,"M1Ib + B2.5V",148478
80782,"16 29 42.33","-46 14 35.6",5.35,"B1.5Iap",148379
80788,"16 29 45.22","-57 45 22.7",6.09,"G8Ib",148218
80791,"16 29 46.70","+07 44 56.2",6.85,"K0",148710
80793,"16 29 46.90","-14 33 03.2",5.66,"G5III/IV",148604
80795,"16 29 48.48","-11 07 46.3",6.9,"B9",148632
80797,"16 29 51.11","+05 58 14.8",6.9,"F5",148711
80809,"16 30 06.08","+48 57 40.4",6.44,"A1V",149081
80815,"16 30 12.48","-25 06 54.6",4.79,"B3V",148605
80816,"16 30 13.26","+21 29 22.7",2.78,"G8III",148856
80818,"16 30 15.04","+47 57 11.0",6.98,"G0V",149105
80819,"16 30 15.68","-27 54 58.4",6.89,"B8V",148594
80839,"16 30 29.73","+33 45 02.9",6.97,"K0",148995
80840,"16 30 30.02","-07 30 52.0",6.46,"A7Ib",148743
80843,"16 30 33.60","+20 28 45.6",5.24,"G8p",148897
80850,"16 30 39.08","+77 26 45.1",6.35,"K1III",150275
80874,"16 30 49.37","-61 38 00.5",5.19,"K0II/IIICN.",148291
80883,"16 30 54.84","+01 59 02.8",3.82,"A2V",148857
80888,"16 31 02.79","+35 13 30.4",6.25,"K5",149084
80894,"16 31 08.39","-16 36 45.5",4.29,"G8/K0III",148786
80895,"16 31 10.76","-34 19 58.1",6.94,"G8III",148672
80898,"16 31 13.44","+22 11 43.6",5.76,"K5III",149009
80907,"16 31 21.18","+01 18 31.4",6.79,"K0",148912
80910,"16 31 22.87","-26 32 15.2",6.07,"K1III",148760
80911,"16 31 22.94","-34 42 15.6",4.24,"B2III-IV",148703
80920,"16 31 28.30","+72 36 43.9",6.27,"K2III",150010
80926,"16 31 30.60","+08 17 38.1",6.97,"G5",148979
80945,"16 31 41.77","-41 49 01.7",5.31,"B1Ia",148688
80948,"16 31 44.58","-64 28 24.1",6.61,"B9III",148359
80953,"16 31 47.23","+45 35 53.5",5.61,"A4Vn",149303
80964,"16 31 56.47","+09 24 52.3",6.51,"F2",149059
80974,"16 32 08.10","-12 25 53.8",6.98,"A0V",148968
80975,"16 32 08.19","-21 27 59.3",4.45,"Ap",148898
80991,"16 32 25.66","+60 49 24.0",5.92,"A2V",149650
81007,"16 32 35.68","+05 31 16.4",5.63,"B9.5III",149121
81008,"16 32 36.40","+11 29 17.6",4.84,"K4III",149161
81027,"16 32 55.73","-10 33 45.1",6.84,"A5",149108
81028,"16 32 56.73","+50 08 31.8",6.82,"G5",149522
81065,"16 33 27.46","-78 53 49.1",3.86,"K0IV SB",147675
81066,"16 33 29.15","+30 29 56.7",6.87,"F0III",149420
81073,"16 33 34.03","+10 22 08.7",6.74,"A3",149305
81077,"16 33 34.85","-62 07 17.4",6.94,"K0III",148679
81079,"16 33 35.92","-53 12 00.4",6.59,"G6III",148852
81085,"16 33 41.85","+38 05 27.1",6.59,"F5",149504
81095,"16 33 50.35","+13 23 41.5",6.92,"K0",149381
81100,"16 33 52.39","-48 06 40.4",6.73,"O6e",148937
81113,"16 33 59.18","+52 14 16.6",6.84,"K0",149718
81122,"16 34 05.02","-44 02 43.1",4.86,"B0Ia",149038
81125,"16 34 06.06","-48 27 41.4",6.92,"A7III",148974
81126,"16 34 06.19","+42 26 12.8",4.2,"B9Vvar",149630
81141,"16 34 19.37","-70 59 17.0",5.5,"K1IIICN...",148488
81150,"16 34 27.71","+08 40 26.4",6.85,"K0",149433
81198,"16 35 07.77","-45 14 39.2",6.43,"K2/K3III",149174
81208,"16 35 13.85","-35 43 28.5",6.63,"B9V",149274
81219,"16 35 21.31","+77 45 18.7",6.89,"F8",151043
81231,"16 35 26.29","+17 03 26.4",6.42,"A2V",149632
81252,"16 35 44.77","-65 29 43.2",5.5,"G8/K0III",148890
81259,"16 35 49.38","-71 53 39.0",6.52,"A0V",148650
81266,"16 35 52.96","-28 12 57.5",2.82,"B0V",149438
81289,"16 36 11.21","+46 36 48.0",5.83,"G8II",150030
81290,"16 36 11.43","+52 53 59.9",5.53,"B9.5Vn",150100
81292,"16 36 13.73","+52 55 27.7",5.07,"B9V",150117
81300,"16 36 21.18","-02 19 25.8",5.77,"K2V",149661
81303,"16 36 22.34","+33 49 18.4",6.95,"K0",149930
81304,"16 36 22.46","-35 15 19.3",4.18,"K5III",149447
81305,"16 36 22.57","-42 51 31.9",5.46,"O9Ia",149404
81318,"16 36 31.42","-08 51 14.4",6.88,"F2",149662
81335,"16 36 41.47","-35 54 59.0",6.89,"F2V",149481
81337,"16 36 42.95","+15 29 51.1",6.36,"B9sp...",149822
81357,"16 36 53.87","+22 52 05.7",6.87,"K0III",149907
81358,"16 36 54.99","+63 04 22.9",6.17,"K5",150429
81376,"16 37 08.51","-52 22 53.9",6.84,"M2/M3III",149401
81377,"16 37 09.53","-10 34 01.7",2.54,"O9.5V",149757
81404,"16 37 33.76","+05 16 39.2",6.48,"K0",149908
81425,"16 37 48.03","+13 41 13.9",6.3,"F5III-IV",150012
81426,"16 37 49.01","+27 02 38.1",6.96,"M2III",150102
81428,"16 37 52.81","+78 55 06.8",6.33,"G9III",151623
81434,"16 37 59.73","-46 09 16.7",6.62,"K4III",149609
81437,"16 38 00.46","+56 00 55.4",5.28,"K1III",150449
81440,"16 38 01.56","-06 32 16.8",6.05,"A0pe...",149911
81445,"16 38 04.05","+39 34 38.5",6.74,"K0",150255
81451,"16 38 09.75","+61 10 20.4",6.91,"K5",150578
81472,"16 38 26.30","-43 23 54.2",5.83,"B2.5IV",149711
81474,"16 38 28.66","-18 13 13.5",6.73,"B9.5IV",149914
81477,"16 38 30.95","-39 09 08.2",6.93,"Ap Si",149764
81483,"16 38 32.54","+48 51 44.4",6.56,"M...",150409
81484,"16 38 33.54","-01 13 53.4",6.73,"K0",150050
81486,"16 38 34.75","-18 49 32.4",6.97,"K0III",149934
81497,"16 38 44.89","+48 55 41.8",4.86,"M2.5III",150450
81499,"16 38 47.73","-08 37 06.9",6.44,"K5",150052
81507,"16 38 52.71","-60 59 25.1",6.16,"B8Vn",149485
81523,"16 39 05.24","-37 13 02.1",5.93,"B9.5V+...",149886
81555,"16 39 21.97","+22 00 22.3",6.76,"K0",150304
81580,"16 39 39.12","-09 33 15.2",6.33,"F3V",150177
81589,"16 39 44.74","-56 59 39.8",6.73,"B9IV/V",149730
81608,"16 40 01.81","-06 04 51.7",6.72,"F8",150258
81616,"16 40 10.66","-28 56 24.2",6.89,"K5III",150126
81620,"16 40 12.92","-33 44 36.8",6.55,"G8Ib",150090
81632,"16 40 34.51","-20 24 31.4",6.25,"K0III",150259
81634,"16 40 35.15","+04 12 26.0",6.92,"A3IV",150379
81639,"16 40 37.85","-35 41 13.8",6.64,"B5III",150151
81641,"16 40 38.69","+04 13 11.3",5.77,"A1V",150378
81646,"16 40 42.51","+72 40 17.9",6.98,"M2",151481
81650,"16 40 44.39","-51 28 42.9",6.3,"A9V",149989
81653,"16 40 47.40","-72 17 58.8",6.53,"G8III",149392
81657,"16 40 50.41","-60 26 46.6",6.17,"F2III-IV",149837
81659,"16 40 51.36","+12 23 42.2",6.08,"A3Vn",150483
81660,"16 40 55.12","+64 35 20.7",4.84,"K1p",151101
81663,"16 40 56.42","-08 18 34.7",6.47,"K0",150381
81670,"16 41 00.60","+24 51 31.3",6.07,"K2",150580
81680,"16 41 07.81","-11 50 18.8",6.85,"K5",150382
81687,"16 41 11.53","-01 00 01.0",6.25,"A7III",150451
81691,"16 41 16.74","+01 14 43.7",6.4,"K0",150493
81693,"16 41 17.48","+31 36 06.8",2.81,"F9IV",150680
81695,"16 41 18.65","-18 03 33.8",6.68,"A3III",150365
81696,"16 41 19.44","-48 45 47.5",6.87,"O7V",150135
81702,"16 41 20.42","-48 45 46.7",5.57,"O5",150136
81710,"16 41 23.13","-68 17 45.9",5.89,"B7IV",149671
81717,"16 41 30.20","+04 52 18.8",6.96,"A0",150525
81724,"16 41 34.40","-17 44 31.8",4.91,"G8II/III",150416
81728,"16 41 36.21","-24 28 04.6",6.07,"A7III",150366
81729,"16 41 36.70","+26 55 01.2",5.92,"F2III",150682
81731,"16 41 37.55","-27 48 34.5",6.52,"K1IIICN...",150367
81733,"16 41 40.23","-49 39 05.6",5.62,"B1II",150168
81734,"16 41 42.54","+01 10 52.0",5.74,"F2.7III-IV",150557
81741,"16 41 45.50","-33 08 44.2",5.84,"G1II",150331
81754,"16 41 53.67","-19 55 28.1",5.55,"F3V",150453
81757,"16 41 57.22","+73 53 14.3",6.82,"A2",151746
81800,"16 42 27.69","+49 56 12.1",6.48,"F8V",151044
81803,"16 42 29.11","-37 04 44.9",6.47,"G3III",150420
81814,"16 42 38.99","-61 47 06.0",6.57,"G3III",150085
81823,"16 42 48.42","-62 33 14.1",6.23,"K3III",150097
81830,"16 42 52.80","-79 01 27.3",6.73,"K3III",149057
81833,"16 42 53.74","+38 55 20.9",3.48,"G8III-IV",150997
81840,"16 42 58.40","+55 41 23.7",6.18,"A2p...",151199
81847,"16 43 03.57","-46 04 13.0",6.22,"F5Iab",150421
81848,"16 43 04.22","+36 30 34.6",6.86,"K2",150998
81852,"16 43 05.42","-77 30 59.7",4.23,"K0III",149324
81854,"16 43 06.14","+77 30 48.5",5.99,"F4V",152303
81873,"16 43 22.11","-67 25 56.3",6.02,"A0Vn",150026
81891,"16 43 38.73","-32 06 21.2",6.46,"B8V",150638
81903,"16 43 45.70","-41 07 08.9",6.21,"A4V",150573
81904,"16 43 47.60","-38 09 22.5",6.05,"B9II/III",150608
81910,"16 43 51.45","-26 48 31.3",6.72,"G2/G3V",150698
81911,"16 43 51.74","+34 02 19.2",6.02,"F2.5III-IV",151087
81914,"16 43 54.09","-41 06 47.9",6.14,"B6/B7V",150591
81933,"16 44 10.57","+23 31 02.8",6.87,"F5III",151070
81939,"16 44 17.40","-27 27 22.4",6.58,"A2V",150768
81966,"16 44 39.75","-53 09 08.2",5.96,"G8III",150576
81972,"16 44 42.60","-40 50 22.6",5.64,"B3V",150742
81991,"16 45 00.11","+06 05 19.6",6.55,"G5",151090
81992,"16 45 00.21","-28 30 34.8",5.99,"A3IV",150894
82007,"16 45 08.68","-23 11 02.3",6.98,"F3V",150937
82011,"16 45 11.45","-03 05 05.7",6.95,"M6III",151061
82012,"16 45 11.80","+43 13 02.3",6.07,"K4III",151388
82020,"16 45 17.79","+56 46 54.1",4.84,"F2V",151613
82022,"16 45 19.02","-30 48 24.3",6.99,"K2III/IV",150924
82028,"16 45 22.51","+15 44 43.5",5.6,"M3III",151203
82037,"16 45 29.68","+01 01 12.5",6.02,"B9.5III",151133
82038,"16 45 30.18","-19 08 12.9",6.6,"K5II",151011
82051,"16 45 38.13","+55 18 50.5",6.96,"F2",151669
82073,"16 45 49.89","+08 34 57.3",5.15,"K5III",151217
82076,"16 45 53.66","-83 14 23.4",6.58,"K4III",148527
82078,"16 45 56.95","-67 45 00.4",6.88,"A3IV/V",150408
82079,"16 45 56.97","-61 39 48.3",6.83,"A0V",150596
82080,"16 45 58.16","+82 02 14.1",4.21,"G5IIIvar",153751
82091,"16 46 06.38","-46 31 54.9",6.47,"A1V",150897
82110,"16 46 21.23","-58 30 12.8",5.74,"B2IV-V",150745
82129,"16 46 40.01","-67 06 34.8",5.1,"Ap",150549
82135,"16 46 47.97","-39 22 36.8",5.48,"K0III",151078
82140,"16 46 51.35","-25 31 42.7",6.72,"K0II",151179
82142,"16 46 53.02","+02 14 32.6",6.72,"F0",151372
82147,"16 46 55.53","-68 06 07.4",6.53,"A1III",150550
82154,"16 47 01.69","-39 32 01.8",6.92,"B9IV/V",151109
82162,"16 47 09.76","+02 03 52.4",6.07,"A3V",151431
82166,"16 47 15.94","+63 31 52.9",6.8,"K5",152124
82171,"16 47 19.66","-58 20 29.0",5.55,"B0Iab",150898
82172,"16 47 19.74","+42 14 20.3",5.86,"M4IIIa",151732
82204,"16 47 38.26","+79 30 13.1",6.83,"K0",153372
82216,"16 47 46.43","+05 14 48.6",5.22,"B9p (Cr)",151525
82238,"16 48 05.54","-45 56 41.5",6.69,"A7IV",151196
82241,"16 48 08.87","+13 35 25.2",6.38,"G5III",151627
82254,"16 48 24.66","-31 12 13.0",6.82,"B4V",151395
82259,"16 48 26.99","-14 54 33.8",6.03,"A0IV/V",151527
82273,"16 48 39.87","-69 01 39.5",1.91,"K2IIb-IIIa",150798
82280,"16 48 43.26","-67 04 59.7",6.9,"K5III",150869
82292,"16 48 53.77","-52 56 26.9",6.74,"B8IV",151231
82310,"16 49 04.23","+34 57 22.4",6.92,"K0",151935
82316,"16 49 09.60","+12 54 32.9",6.64,"K0",151796
82321,"16 49 14.20","+45 59 00.4",4.82,"A2p...",152107
82324,"16 49 15.32","+29 57 52.3",6.59,"K1II-III",151937
82339,"16 49 27.67","-15 40 04.8",6.18,"A3V",151676
82347,"16 49 33.25","-31 39 04.9",6.81,"K0III",151579
82350,"16 49 34.67","+13 15 40.3",5.91,"A1V",151862
82355,"16 49 40.57","+43 25 49.7",6.18,"K0IV",152153
82363,"16 49 47.11","-59 02 28.7",3.77,"K5III",151249
82369,"16 49 49.97","-10 46 58.1",4.64,"F7IV",151769
82372,"16 49 57.19","+15 22 37.4",6.98,"F6V",151939
82373,"16 49 58.14","+09 25 16.7",6.91,"G5",151879
82375,"16 49 59.42","+46 38 56.3",6.9,"K2",152238
82396,"16 50 10.24","-34 17 33.4",2.29,"K2IIIb",151680
82402,"16 50 19.35","+07 14 51.7",5.48,"A3m",151956
82405,"16 50 22.25","-02 39 15.3",6.32,"F1III-IV",151900
82418,"16 50 36.09","-50 02 41.8",6.45,"A5+...",151566
82419,"16 50 36.15","+41 53 46.8",6.29,"K3III:",152262
82422,"16 50 38.96","+29 48 23.6",5.73,"M1III",152173
82426,"16 50 43.13","+32 33 12.8",6.16,"K0III",152224
82453,"16 51 00.04","-37 30 52.1",6.1,"B8II/III",151771
82460,"16 51 07.41","+09 24 16.6",6.68,"F6IV",152113
82480,"16 51 24.94","+01 12 57.5",5.51,"A2Vs",152127
82493,"16 51 33.72","-41 13 49.9",5.23,"O9e",151804
82503,"16 51 45.01","-73 43 21.3",6.76,"B8/B9V",150995
82504,"16 51 45.26","+24 39 23.1",5.03,"K2II-III",152326
82505,"16 51 45.44","+20 34 26.4",6.88,"K0",152307
82510,"16 51 50.10","+28 39 58.7",6.62,"F6V",152380
82514,"16 51 52.24","-38 02 50.4",3.0,"B1.5IV + B",151890
82517,"16 51 53.88","-65 22 31.5",6.12,"B8II/III",151441
82526,"16 52 04.84","+14 58 27.1",6.51,"B9.5p (Cr)",152308
82527,"16 52 07.74","-02 47 54.0",6.96,"A0",152210
82538,"16 52 16.07","-25 36 02.1",6.91,"A0V",152071
82539,"16 52 17.78","-67 40 53.4",6.33,"K2III",151404
82543,"16 52 19.25","-41 51 16.2",6.36,"WN...",151932
82545,"16 52 20.15","-38 01 02.9",3.56,"B2IV",151985
82554,"16 52 27.42","-40 43 23.2",6.35,"B9p Si",151965
82565,"16 52 36.06","-37 35 57.6",6.71,"G6III",152040
82568,"16 52 41.12","+18 03 43.9",6.81,"F8IV",152446
82580,"16 52 55.14","+75 23 34.2",6.82,"F0",153720
82587,"16 52 58.12","+31 42 06.2",5.34,"F0V",152598
82588,"16 52 59.22","-00 01 22.1",6.65,"G8V",152391
82604,"16 53 13.40","+10 52 28.2",6.92,"K5",152482
82611,"16 53 17.59","+47 24 59.4",5.99,"K2III",152812
82621,"16 53 25.26","-20 24 55.8",5.86,"G5IV",152311
82636,"16 53 32.23","+42 49 32.3",6.81,"G0V",152792
82650,"16 53 42.44","-43 03 03.2",5.95,"M3II/III",152161
82669,"16 53 58.85","-41 59 39.6",6.28,"B1Ia",152235
82671,"16 53 59.73","-42 21 43.3",4.7,"B1Iae",152236
82672,"16 54 00.40","-57 54 33.2",5.91,"M0III",151967
82673,"16 54 00.50","+10 09 55.6",4.39,"B8V",152614
82676,"16 54 01.84","-41 48 23.0",5.46,"B0.5Ia",152234
82678,"16 54 02.54","-54 26 17.8",6.93,"B7II",152046
82691,"16 54 10.06","-41 49 30.1",6.07,"O7e",152248
82693,"16 54 10.60","-01 36 43.6",6.25,"F0V",152569
82702,"16 54 18.78","+46 32 20.7",6.86,"A2",152951
82706,"16 54 19.70","-41 49 11.5",6.61,"WC+...",152270
82716,"16 54 26.94","-42 28 44.0",5.84,"F5Ib-II",152293
82718,"16 54 28.51","+70 27 50.7",6.99,"A2",153596
82723,"16 54 31.55","-49 42 38.8",6.49,"K1II",152220
82729,"16 54 35.11","-42 21 38.7",3.62,"K4III",152334
82730,"16 54 35.71","-06 09 14.1",5.23,"K2III",152601
82731,"16 54 35.94","-30 35 14.4",6.34,"A5IIIm...",152431
82737,"16 54 40.22","-11 47 32.8",6.57,"A2IV",152585
82758,"16 54 50.82","-23 30 44.2",6.76,"G8IIICN...",152534
82764,"16 54 55.14","+20 57 30.5",5.39,"G8III",152815
82775,"16 54 58.51","-41 09 03.1",5.78,"O8Iab+...",152408
82780,"16 55 02.15","+25 43 50.6",6.06,"G5III",152863
82783,"16 55 03.33","-42 05 27.0",6.3,"O9Ia",152424
82790,"16 55 07.92","-06 39 03.4",6.82,"K0",152677
82792,"16 55 08.69","-31 24 08.9",6.72,"A0/A1V",152521
82798,"16 55 15.97","+13 37 12.0",6.35,"F5II",152830
82802,"16 55 22.24","+18 25 59.5",5.35,"K4III",152879
82806,"16 55 24.68","-63 16 10.7",5.99,"A0III",152082
82822,"16 55 32.54","-21 34 10.2",6.62,"B9III",152655
82829,"16 55 35.31","-43 18 57.4",6.77,"A1V",152491
82841,"16 55 46.26","+67 28 42.4",6.78,"A0",153680
82855,"16 55 57.74","-33 30 24.8",6.29,"K5III",152636
82860,"16 56 01.36","+65 08 04.8",4.88,"F6Vvar",153597
82861,"16 56 01.79","-16 48 22.8",6.33,"K0/K1III/IV",152781
82867,"16 56 06.44","+50 02 20.1",6.6,"M2III",153299
82868,"16 56 08.85","-50 40 29.2",6.3,"B3Vnpe",152478
82870,"16 56 09.62","+15 23 01.2",6.58,"K0",152972
82871,"16 56 10.15","+77 39 09.8",6.72,"A0",154528
82876,"16 56 15.03","-40 39 35.8",6.7,"O7",152623
82879,"16 56 16.72","-61 38 26.1",6.78,"A0IIIp: (Si)",152273
82880,"16 56 16.74","+73 07 40.5",6.29,"F0V",154099
82891,"16 56 21.93","+62 22 11.5",6.9,"A0",153598
82894,"16 56 24.14","+80 51 34.4",6.64,"G5",155153
82898,"16 56 25.32","+65 02 20.6",6.4,"F1V",153697
82902,"16 56 28.80","-52 17 01.1",5.94,"A0III",152527
82911,"16 56 35.98","-40 49 24.4",6.18,"B0.5Ia",152667
82912,"16 56 37.85","-30 34 48.1",6.97,"M6IIIe",152783
82918,"16 56 39.66","+14 08 24.7",6.77,"K0",153064
82925,"16 56 48.04","-23 09 01.2",5.57,"A0V",152849
82944,"16 57 01.06","-71 06 41.6",6.46,"A5IV/V",152010
82951,"16 57 03.99","-19 32 23.4",6.27,"B7/8III",152909
82960,"16 57 11.17","-33 15 34.1",5.48,"K5III",152820
82971,"16 57 20.27","+06 12 40.7",6.73,"K0",153113
82979,"16 57 26.00","-10 57 47.4",6.15,"G8III-IV",153021
82985,"16 57 29.92","-60 36 00.3",6.52,"B5III",152511
82987,"16 57 31.04","+25 21 10.1",6.27,"G5III:",153287
82989,"16 57 32.09","+13 53 02.2",6.38,"K0V",153226
83000,"16 57 40.27","+09 22 30.2",3.19,"K2IIIvar",153210
83007,"16 57 42.30","+24 22 52.7",6.35,"K0III",153312
83013,"16 57 50.19","+42 30 45.2",6.36,"K3III",153472
83014,"16 57 50.22","-39 06 56.6",6.59,"M1III",152885
83053,"16 58 15.52","-65 12 15.9",6.53,"Fm...",152493
83057,"16 58 17.95","-50 38 27.9",5.53,"B9IV",152824
83081,"16 58 37.23","-55 59 24.2",3.12,"K5III",152786
83083,"16 58 37.94","+15 27 14.5",6.89,"F8V",153376
83090,"16 58 41.56","-14 52 10.6",6.48,"F3IV/V",153229
83100,"16 58 52.25","-37 37 13.5",6.05,"A3III",153072
83114,"16 59 02.57","+69 11 10.9",6.41,"K0",154319
83116,"16 59 05.57","-48 52 30.5",6.64,"A5IIIs",152966
83138,"16 59 21.57","+56 41 18.6",6.04,"K1III:",153956
83150,"16 59 33.98","-69 16 05.3",5.79,"Ap Si",152564
83153,"16 59 35.05","-53 09 37.8",4.06,"K4III",152980
83163,"16 59 44.33","-18 14 52.8",6.63,"G0V",153361
83168,"16 59 50.09","+58 27 45.2",6.87,"A3",154081
83173,"16 59 54.72","-73 25 20.8",6.72,"B9III",152339
83176,"16 59 57.70","-25 05 31.8",5.88,"M1/M2III",153336
83187,"17 00 06.29","-54 35 49.2",5.64,"A3V",153053
83196,"17 00 09.48","-24 59 20.2",5.74,"F3V",153363
83202,"17 00 14.26","-44 59 18.5",6.5,"F3V",153234
83207,"17 00 17.41","+30 55 34.8",3.92,"A0V",153808
83216,"17 00 26.98","-48 38 51.2",5.98,"G5IV",153221
83218,"17 00 27.60","+75 13 30.9",6.98,"F2",154955
83223,"17 00 29.38","+06 35 01.7",6.57,"A7V",153653
83229,"17 00 31.82","-57 17 47.0",6.99,"G0V",153075
83230,"17 00 32.36","-45 27 06.3",6.58,"K4III",153258
83235,"17 00 36.99","-35 56 02.3",5.95,"K2IIICN...",153368
83247,"17 00 54.73","-76 13 06.0",6.93,"G0IV/V",152260
83254,"17 00 58.14","+22 37 55.7",5.69,"K3III",153834
83255,"17 00 58.44","-86 21 51.5",6.05,"A2V",148542
83262,"17 01 03.63","-04 13 20.8",4.82,"K4III",153687
83269,"17 01 07.03","-56 33 18.1",6.4,"Ap...",153201
83274,"17 01 09.63","+27 11 48.0",6.57,"F5V",153897
83285,"17 01 14.21","+52 36 16.1",6.89,"A0",154199
83289,"17 01 16.98","+60 38 55.2",6.16,"K1III",154391
83290,"17 01 18.01","+07 25 43.0",6.78,"K0",153798
83308,"17 01 33.05","+14 56 59.0",6.27,"B9p CrEu",153882
83313,"17 01 36.36","+33 34 05.8",5.27,"A3IV",154029
83317,"17 01 40.08","+75 17 51.6",6.17,"F0IVn",155154
83321,"17 01 46.36","-51 07 51.3",6.43,"A7V",153370
83323,"17 01 47.39","-58 57 29.6",6.26,"B2IVne",153261
83331,"17 01 51.27","-18 53 07.8",6.28,"K1III",153727
83336,"17 01 52.65","-32 08 36.2",5.03,"B8V",153613
83342,"17 01 58.96","+08 27 02.4",6.33,"A4V",153914
83359,"17 02 15.78","+64 36 02.4",6.11,"G5V",154633
83365,"17 02 17.09","+31 53 02.6",6.41,"K0",154126
83367,"17 02 18.66","+25 30 19.4",5.76,"G7III:",154084
83389,"17 02 36.30","+47 04 47.3",6.76,"G8V",154345
83406,"17 02 52.52","-50 09 37.3",6.89,"A0V",153579
83430,"17 03 07.86","+14 05 31.6",4.97,"M3III",154143
83431,"17 03 08.71","-53 14 11.9",5.27,"F6V",153580
83435,"17 03 10.54","+14 30 42.4",6.52,"G5IV:",154160
83438,"17 03 13.20","-48 20 12.7",6.75,"G8III",153678
83448,"17 03 17.94","-31 36 52.6",6.97,"B2II",153855
83459,"17 03 26.16","+34 23 00.5",6.68,"K2",154346
83462,"17 03 30.19","+35 24 51.0",6.19,"M4III",154356
83478,"17 03 39.31","+13 36 19.5",5.91,"A1V",154228
83480,"17 03 41.46","-00 08 45.3",6.7,"A2",154145
83481,"17 03 41.68","-47 09 38.1",6.07,"A2/A3V",153791
83491,"17 03 50.87","-38 09 09.0",5.91,"F3V",153890
83493,"17 03 52.67","+19 41 25.8",6.35,"A...",154301
83494,"17 03 53.62","+34 47 24.9",6.08,"A5V",154431
83499,"17 03 56.77","-37 50 39.0",6.48,"O5f",153919
83504,"17 03 58.03","+13 34 03.9",6.06,"K1III",154278
83508,"17 04 00.82","-25 41 52.6",6.66,"B9IV/V",154021
83535,"17 04 24.73","-57 42 43.6",5.73,"B5IV",153716
83541,"17 04 27.79","-28 34 55.3",6.59,"K1V",154088
83545,"17 04 29.58","-12 40 33.6",6.91,"K0III",154202
83555,"17 04 33.35","-11 05 18.4",6.91,"K0",154212
83556,"17 04 33.70","-68 16 43.1",6.47,"M3/M4III",153389
83565,"17 04 41.34","+19 35 56.8",6.19,"B9.5V",154441
83566,"17 04 43.53","-25 38 42.5",6.6,"A9III/IV",154132
83567,"17 04 45.33","-20 29 40.7",6.29,"B7IV/V",154204
83574,"17 04 49.35","-34 07 22.5",4.83,"B2Iab",154090
83575,"17 04 49.75","+48 48 14.9",6.11,"K1III",154732
83593,"17 05 04.94","+43 48 44.1",6.45,"A3IV",154713
83594,"17 05 05.39","-45 30 07.4",6.28,"A2V",154025
83601,"17 05 16.83","+00 42 12.1",6.0,"F9V",154417
83608,"17 05 20.18","+54 28 11.5",4.91,"F5",154905
83613,"17 05 22.66","+12 44 27.1",4.89,"A4IV",154494
83635,"17 05 32.26","-00 53 31.4",5.63,"B1V",154445
83650,"17 05 48.47","-44 06 18.4",6.18,"A4III",154153
83675,"17 06 07.26","+08 37 23.5",6.96,"K2",154611
83677,"17 06 09.64","+09 44 01.9",6.38,"K5",154610
83684,"17 06 11.81","-21 33 51.8",6.29,"A1m...",154418
83688,"17 06 13.03","+10 27 13.9",6.38,"G8III-IV",154619
83692,"17 06 18.11","+22 05 03.3",5.56,"K4III",154733
83693,"17 06 20.20","-37 13 39.1",5.98,"A2IV",154310
83706,"17 06 28.37","-35 27 03.7",6.15,"O9.5Iab",154368
83738,"17 06 52.94","-01 39 22.0",6.34,"A9V",154660
83740,"17 06 53.23","-26 30 46.8",6.26,"B8/B9II",154481
83774,"17 07 18.76","-76 13 25.7",6.68,"A2IV",153298
83780,"17 07 22.41","+48 23 57.2",6.66,"K0",155136
83787,"17 07 27.01","-65 44 50.7",6.85,"F2/F3IV/V",153985
83802,"17 07 35.24","-46 40 47.0",6.89,"A7III",154426
83816,"17 07 46.71","+40 30 58.1",6.34,"A2IV",155102
83819,"17 07 48.43","+55 46 04.9",6.87,"K0",155343
83834,"17 08 00.70","+31 12 22.5",6.44,"K2",155061
83838,"17 08 02.08","+35 56 06.8",5.41,"A5m",155103
83847,"17 08 07.56","+61 09 34.1",6.72,"F5",155513
83849,"17 08 08.30","-48 53 01.4",6.93,"K2/K3III",154486
83853,"17 08 13.66","-01 04 45.8",6.06,"A3V",154895
83854,"17 08 14.85","-17 36 32.3",5.98,"K0III",154779
83855,"17 08 15.76","+16 05 38.3",6.67,"F8IV",154974
83857,"17 08 17.08","+50 50 32.0",6.46,"A1V",155328
83858,"17 08 17.29","-41 01 28.2",6.89,"F2II",154589
83872,"17 08 31.70","+35 02 01.5",6.73,"K0",155179
83876,"17 08 33.54","+24 29 11.8",6.84,"A0",155104
83895,"17 08 47.23","+65 42 52.7",3.17,"B6III",155763
83896,"17 08 47.55","-30 24 12.8",5.93,"Fm",154783
83906,"17 08 54.55","-03 52 57.4",6.35,"G8IV-V",154962
83925,"17 09 10.35","-68 50 48.0",6.59,"B9.5V",154140
83947,"17 09 33.28","+40 46 37.3",5.07,"K3III",155410
83962,"17 09 47.92","-10 31 22.9",5.43,"F5IV",155078
83973,"17 09 53.09","-47 01 53.1",6.9,"O9.5Ib",154811
83975,"17 09 56.87","+26 27 19.3",6.95,"K2III",155344
83984,"17 10 06.28","-61 40 31.6",6.37,"B8II/III",154555
83998,"17 10 14.94","-19 26 10.5",6.93,"B8Ib/II",155095
83999,"17 10 15.56","+00 28 53.8",6.82,"G5",155231
84010,"17 10 20.84","-46 44 18.2",6.73,"B1Ib",154873
84012,"17 10 22.66","-15 43 30.5",2.43,"A2.5Va",155125
84021,"17 10 30.65","+52 24 31.6",6.3,"B9V",155711
84033,"17 10 42.35","-44 33 27.2",5.06,"G8/K0III+..",154948
84034,"17 10 43.44","-12 42 03.9",6.71,"F3V",155213
84036,"17 10 45.73","+12 28 01.3",6.58,"A1m",155375
84054,"17 11 03.17","+24 14 15.4",6.2,"A8V",155514
84056,"17 11 04.37","-20 39 15.2",6.81,"K1III",155233
84062,"17 11 08.43","+56 39 33.7",6.98,"G5",155902
84063,"17 11 09.38","-58 01 31.7",6.77,"G5/G6Ib",154813
84070,"17 11 16.93","+24 15 08.4",6.94,"F2",155543
84082,"17 11 22.62","+04 41 25.0",6.77,"F8",155423
84105,"17 11 38.67","-48 52 24.2",5.94,"M1/M2III",155035
84106,"17 11 39.85","+45 19 28.1",6.57,"K2",155816
84108,"17 11 40.26","+49 44 46.7",6.12,"A5III",155860
84113,"17 11 45.22","+07 53 41.0",6.34,"K0III",155500
84118,"17 11 50.20","+41 43 48.4",6.75,"K2",155784
84143,"17 12 09.18","-43 14 18.6",3.32,"F3p",155203
84144,"17 12 10.97","-27 02 31.7",6.75,"G8III",155363
84147,"17 12 13.62","-25 15 18.1",6.52,"A0V",155379
84150,"17 12 16.22","-39 30 24.4",5.66,"A0/A1V",155259
84151,"17 12 16.55","-38 49 20.7",6.3,"K1IIICN...",155276
84158,"17 12 19.85","-70 43 15.2",6.21,"K1IVCN...",154556
84175,"17 12 25.07","-27 45 43.2",6.12,"B9Vn...",155401
84177,"17 12 27.81","+10 35 06.8",5.32,"M2III",155644
84183,"17 12 32.56","+62 52 27.2",5.54,"F0IV",156295
84188,"17 12 34.30","-63 41 07.3",6.92,"B9/B9.5V",154902
84217,"17 12 54.33","+00 21 07.9",6.65,"F6III",155646
84226,"17 12 58.56","-32 26 18.0",5.95,"B1Ib",155450
84229,"17 12 59.21","-58 35 48.3",6.82,"F5V",155099
84230,"17 12 59.30","+07 44 57.5",6.87,"F0",155714
84236,"17 13 06.26","+54 08 20.9",6.91,"F0",156162
84238,"17 13 09.43","-37 57 08.5",6.59,"B8Iab-Ib",155416
84248,"17 13 18.11","-67 11 46.9",5.87,"K0III-IV",154903
84259,"17 13 27.21","+38 59 06.3",6.99,"K0",156012
84269,"17 13 36.73","-15 33 37.0",6.7,"A3V",155663
84275,"17 13 39.23","+21 25 52.7",6.82,"K0",155923
84288,"17 13 53.10","-56 48 01.8",6.98,"F3/F5III",155299
84290,"17 13 53.96","-38 17 41.7",6.74,"F5V",155536
84297,"17 14 02.02","-27 47 47.6",6.68,"F2III",155650
84311,"17 14 13.40","-56 53 18.6",6.08,"M1/2II/III+A",155341
84314,"17 14 14.25","-26 59 03.3",6.64,"F2/F3V",155685
84332,"17 14 27.66","-39 45 59.9",6.42,"K0Ia",155603
84340,"17 14 33.46","+26 03 07.1",6.56,"K3III",156093
84345,"17 14 38.86","+14 23 24.9",2.78,"M5IIvar",156014
84379,"17 15 01.92","+24 50 22.5",3.12,"A3IVv SB",156164
84380,"17 15 02.85","+36 48 33.0",3.16,"K3IIvar",156283
84401,"17 15 19.25","-33 32 54.3",5.6,"O9",155806
84402,"17 15 20.30","-14 35 02.9",5.98,"K1III",155970
84405,"17 15 21.29","-26 36 00.2",4.33,"K2:III:",155885
84409,"17 15 22.32","-38 12 46.6",6.71,"B1V",155775
84425,"17 15 36.08","-38 35 34.6",5.95,"G0V",155826
84427,"17 15 38.07","+34 42 27.7",6.78,"K2",156361
84430,"17 15 41.08","-09 48 31.6",6.93,"F5",156034
84431,"17 15 41.50","+23 44 33.7",5.99,"K2III",156284
84434,"17 15 44.70","-51 04 59.7",6.94,"B7/B8II",155670
84444,"17 15 50.75","-33 44 13.2",6.54,"B1/B2Ib/II",155889
84445,"17 15 51.36","-30 12 38.2",6.2,"B9/B9.5V",155940
84455,"17 15 58.92","+27 08 03.6",6.57,"K2III",156362
84461,"17 16 00.84","-87 33 57.2",6.58,"G5III",148451
84465,"17 16 04.88","+60 42 49.7",6.91,"F0",156890
84477,"17 16 13.19","+71 47 32.5",6.81,"K2",157370
84478,"17 16 13.68","-26 32 36.3",6.33,"K5V",156026
84479,"17 16 14.25","+02 11 10.5",6.17,"A2V",156208
84481,"17 16 15.89","-15 13 25.5",6.52,"K5III",156115
84483,"17 16 17.59","-42 20 20.5",6.75,"B7Ve",155896
84489,"17 16 21.68","-35 44 58.1",6.09,"F6V",155974
84496,"17 16 29.45","+60 40 14.1",6.32,"K1.5IIIb",156947
84500,"17 16 31.72","+01 12 38.1",5.89,"B5Vnn",156247
84510,"17 16 35.70","-74 31 58.4",6.24,"A0V",154972
84514,"17 16 36.71","-00 26 42.5",4.72,"K2III",156266
84524,"17 16 42.75","-06 14 41.8",6.08,"K0",156227
84535,"17 16 57.26","+89 02 15.8",6.31,"M1III",183030
84551,"17 17 03.71","-32 39 45.7",5.53,"F6V",156098
84556,"17 17 05.54","-44 46 42.9",6.46,"B0.5Iab:",155985
84560,"17 17 10.16","+13 08 03.8",6.62,"K2",156456
84573,"17 17 19.57","+33 06 00.4",4.8,"B1.5Vp",156633
84576,"17 17 20.56","-30 09 52.0",6.96,"K1/K2III+..",156184
84586,"17 17 25.54","-66 57 02.5",6.87,"K1Vp",155555
84596,"17 17 34.65","+28 54 47.7",6.88,"M2III comp",156652
84599,"17 17 35.86","+23 05 26.3",6.25,"K2",156593
84600,"17 17 36.98","+01 44 33.1",6.86,"F0",156458
84605,"17 17 39.53","-26 37 44.3",6.81,"B9.5V",156252
84606,"17 17 40.29","+37 17 28.8",4.64,"A2V",156729
84625,"17 18 00.64","-24 17 02.7",6.59,"G8/K0II",156350
84626,"17 18 00.72","-24 17 12.8",5.14,"K:...",156349
84631,"17 18 04.93","+17 19 04.5",6.0,"A1V",156653
84632,"17 18 04.95","+03 08 49.1",6.87,"F2",156539
84634,"17 18 05.47","-38 09 50.3",6.92,"A0IV",156232
84636,"17 18 07.07","-24 04 22.2",6.59,"G3V",156365
84649,"17 18 19.27","-16 18 42.8",6.28,"M0/M1III",156462
84650,"17 18 20.51","-32 33 11.1",6.36,"B5III",156325
84656,"17 18 23.28","+38 48 40.4",5.97,"G7III:",156891
84657,"17 18 24.00","-50 12 39.5",6.99,"A0V",156123
84663,"17 18 29.90","+25 48 28.2",6.61,"K1III",156775
84671,"17 18 36.99","+10 51 53.0",5.03,"K4II-III",156681
84690,"17 18 47.84","-44 07 46.9",5.76,"B9V",156293
84691,"17 18 48.50","+28 49 22.7",5.68,"K0III",156874
84696,"17 18 50.50","-02 48 37.3",6.66,"F8",156635
84700,"17 18 51.78","-62 52 28.3",6.5,"K1III",155951
84704,"17 18 52.78","+06 05 07.6",6.51,"F0n",156697
84709,"17 18 56.36","-34 59 22.5",5.91,"K4V",156384
84720,"17 19 02.95","-46 38 11.4",5.47,"M0V",156274
84731,"17 19 12.51","-59 41 40.5",5.93,"K2IIICN...",156091
84744,"17 19 24.07","+27 17 01.9",6.8,"M1III",156966
84748,"17 19 24.63","-44 13 22.8",6.64,"B9III",156398
84757,"17 19 29.90","-45 38 23.8",6.93,"WC...",156385
84759,"17 19 30.51","-50 03 49.3",6.27,"F2III",156331
84769,"17 19 37.05","+80 08 11.0",5.74,"K5III",158996
84780,"17 19 46.49","+02 08 22.1",6.43,"M5III",156860
84785,"17 19 50.95","+45 18 30.3",6.66,"F0",157224
84787,"17 19 51.43","-48 32 55.7",6.67,"G1Vw...",156411
84792,"17 19 53.35","-17 45 23.3",6.03,"A0V",156717
84801,"17 19 59.53","-05 55 01.3",6.31,"G9V",156826
84821,"17 20 09.83","+25 32 15.5",5.36,"A3III",157087
84827,"17 20 12.76","-70 02 41.6",6.53,"G2IV-V",155875
84833,"17 20 18.87","+18 03 26.0",5.01,"M2III",157049
84835,"17 20 21.15","+46 14 26.4",5.51,"M0III",157325
84846,"17 20 27.61","-29 21 53.8",6.97,"A1V",156721
84850,"17 20 30.18","+44 11 31.3",6.84,"K0",157326
84855,"17 20 33.60","+48 11 19.7",6.36,"F6Vawvar",157373
84856,"17 20 34.40","-19 20 00.2",6.5,"G1V",156846
84862,"17 20 39.47","+32 28 13.0",5.38,"G0V",157214
84880,"17 20 49.64","-12 50 48.8",4.32,"A0/A1V",156928
84883,"17 20 52.60","-10 41 46.9",6.46,"F1III+...",156971
84887,"17 20 54.22","+24 29 58.0",5.13,"A2V",157198
84890,"17 20 56.72","+66 33 45.3",6.94,"K2",157892
84893,"17 21 00.21","-21 06 44.8",4.39,"F2/F3V",156897
84905,"17 21 07.15","+01 26 32.6",6.95,"F9V",157089
84918,"17 21 13.49","-63 34 55.8",6.86,"K2IIICN...",156310
84920,"17 21 14.73","+31 15 24.8",6.9,"F8",157329
84934,"17 21 31.23","+28 45 29.2",6.37,"G0III",157358
84938,"17 21 33.45","+16 43 52.6",6.35,"M2III",157257
84947,"17 21 41.58","-24 54 21.6",6.36,"K3III",156992
84949,"17 21 43.61","+39 58 29.3",5.55,"F9Vn...",157482
84950,"17 21 45.35","+53 25 13.5",5.69,"K5III",157681
84969,"17 21 59.53","-67 46 14.3",4.76,"K1III",156277
84970,"17 22 00.58","-24 59 58.2",3.27,"B2IV",157056
84975,"17 22 04.12","+05 00 03.5",6.67,"G5",157261
84979,"17 22 05.88","-70 07 23.4",5.39,"B8/B9Vn...",156190
85007,"17 22 27.61","+24 52 47.4",6.88,"F8V",157466
85010,"17 22 29.78","-54 17 07.5",6.81,"F5/F6V",156766
85019,"17 22 37.90","-35 54 39.4",6.42,"F8V",157060
85020,"17 22 39.22","-37 48 16.7",6.33,"B4Ia+...",157038
85035,"17 22 46.48","-45 36 51.4",6.68,"F7/F8Ib/II",156979
85038,"17 22 47.94","-58 28 23.0",6.75,"A5V",156751
85042,"17 22 51.26","-02 23 16.5",6.28,"G5IV",157347
85048,"17 22 54.73","-37 13 14.5",5.91,"K1III",157097
85049,"17 22 55.23","-58 00 37.0",5.86,"G8Ib/II",156768
85064,"17 23 04.41","-07 06 16.0",6.94,"G0",157348
85068,"17 23 07.11","-56 31 32.0",5.76,"G8/K0III",156854
85079,"17 23 16.08","-47 28 05.4",5.21,"B2IIIne",157042
85084,"17 23 21.59","-28 08 33.9",5.3,"K4/K5III",157236
85086,"17 23 22.66","+57 00 42.1",6.53,"A2",158013
85105,"17 23 36.21","-16 02 17.8",6.65,"F3IV/V",157379
85112,"17 23 40.97","+37 08 45.3",4.15,"B9.5III",157778
85116,"17 23 44.35","-58 39 54.8",6.81,"B4III",156905
85139,"17 23 57.61","+08 51 09.3",5.77,"K1III",157617
85138,"17 23 57.63","-65 42 07.6",6.64,"B5V",156709
85147,"17 24 01.08","-62 51 50.9",5.69,"B2IV",156838
85149,"17 24 02.26","+38 34 57.7",6.48,"F8IV",157853
85154,"17 24 03.51","-23 50 39.5",6.67,"K0III",157398
85157,"17 24 06.61","+22 57 37.3",5.7,"F0IV",157728
85158,"17 24 08.74","-34 47 52.8",6.92,"G0/G1V",157338
85162,"17 24 13.09","-44 09 45.0",5.1,"B7III",157243
85169,"17 24 18.80","-60 40 25.6",5.76,"B8Ib/II",156942
85181,"17 24 27.13","+36 57 06.6",6.25,"G5III+...",157910
85185,"17 24 31.53","+16 18 03.9",5.75,"A3V",157740
85187,"17 24 33.80","+15 36 21.7",6.34,"B9V",157741
85195,"17 24 37.03","-18 26 44.7",6.34,"B8V",157546
85204,"17 24 39.28","+32 40 13.2",6.68,"K0",157911
85207,"17 24 42.04","-21 26 29.1",5.82,"K0III",157527
85211,"17 24 43.10","-45 00 30.0",6.66,"F3V",157316
85223,"17 24 52.05","-46 12 06.9",6.75,"B6V",157317
85235,"17 25 00.90","+67 18 24.1",6.44,"K0V",158633
85237,"17 25 02.67","-34 41 45.6",6.14,"Ap...",157486
85242,"17 25 06.23","-24 14 37.4",6.17,"K0III",157588
85250,"17 25 13.46","-34 25 47.4",6.79,"K0/K1III",157515
85258,"17 25 18.00","-55 31 47.4",2.84,"K3Ib-II",157244
85259,"17 25 18.79","+08 55 29.3",6.68,"K5",157823
85267,"17 25 23.66","-56 22 39.7",3.31,"B1Ib",157246
85268,"17 25 24.14","+52 47 26.9",6.46,"G0",158259
85278,"17 25 29.64","-29 40 14.2",6.82,"A2/A3IV",157611
85289,"17 25 40.90","+16 23 02.0",6.64,"F5III",157935
85290,"17 25 41.36","+60 02 54.0",5.65,"A1Vn",158460
85302,"17 25 54.37","+16 55 03.1",6.09,"M4III",157967
85307,"17 25 57.84","-01 39 06.9",6.44,"F3V",157856
85308,"17 25 58.88","-49 44 05.7",6.89,"B3III",157455
85311,"17 25 59.46","-06 34 54.5",6.96,"B9",157841
85312,"17 26 00.03","-50 38 00.7",5.19,"K1III",157457
85313,"17 26 00.86","+26 52 43.3",6.38,"A5IV",158067
85317,"17 26 04.85","+58 39 06.7",6.49,"A4V",158485
85333,"17 26 19.01","+07 35 44.4",6.01,"A0...",157978
85340,"17 26 22.22","-24 10 30.1",4.16,"A3IV:m",157792
85355,"17 26 30.88","+04 08 25.2",4.34,"K3IIvar",157999
85356,"17 26 31.57","+00 49 19.6",6.86,"K0",157983
85363,"17 26 36.06","-62 55 22.8",6.96,"K2III",157290
85365,"17 26 37.94","-05 05 11.4",4.53,"F3V",157950
85379,"17 26 44.24","+48 15 36.3",5.83,"A4V",158414
85382,"17 26 46.17","+34 41 44.5",5.94,"A0V",158261
85385,"17 26 49.13","+20 04 51.4",5.52,"B5V",158148
85389,"17 26 51.98","-45 50 34.7",5.28,"B8V",157661
85391,"17 26 55.30","-25 56 36.2",6.42,"B9.5/A0V",157864
85393,"17 26 56.35","-51 56 55.6",6.17,"B8/B9V",157599
85397,"17 27 02.12","-12 30 44.4",6.2,"F7V",157968
85405,"17 27 09.89","-15 51 12.0",6.48,"K0II/III",157969
85409,"17 27 12.46","-50 37 49.3",5.9,"B9II",157662
85423,"17 27 21.26","-29 52 00.1",4.28,"F3III",157919
85442,"17 27 37.56","-29 43 28.2",5.98,"B9.5IV",157955
85445,"17 27 41.39","-37 11 08.1",6.67,"K0III",157902
85450,"17 27 44.07","+08 26 31.7",6.42,"M4III",158228
85467,"17 27 54.81","-47 01 34.4",6.57,"B5Vnne",157832
85470,"17 27 57.62","-52 17 49.3",5.72,"K2III",157753
85474,"17 28 02.39","-08 12 29.0",6.37,"F5IV",158170
85480,"17 28 07.88","-63 02 10.3",6.22,"B7/B8V",157524
85520,"17 28 38.91","-55 10 10.8",5.93,"G8II/III",157819
85530,"17 28 43.99","-82 46 46.5",6.64,"B2V",155454
85537,"17 28 49.69","+00 19 50.1",5.41,"A8V",158352
85543,"17 28 56.09","-36 46 41.8",5.98,"K0III",158105
85549,"17 29 00.86","-43 58 26.0",6.3,"B5III",158042
85569,"17 29 12.92","-31 32 03.4",6.99,"B2/B3II",158186
85589,"17 29 25.60","-38 31 01.0",6.38,"A1V",158156
85598,"17 29 28.98","-61 45 49.8",6.74,"Fm...",157802
85622,"17 29 47.37","-05 55 09.6",6.36,"K0III",158463
85641,"17 30 05.64","-33 42 58.9",6.68,"B1/B2Ib/II",158320
85661,"17 30 20.00","-04 22 09.8",6.72,"F0",158576
85666,"17 30 22.65","+11 55 26.3",6.47,"A1V",158716
85667,"17 30 23.87","-01 03 45.0",5.31,"G8IV-V",158614
85668,"17 30 24.90","-66 52 11.8",6.99,"B7/B8III",157772
85670,"17 30 25.98","+52 18 04.9",2.79,"G2II",159181
85682,"17 30 33.89","-43 13 33.6",6.94,"F3/F5III/IV",158306
85683,"17 30 35.20","+17 31 13.7",6.91,"F6IV",158806
85688,"17 30 40.21","+38 52 55.8",6.43,"F6III",159026
85692,"17 30 43.56","+57 52 36.7",6.22,"K2III",159330
85693,"17 30 44.30","+26 06 38.2",4.41,"K3IIIvar",158899
85696,"17 30 45.84","-37 17 44.7",2.7,"B2IV",158408
85699,"17 30 46.97","+86 58 04.9",5.78,"A2m",166926
85700,"17 30 47.97","-37 26 12.9",6.89,"A0/A1V:",158409
85715,"17 30 55.37","+31 09 29.2",5.63,"G8III",158974
85727,"17 31 05.98","-60 41 01.0",3.6,"B8V",158094
85744,"17 31 18.72","+19 31 19.4",6.77,"K5",158955
85749,"17 31 21.35","+02 43 28.1",5.57,"G8III",158837
85751,"17 31 23.28","-56 55 15.4",5.99,"B7II/III",158220
85755,"17 31 24.95","-23 57 45.3",4.78,"A0V",158643
85760,"17 31 27.47","-80 51 32.5",5.83,"M3III",156513
85781,"17 31 42.54","+30 19 05.3",6.91,"K0",159118
85783,"17 31 44.38","-26 16 10.8",6.05,"B9II/III",158704
85786,"17 31 47.36","-33 42 11.1",6.43,"K2III",158619
85788,"17 31 49.10","-46 02 12.4",6.04,"F8/G0Ib",158476
85790,"17 31 49.57","+28 24 26.8",5.66,"A1V",159139
85792,"17 31 50.52","-49 52 33.5",2.84,"B2Vne",158427
85799,"17 31 54.14","+16 49 26.6",6.98,"G0V",159063
85806,"17 31 57.72","+00 02 33.0",6.75,"K0",158921
85805,"17 31 57.89","+68 08 04.9",5.07,"K0III",159966
85810,"17 32 01.16","+34 16 15.6",6.52,"G5V",159222
85819,"17 32 10.42","+55 11 02.8",4.89,"Am...",159541
85822,"17 32 12.90","+86 35 10.8",4.35,"A1Vn",166205
85826,"17 32 14.88","+11 55 48.0",6.42,"B9.5V",159082
85829,"17 32 15.88","+55 10 22.1",4.86,"Am",159560
85839,"17 32 24.64","-34 16 45.6",6.16,"F2IV",158741
85840,"17 32 25.16","+26 26 21.7",6.84,"A7V",159223
85852,"17 32 41.35","+74 13 38.2",6.61,"K0III",160538
85875,"17 32 58.99","-17 29 45.5",6.81,"K0III",159011
85888,"17 33 07.31","+41 14 37.0",5.72,"K1III:",159501
85889,"17 33 07.39","-41 10 23.0",5.84,"B9Ib/II",158799
85895,"17 33 11.34","-58 33 27.2",6.99,"B7:Vnnpe",158503
85912,"17 33 22.84","+19 15 24.8",5.65,"F6V",159332
85922,"17 33 29.87","-05 44 40.5",5.61,"A5V",159170
85923,"17 33 31.60","+57 33 31.4",6.15,"A5V+...",159870
85927,"17 33 36.53","-37 06 13.5",1.62,"B1.5IV+...",158926
85930,"17 33 39.39","+16 19 03.7",5.68,"K0III:",159353
85934,"17 33 42.77","+14 50 30.4",6.36,"M4IIIa",159354
85975,"17 34 16.89","-48 31 36.8",6.32,"G6/G8III",158907
85979,"17 34 21.99","+13 09 39.7",6.52,"G8III",159466
85987,"17 34 27.24","+16 30 15.8",6.59,"A8Vn",159503
85998,"17 34 36.69","+09 35 12.2",5.8,"A2V",159480
86011,"17 34 42.49","-32 34 54.0",5.69,"O5/6(e)",159176
86016,"17 34 45.43","+34 45 05.0",6.94,"F0",159733
86019,"17 34 46.35","-11 14 31.2",5.54,"B8Vn",159358
86032,"17 34 56.00","+12 33 38.1",2.08,"A5III",159561
86036,"17 34 59.25","+61 52 33.0",5.23,"G0V",160269
86047,"17 35 06.28","-38 47 58.3",6.76,"K3III",159194
86049,"17 35 07.48","-13 38 16.0",6.87,"A0V",159415
86060,"17 35 18.50","-22 02 37.7",6.47,"Ap Si",159376
86064,"17 35 19.91","-53 21 10.4",6.09,"B9III",159018
86088,"17 35 35.00","-59 50 45.9",6.26,"B5II/III",158895
86092,"17 35 39.61","-46 30 20.1",4.56,"A0V",159217
86096,"17 35 42.36","+37 18 05.7",6.13,"G9III",159925
86097,"17 35 42.56","-06 07 13.6",6.61,"K0",159564
86098,"17 35 43.08","-37 26 23.3",6.48,"A0V",159312
86101,"17 35 47.46","+19 50 37.8",6.52,"G8III",159797
86107,"17 35 50.79","+12 02 48.9",6.76,"K5",159736
86118,"17 35 59.56","+20 59 46.6",6.11,"A7IV",159834
86119,"17 36 00.65","-38 06 07.6",6.94,"F0/F2IV",159340
86130,"17 36 08.10","+28 11 06.1",6.4,"K5",159926
86153,"17 36 21.42","+27 34 00.5",6.37,"M1II",159968
86170,"17 36 32.85","-38 38 05.5",4.26,"G8/K0III/IV",159433
86178,"17 36 36.73","+30 47 06.7",6.04,"A5V",160054
86179,"17 36 36.79","+13 48 47.8",6.84,"A3",159908
86182,"17 36 37.63","+48 35 07.7",5.35,"K1III",160290
86184,"17 36 40.03","+69 34 16.5",6.33,"F9V",160933
86201,"17 36 57.09","+68 45 25.9",4.77,"F5V",160922
86219,"17 37 08.84","+72 27 20.7",5.87,"G9III",161178
86227,"17 37 16.72","-49 14 41.8",6.92,"B8III",159439
86228,"17 37 19.13","-42 59 52.2",1.86,"F1II",159532
86246,"17 37 26.92","-38 03 58.9",6.26,"G2Ib",159633
86248,"17 37 27.31","-50 03 34.1",5.89,"K0III-IV",159463
86254,"17 37 31.10","+24 18 35.9",5.76,"A2Vn",160181
86263,"17 37 35.23","-15 23 54.3",3.54,"F0IIIp",159876
86266,"17 37 36.20","-15 34 15.7",5.94,"F0IV",159877
86284,"17 37 50.72","-08 07 07.4",4.58,"B8II-IIIMNp",159975
86286,"17 37 51.21","-37 51 39.9",6.68,"G8IV/V",159704
86305,"17 38 05.57","-54 30 00.3",5.25,"A7V",159492
86311,"17 38 08.45","-42 52 48.7",6.09,"B8V",159707
86313,"17 38 09.51","-10 55 34.5",5.74,"K0III",160018
86317,"17 38 11.99","-28 02 48.2",6.83,"K5III",159881
86325,"17 38 18.91","+36 44 50.2",6.78,"K0",160451
86352,"17 38 44.87","-21 54 45.4",6.19,"G6III/IV",160042
86362,"17 38 49.57","+32 44 21.8",6.58,"G5III:",160507
86373,"17 38 57.87","+13 19 45.0",6.12,"F6III",160365
86391,"17 39 08.48","+02 01 41.2",6.25,"F4IV...",160315
86400,"17 39 17.02","+03 33 19.7",6.53,"K3V",160346
86404,"17 39 20.45","-29 31 51.4",6.72,"K1III",160108
86414,"17 39 27.89","+46 00 22.8",3.82,"B3V SB",160762
86422,"17 39 30.55","+44 00 04.3",6.88,"A2",160740
86424,"17 39 31.17","+03 23 33.9",6.63,"K0",160385
86446,"17 39 47.96","+49 46 47.4",6.6,"A0",160883
86462,"17 39 57.52","+31 12 08.8",6.05,"M2III",160677
86463,"17 39 57.70","-00 38 21.2",6.51,"A0",160438
86468,"17 40 01.04","-32 12 03.8",6.74,"B7Ve",160202
86476,"17 40 11.95","-02 09 08.2",6.08,"K2.5Ib",160471
86482,"17 40 18.09","+63 40 30.0",6.79,"F5",161285
86486,"17 40 23.73","-49 24 54.6",4.76,"F3IV",160032
86499,"17 40 36.16","+57 18 36.9",6.79,"K0",161162
86501,"17 40 37.52","+43 28 13.9",6.36,"K2",160950
86506,"17 40 41.23","+31 17 15.6",6.3,"K0III",160822
86510,"17 40 44.57","-67 51 14.8",6.48,"G8III",159558
86527,"17 40 58.55","-32 12 52.0",6.01,"K3III + (G)",160371
86537,"17 41 05.50","+24 30 47.2",6.37,"K1III+...",160835
86546,"17 41 11.00","+15 10 42.2",6.34,"A1V",160765
86552,"17 41 16.23","-46 55 18.5",5.78,"A0V",160263
86561,"17 41 21.81","+51 49 05.5",6.0,"K0III:",161193
86564,"17 41 23.36","+67 09 07.0",6.64,"K5",161617
86565,"17 41 24.92","-12 52 30.6",4.24,"A2Va",160613
86575,"17 41 32.32","+06 18 47.4",5.97,"G7III",160781
86596,"17 41 47.72","+21 30 06.4",6.73,"F8IV",160935
86599,"17 41 49.77","+23 45 12.4",6.96,"B8",160965
86611,"17 41 55.84","+04 22 00.5",6.96,"G0",160823
86614,"17 41 56.31","+72 08 58.2",4.57,"F5IV-V",162003
86620,"17 41 58.04","+72 09 27.3",5.81,"G0V",162004
86623,"17 41 58.64","+15 57 07.8",5.54,"F4Vw",160910
86624,"17 41 59.03","-33 30 13.7",6.66,"A9Ia",160529
86627,"17 42 01.60","+27 38 42.3",6.73,"A3",161019
86628,"17 42 03.62","-50 30 38.4",6.28,"M3III",160342
86667,"17 42 28.40","+24 33 51.5",5.56,"K4III",161074
86670,"17 42 29.28","-39 01 47.7",2.39,"B1.5III",160578
86677,"17 42 35.18","-04 50 59.1",6.62,"M2III:",160869
86679,"17 42 36.75","+29 25 08.1",6.64,"A5",161130
86698,"17 42 51.09","-36 56 43.8",5.53,"K5III",160668
86713,"17 43 05.58","+44 05 03.2",6.38,"K4III",161369
86716,"17 43 06.86","-33 03 04.6",6.44,"M1III",160748
86725,"17 43 17.71","-27 53 02.3",6.4,"F0III/IV",160839
86728,"17 43 18.94","-57 43 26.2",6.85,"C5II",160435
86731,"17 43 21.64","+24 19 39.5",5.73,"G2IIIb",161239
86732,"17 43 22.02","+14 17 42.4",6.22,"F5II",161149
86736,"17 43 25.85","-21 40 59.1",4.86,"F6/F7V",160915
86737,"17 43 26.00","-35 17 51.6",6.92,"M0III",160810
86742,"17 43 28.38","+04 34 00.9",2.76,"K2III",161096
86747,"17 43 33.09","-57 01 19.6",6.64,"B9III",160483
86751,"17 43 35.19","-32 39 45.9",6.65,"M3/M4III",160840
86755,"17 43 37.27","-45 58 16.7",6.92,"B9IV/V",160715
86768,"17 43 47.02","-07 04 46.5",6.3,"B1.5V",161056
86769,"17 43 48.45","-13 30 30.3",6.36,"F0V",161023
86782,"17 43 59.16","+53 48 06.3",5.75,"A2V",161693
86791,"17 44 04.31","+45 02 04.8",6.75,"B9",161569
86792,"17 44 05.67","-38 48 20.3",6.74,"G8III/IV",160874
86796,"17 44 08.72","-51 50 00.9",5.12,"G5V",160691
86808,"17 44 17.07","+33 13 34.1",6.98,"B8",161464
86809,"17 44 17.25","+14 24 36.1",6.18,"A3m",161321
86813,"17 44 18.37","+13 47 02.1",6.91,"A3",161322
86815,"17 44 19.80","-72 13 16.3",6.51,"F8V...",159964
86819,"17 44 23.96","-22 11 41.7",6.58,"F0V",161083
86831,"17 44 34.09","+02 34 45.9",6.16,"A1IV-V",161270
86835,"17 44 35.47","+02 34 44.7",6.67,"A0V",161289
86847,"17 44 42.01","-42 43 45.5",5.87,"A2/A3IV/V",160928
86850,"17 44 43.83","-46 02 33.3",6.71,"B9V",160917
86859,"17 44 49.77","+35 13 03.5",6.62,"K0",161583
86871,"17 44 55.84","-57 32 43.8",5.97,"G8III",160720
86906,"17 45 27.24","+11 08 40.9",6.93,"G5III",161502
86925,"17 45 40.23","+31 30 16.9",6.22,"A0Ib",161695
86929,"17 45 44.00","-64 43 25.4",3.61,"K1III",160635
86935,"17 45 49.61","-64 19 30.9",6.93,"A5/A6IV/V",160675
86939,"17 45 53.72","+38 52 53.3",6.53,"K0",161815
86943,"17 45 56.82","-48 56 03.5",6.83,"K4/K5III",161068
86946,"17 45 58.44","+39 19 21.0",6.51,"K3III comp",161832
86954,"17 46 07.33","+05 31 48.8",6.85,"B4V",161573
86969,"17 46 24.88","+01 02 39.7",6.64,"K2",161587
86974,"17 46 27.72","+27 43 21.0",3.42,"G5IV",161797
87001,"17 46 40.65","+25 44 57.3",6.97,"sdA2",161817
87024,"17 46 53.18","+36 05 15.2",6.55,"K5",161958
87042,"17 47 07.30","-38 06 43.5",6.41,"A0V",161390
87043,"17 47 07.39","-59 59 39.3",6.51,"F2V",161032
87044,"17 47 08.04","+17 41 49.3",5.61,"A1V",161833
87045,"17 47 08.05","+47 36 44.0",6.47,"A2Vs",162132
87069,"17 47 31.87","+18 53 21.7",6.67,"A0",161921
87072,"17 47 33.63","-27 49 50.7",4.53,"F7II",161592
87073,"17 47 35.08","-40 07 37.1",2.99,"F3Ia",161471
87074,"17 47 36.79","-14 43 32.8",5.93,"B9V",161701
87099,"17 47 45.60","-22 28 40.0",6.18,"G3/G5Ib",161664
87102,"17 47 47.55","-34 18 38.4",6.94,"B9IIIsp...",161575
87105,"17 47 52.06","+34 16 40.4",6.61,"B3V",162094
87108,"17 47 53.57","+02 42 26.9",3.75,"A0V",161868
87114,"17 47 56.69","+36 33 18.6",6.51,"M0",162159
87119,"17 47 59.37","+47 35 02.2",6.8,"K0",162299
87150,"17 48 20.23","+03 48 15.1",6.22,"B9.5V",161941
87158,"17 48 24.75","+20 33 55.5",5.69,"G5IV",162076
87163,"17 48 27.84","-26 58 29.8",6.31,"B3Vn",161756
87174,"17 48 38.08","-55 24 06.6",6.09,"A9IV",161420
87181,"17 48 42.74","-39 53 55.6",6.98,"B8Ib/II",161667
87192,"17 48 47.88","+19 15 18.0",6.13,"A1V",162161
87194,"17 48 49.15","+25 37 22.7",5.09,"K2III",162211
87210,"17 49 02.29","+54 11 39.5",6.6,"A2",162643
87211,"17 49 03.96","+62 47 55.2",6.7,"F2",162898
87212,"17 49 04.33","+50 46 50.0",5.02,"A2V",162579
87220,"17 49 10.47","-31 42 11.5",4.79,"B8Ib/II",161840
87223,"17 49 17.31","-30 35 50.4",6.65,"F2IV/V",161852
87224,"17 49 19.05","+01 57 40.4",6.44,"K0III",162113
87234,"17 49 26.94","+76 57 44.2",5.02,"F6IV-Vs",163989
87237,"17 49 28.10","+68 41 19.9",6.92,"Am",163214
87261,"17 49 51.45","-37 02 36.1",3.19,"K0/K1III",161892
87264,"17 49 53.01","-61 42 52.8",6.41,"B9IV",161475
87280,"17 50 03.33","+48 23 38.8",6.78,"Bpsh",162732
87286,"17 50 07.36","-64 18 18.5",6.57,"F0III/IV",161441
87289,"17 50 09.26","+09 50 54.1",6.74,"K5",162319
87293,"17 50 10.10","+78 18 23.5",6.25,"K5",164428
87294,"17 50 11.11","-40 05 25.5",4.78,"A6Ib",161912
87297,"17 50 15.00","+25 17 27.5",6.58,"A2...",162485
87306,"17 50 21.16","-27 03 41.6",6.96,"A3V",162083
87308,"17 50 22.87","+29 19 19.3",5.51,"K1III",162555
87312,"17 50 25.65","-61 55 28.8",6.77,"F6V",161566
87314,"17 50 28.39","-53 36 44.6",5.68,"B2V + B3V",161783
87319,"17 50 31.50","+36 50 46.0",6.89,"G0",162667
87335,"17 50 43.61","+11 56 47.9",6.19,"K1III-IV",162468
87341,"17 50 48.37","+22 18 59.0",6.14,"A9V",162570
87344,"17 50 51.78","-42 19 47.9",6.69,"K0III",162021
87352,"17 50 57.27","+29 59 44.9",6.78,"A2",162668
87363,"17 51 04.18","+08 31 50.7",6.97,"F0",162501
87365,"17 51 04.89","+05 13 44.3",6.82,"K5",162486
87379,"17 51 11.03","-53 07 49.0",6.09,"B9.5III/IV",161917
87381,"17 51 12.55","-30 33 24.7",6.7,"B9.5IV/V",162220
87382,"17 51 14.03","+40 04 20.8",6.55,"F8V:",162826
87385,"17 51 24.86","+74 34 08.7",6.75,"A3",164056
87386,"17 51 25.76","-53 50 19.0",6.61,"A9V",161935
87390,"17 51 32.57","-40 46 20.4",5.94,"M2III",162189
87393,"17 51 35.47","-60 09 50.5",5.78,"K0III",161814
87404,"17 51 44.55","-45 36 02.5",6.09,"G6III",162123
87410,"17 51 48.51","-19 31 30.0",6.8,"A9V",162434
87427,"17 51 58.46","+15 19 34.6",6.43,"K0III",162734
87428,"17 51 59.45","-01 14 12.5",6.33,"K0",162596
87430,"17 52 00.07","+04 29 14.3",6.7,"K5",162648
87434,"17 52 00.88","+46 38 37.9",6.37,"K0III",163075
87445,"17 52 04.73","+39 58 55.1",6.01,"K4III",162989
87448,"17 52 05.21","+01 06 40.3",6.55,"K2",162652
87460,"17 52 13.66","-34 47 57.1",5.88,"B6Ib",162374
87466,"17 52 17.07","-31 19 41.2",6.97,"K5III",162415
87472,"17 52 19.76","-34 25 00.6",5.84,"G8/K0III",162391
87478,"17 52 25.38","+60 23 46.6",6.86,"A2",163466
87485,"17 52 31.19","+16 54 02.1",6.6,"F3III-IV",162865
87491,"17 52 35.46","+01 18 18.2",5.91,"K5III",162774
87494,"17 52 37.06","-05 15 43.3",6.82,"K0",162713
87495,"17 52 38.70","-06 08 36.8",6.18,"G3Ibv SB",162714
87516,"17 52 49.22","-34 06 53.4",6.05,"K1III",162496
87522,"17 52 51.90","-56 09 17.1",6.51,"G8/K0II",162154
87523,"17 52 52.47","-41 59 45.8",6.19,"F8V",162396
87529,"17 52 55.77","-35 01 08.0",6.55,"B9III",162515
87532,"17 52 57.60","-35 37 27.1",6.03,"F2V",162517
87540,"17 53 03.51","-10 53 58.2",6.17,"K1III:",162757
87555,"17 53 12.48","-32 01 56.4",6.79,"G6Ib/II",162585
87558,"17 53 14.26","+06 06 04.5",5.77,"F4IV-V",162917
87559,"17 53 15.37","-05 55 43.8",6.86,"K0",162834
87560,"17 53 15.98","-34 37 15.0",6.96,"B8/B9III",162576
87563,"17 53 18.02","+40 00 28.2",5.17,"K3III",163217
87564,"17 53 18.22","-65 29 18.4",6.48,"K0/K1III",161955
87567,"17 53 19.58","-34 43 50.9",6.14,"B4III",162586
87569,"17 53 23.47","-34 53 42.4",5.58,"K3III",162587
87585,"17 53 31.63","+56 52 20.8",3.73,"K2III",163588
87589,"17 53 34.21","-27 16 57.6",6.88,"A3III/IV",162719
87616,"17 53 54.77","-34 45 09.8",6.0,"B9IV/V",162724
87624,"17 53 58.13","-34 49 51.8",6.41,"Ap...",162725
87633,"17 54 03.69","-01 37 09.4",6.72,"A0",163015
87642,"17 54 07.56","-11 20 15.1",6.51,"K0",162956
87655,"17 54 14.21","+11 07 51.4",6.24,"F5Vn",163151
87656,"17 54 14.38","-34 43 39.5",6.88,"A0IV:",162780
87670,"17 54 26.75","+75 10 16.4",6.39,"K0",164780
87671,"17 54 27.12","-34 28 00.2",6.1,"B9.5/A0III",162817
87675,"17 54 28.33","+03 43 55.9",6.57,"K2",163132
87698,"17 54 47.88","-34 32 31.8",6.95,"B9.5III",162888
87706,"17 54 54.04","-24 53 13.5",6.18,"O7/O8",162978
87708,"17 54 55.72","-11 37 54.9",6.96,"F2",163117
87710,"17 54 57.70","-07 44 01.7",6.92,"G5",163153
87722,"17 55 08.03","-36 28 32.3",6.05,"B9.5III",162926
87728,"17 55 11.14","+72 00 18.5",5.43,"F2.5II-III",164613
87730,"17 55 11.93","+69 36 56.2",6.86,"K0",164446
87744,"17 55 23.62","+55 58 15.9",6.09,"F0IV",163929
87747,"17 55 25.19","+26 02 59.9",5.47,"F2Iavar",163506
87761,"17 55 37.51","+02 04 29.7",6.77,"A3",163346
87777,"17 55 50.81","+22 27 51.2",5.62,"K3III",163547
87782,"17 55 54.96","-18 48 07.6",6.48,"A1V",163245
87794,"17 56 04.45","-42 19 23.7",6.78,"A9/F0IV",163025
87798,"17 56 07.88","-35 02 56.0",6.74,"B9.5III",163139
87808,"17 56 15.18","+37 15 01.9",3.86,"K1IIvar",163770
87810,"17 56 16.08","-32 28 30.0",6.59,"O9.5Ia/ab",163181
87812,"17 56 18.40","+00 40 13.3",5.82,"B2IV-V",163472
87813,"17 56 19.04","-15 48 44.5",5.93,"A0V",163336
87819,"17 56 21.29","-21 57 21.5",6.86,"A1V",163296
87822,"17 56 24.18","-65 43 15.5",6.36,"F8V",162521
87823,"17 56 24.41","+18 19 37.3",6.66,"A0III",163640
87833,"17 56 36.38","+51 29 20.2",2.24,"K5III",164058
87834,"17 56 37.82","+18 36 44.7",6.55,"K0",163675
87836,"17 56 41.82","-28 03 55.3",5.76,"A7III/IV",163318
87840,"17 56 43.00","+44 59 14.6",6.92,"B9",163966
87846,"17 56 47.43","-44 20 31.9",4.85,"K2III",163145
87847,"17 56 47.75","-04 04 54.5",5.44,"G9III",163532
87850,"17 56 48.51","+45 21 03.3",6.22,"M6Sv",163990
87853,"17 56 50.03","-32 41 19.9",6.68,"B9III/IV",163274
87865,"17 56 55.89","-40 18 20.3",6.46,"K3III",163234
87866,"17 56 55.96","+06 29 15.8",6.28,"B9III",163641
87875,"17 57 04.30","+00 04 00.1",5.95,"A3V",163624
87877,"17 57 05.08","+45 51 20.5",6.75,"F5",164059
87880,"17 57 07.46","-23 56 21.3",6.52,"K5II",163428
87883,"17 57 08.98","+37 48 10.4",6.87,"K0",163967
87886,"17 57 10.41","-41 58 42.3",6.74,"B5Vn",163254
87892,"17 57 13.22","-55 22 52.3",6.55,"K0III+...",163028
87895,"17 57 14.34","+23 59 44.6",6.32,"G2V",163840
87909,"17 57 24.30","+33 24 03.2",6.89,"K0",163948
87910,"17 57 26.99","+11 02 40.4",6.33,"A1V",163772
87924,"17 57 40.92","-39 06 06.3",6.65,"A0IV/V",163375
87926,"17 57 41.68","-76 10 40.6",6.08,"K2III",161988
87928,"17 57 42.74","-56 53 46.4",6.26,"B4III",163071
87933,"17 57 45.83","+29 14 52.5",3.7,"K0III",163993
87936,"17 57 47.81","-41 42 58.5",4.88,"M0III",163376
87939,"17 57 51.00","+02 15 12.8",6.95,"A0",163792
87944,"17 57 56.57","+43 25 01.6",6.83,"B9",164212
87945,"17 57 56.75","-36 00 28.5",6.76,"A0III/IV",163482
87948,"17 57 57.80","-39 08 11.3",6.28,"A0IV/V",163433
87958,"17 58 05.03","+32 38 53.3",6.66,"F5",164078
87998,"17 58 30.15","+30 11 21.4",4.41,"F2II",164136
88012,"17 58 39.05","-28 45 32.7",5.99,"B3II/III",163685
88020,"17 58 42.32","+36 17 16.5",6.03,"G5III:",164280
88030,"17 58 52.31","+45 28 34.2",6.48,"B9sp...",164429
88038,"17 58 55.68","-36 51 30.3",5.74,"G8III",163652
88048,"17 59 01.60","-09 46 24.1",3.32,"K0III",163917
88060,"17 59 05.28","-30 15 10.8",5.0,"K5/M0III",163755
88063,"17 59 10.56","-38 34 24.3",6.8,"M0III",163691
88069,"17 59 13.46","-36 56 19.7",6.92,"A3III",163708
88082,"17 59 21.16","-77 49 26.2",6.74,"G8III/IV",162049
88101,"17 59 36.76","-04 49 15.3",5.86,"K5III",164064
88103,"17 59 36.88","+43 14 06.7",6.71,"K0",164575
88109,"17 59 40.85","-41 29 13.4",6.51,"B5II",163745
88116,"17 59 47.56","-23 48 57.6",4.74,"B9V",163955
88122,"17 59 56.20","+45 30 05.3",5.69,"M0III",164646
88125,"18 00 00.08","-20 20 22.2",6.22,"K0III",164028
88127,"18 00 03.37","+80 00 01.9",6.11,"K2Vvar",166865
88128,"18 00 03.42","+16 45 03.4",4.67,"K0II-III",164349
88132,"18 00 07.32","+06 33 14.2",6.78,"A0",164257
88136,"18 00 09.07","+80 00 13.7",5.74,"K2Vvar",166866
88142,"18 00 11.53","-24 17 03.1",6.64,"K0III",164031
88144,"18 00 12.64","+08 51 21.6",6.88,"G5",164309
88148,"18 00 15.66","+00 37 46.2",6.36,"A3spe...",164258
88149,"18 00 15.80","+04 22 07.1",4.79,"B2Ve",164284
88152,"18 00 16.17","-47 33 13.6",6.7,"A0V",163761
88172,"18 00 27.65","+19 30 20.8",6.42,"B8Vn",164447
88175,"18 00 28.92","-03 41 24.6",4.62,"F3V",164259
88190,"18 00 36.38","+33 12 49.5",6.01,"K6III",164614
88192,"18 00 38.72","+02 55 53.7",3.93,"B5Ib",164353
88213,"18 00 52.86","+06 16 05.9",6.36,"B2IV",164432
88217,"18 00 57.30","+15 05 37.7",6.28,"G5IV",164507
88234,"18 01 04.95","+47 24 11.1",6.87,"K0",164921
88258,"18 01 23.12","-17 09 24.7",6.27,"K2III",164358
88267,"18 01 30.40","+21 35 44.5",4.26,"G5",164668
88270,"18 01 31.82","-38 04 55.9",6.91,"B9III",164129
88274,"18 01 34.21","-85 12 52.1",6.45,"F4V",159517
88277,"18 01 35.89","+33 18 40.4",6.18,"K5III",164824
88290,"18 01 45.19","+01 18 18.4",4.42,"A2Vn",164577
88294,"18 01 48.30","-36 22 40.1",6.3,"B7/B8II/III",164245
88298,"18 01 54.38","-22 46 49.0",5.72,"B0Iab...",164402
88328,"18 02 22.79","-60 08 14.2",6.94,"G8II/III",163878
88331,"18 02 23.05","+20 50 01.1",5.25,"B3IV",164852
88342,"18 02 28.55","-03 09 26.4",6.75,"G0",164674
88346,"18 02 30.16","+22 55 23.7",6.22,"B3Vn",164900
88349,"18 02 30.76","+58 37 37.9",6.86,"A2",165459
88356,"18 02 34.67","+30 33 19.0",6.59,"F2",165008
88362,"18 02 37.32","-20 44 15.4",6.78,"B2/B3II",164581
88374,"18 02 46.27","-05 21 29.0",6.74,"B9V",164716
88379,"18 02 50.94","+75 47 24.3",6.95,"A0",166655
88380,"18 02 51.10","-24 16 56.7",5.37,"F2/F3II/III",164584
88384,"18 02 54.30","-27 49 36.0",6.69,"K4III",164562
88396,"18 03 01.71","-22 43 06.6",6.73,"B0Ib/II",164637
88404,"18 03 04.91","-08 10 48.9",4.77,"F5V+...",164764
88415,"18 03 08.87","+48 27 51.3",6.26,"A2V",165358
88429,"18 03 14.57","+19 36 47.4",6.41,"A0V",165029
88434,"18 03 20.57","+19 33 21.2",6.92,"M5II-III",165042
88454,"18 03 33.76","-66 32 17.9",6.89,"K1/K2III",163880
88469,"18 03 52.44","-24 21 38.6",5.89,"O6",164794
88471,"18 03 53.43","+30 22 40.4",6.79,"F5V",165281
88474,"18 03 54.11","+26 39 05.0",6.93,"F4V",165241
88522,"18 04 37.36","+01 55 08.4",6.14,"B0IIIn",165174
88528,"18 04 40.20","+23 56 31.8",6.34,"F0IV-V",165373
88531,"18 04 42.82","-59 12 34.0",6.88,"G4IV",164427
88533,"18 04 43.18","+40 05 02.8",6.52,"F7V",165567
88550,"18 04 50.39","-35 54 04.9",5.98,"K2III",164870
88563,"18 05 00.38","+16 55 36.0",6.97,"M2III",165374
88565,"18 05 00.81","+41 56 45.8",6.38,"F0V",165645
88567,"18 05 01.22","-29 34 48.3",4.66,"G0Ib/II",164975
88581,"18 05 10.55","-24 23 54.8",6.86,"O8",165052
88583,"18 05 11.16","+66 56 43.8",6.86,"F5",166379
88599,"18 05 26.74","-81 29 11.2",6.37,"K3/K4III",162337
88601,"18 05 27.21","+02 30 08.8",4.03,"K0V SB",165341
88604,"18 05 30.13","+21 38 47.8",6.18,"K3III:",165524
88606,"18 05 30.74","+51 56 49.0",6.84,"K0",165907
88614,"18 05 32.93","-37 28 18.4",6.84,"K0III",164999
88622,"18 05 37.47","+04 39 28.6",6.8,"G0V",165401
88627,"18 05 43.30","+12 00 13.9",6.51,"A7p+...",165474
88635,"18 05 48.52","-30 25 25.1",2.98,"K0III",165135
88636,"18 05 49.60","+32 13 50.6",5.72,"K0III",165683
88654,"18 05 59.93","+57 21 33.2",6.97,"K5",166155
88657,"18 06 01.91","+22 13 08.0",4.96,"M3IIIa+...",165625
88670,"18 06 07.40","-08 19 26.1",5.84,"B8III-IV",165402
88671,"18 06 07.44","-00 26 46.0",6.32,"G8IIp",165462
88675,"18 06 09.21","-51 44 38.0",6.46,"A2III",164896
88684,"18 06 15.11","-04 45 04.2",5.74,"K1IV",165438
88686,"18 06 17.05","+24 24 49.4",6.77,"K0",165684
88694,"18 06 23.64","-36 01 11.3",5.94,"G3V",165185
88702,"18 06 29.54","-58 34 15.3",6.82,"B3III",164806
88714,"18 06 37.88","-50 05 29.2",3.65,"B2Ib",165024
88716,"18 06 40.60","+64 13 17.1",6.67,"K0",166578
88726,"18 06 49.88","-43 25 29.9",4.92,"A5V",165189
88728,"18 06 50.75","+08 52 34.7",6.96,"F5",165670
88732,"18 06 53.47","+50 49 21.4",6.31,"K0III",166207
88745,"18 07 01.61","+30 33 42.7",5.05,"F7V",165908
88754,"18 07 06.29","+49 42 37.4",6.32,"A2V",166228
88760,"18 07 11.35","-21 26 38.2",6.22,"B1/B2Ib",165516
88765,"18 07 18.35","+08 44 01.7",4.64,"G8III-IV",165760
88770,"18 07 20.99","+02 28 53.7",6.51,"K5",165742
88771,"18 07 21.02","+09 33 49.2",3.71,"A4IVs",165777
88772,"18 07 21.19","+15 55 00.6",6.68,"K0",165848
88788,"18 07 28.74","+43 27 43.3",5.0,"G8III...",166208
88794,"18 07 32.55","+28 45 44.9",3.84,"B9.5V",166014
88812,"18 07 47.58","+09 50 56.1",6.66,"A0",165864
88814,"18 07 48.35","+13 04 15.9",6.61,"A2Vn",165910
88815,"18 07 48.37","-64 33 00.1",6.4,"K2/K3III",164871
88816,"18 07 48.40","-17 09 15.5",5.52,"K0III",165687
88817,"18 07 49.51","+26 05 50.2",5.79,"A3V",166046
88818,"18 07 49.56","+26 06 04.4",5.83,"A3V",166045
88836,"18 08 02.31","+36 24 06.2",5.49,"K2III",166229
88839,"18 08 04.96","-28 27 25.3",4.55,"K0IIICNpvar",165634
88841,"18 08 07.24","+02 13 07.2",6.61,"A2",165887
88852,"18 08 21.80","+44 06 45.1",6.84,"F5",166409
88859,"18 08 30.11","-45 46 01.1",6.13,"B7/B8II",165493
88862,"18 08 33.74","+14 17 05.0",6.34,"A5m",166095
88866,"18 08 34.79","-63 40 05.0",4.33,"Am",165040
88876,"18 08 38.59","-21 26 58.4",6.42,"A2/A3Iab",165784
88878,"18 08 39.24","-02 54 26.8",6.75,"G5",165965
88886,"18 08 45.49","+20 48 52.5",4.37,"B2IV",166182
88898,"18 08 52.45","+01 59 43.9",6.99,"F2",166073
88899,"18 08 52.86","+20 02 43.0",5.1,"A8III",166230
88900,"18 08 52.96","+24 57 59.9",6.72,"A0",166280
88905,"18 08 54.04","-25 28 22.9",6.76,"B4IV",165814
88907,"18 08 54.51","-29 59 34.6",6.97,"K2/K3III+..",165767
88929,"18 09 10.18","+30 28 09.1",6.36,"K1III:",166411
88945,"18 09 21.33","+29 57 05.6",6.84,"G0",166435
88947,"18 09 22.50","-36 40 21.1",6.53,"B1/B2Ib",165793
88964,"18 09 33.86","+03 59 35.8",5.71,"F2V",166233
88972,"18 09 37.65","+38 27 32.1",6.38,"K2V",166620
88981,"18 09 43.37","-13 56 03.9",6.38,"K1II",166103
89000,"18 09 54.01","+03 07 13.1",5.67,"F5V",166285
89006,"18 09 57.59","-59 02 24.6",6.38,"K4III",165497
89008,"18 09 58.99","+36 27 58.5",5.57,"G8III",166640
89010,"18 09 59.96","-32 43 09.4",6.39,"K0III",165978
89020,"18 10 05.81","-30 43 43.0",5.53,"K1III + (F)",166023
89023,"18 10 08.73","+16 28 35.8",6.09,"B9V+...",166479
89042,"18 10 26.26","-62 00 10.0",5.47,"G0V",165499
89047,"18 10 31.53","+54 17 09.4",5.97,"K1III",167042
89065,"18 10 40.29","+03 19 27.4",5.5,"K2III",166460
89082,"18 10 50.01","+44 35 54.0",6.82,"K0",166955
89086,"18 10 55.35","-33 48 00.2",6.13,"B2II/III",166197
89096,"18 11 04.41","-47 30 47.0",6.07,"K1III-IV",166006
89097,"18 11 05.22","-25 45 44.4",6.67,"K2III/IV",166295
89099,"18 11 05.54","-41 21 32.5",5.86,"F0Vn",166114
89104,"18 11 07.16","+60 24 34.3",6.5,"A1Vnn",167387
89112,"18 11 13.78","-45 57 15.6",4.52,"G5III",166063
89114,"18 11 14.79","-19 50 30.8",6.33,"A2V",166393
89115,"18 11 15.76","-75 53 26.9",5.86,"K3III",164712
89133,"18 11 26.94","-05 12 18.0",6.74,"B9",166563
89139,"18 11 31.98","+25 33 40.2",6.78,"K1III",166842
89143,"18 11 35.17","+48 17 22.7",6.65,"K0",167190
89152,"18 11 43.20","-55 21 41.9",6.78,"M0III",165986
89153,"18 11 43.33","-23 42 04.2",4.96,"K0III",166464
89156,"18 11 45.11","+33 26 49.3",5.98,"A3V",166988
89172,"18 11 54.17","+31 24 19.0",4.96,"M3III",167006
89178,"18 11 58.15","-28 54 05.5",6.51,"B9IVspe...",166469
89198,"18 12 11.07","+33 17 30.2",6.94,"K5",167063
89230,"18 12 32.19","+24 27 05.9",6.98,"K0",167044
89234,"18 12 34.17","-73 40 18.4",5.86,"F5V",165259
89242,"18 12 40.36","+02 48 46.1",6.68,"B9",166917
89246,"18 12 42.62","+41 08 49.0",6.36,"K0III",167304
89255,"18 12 52.03","+22 49 30.4",6.97,"M0",167106
89264,"18 12 56.25","-50 33 31.1",6.51,"F0V",166376
89277,"18 13 03.84","+02 58 50.2",6.82,"A2",166991
89279,"18 13 04.82","+38 46 24.5",6.04,"B9IIIn",167370
89288,"18 13 09.99","-04 00 42.0",6.59,"A2m",166960
89290,"18 13 12.70","-41 20 09.9",5.47,"B2.5III",166596
89294,"18 13 15.67","+16 16 23.8",6.77,"F8IV",167134
89298,"18 13 16.53","+21 52 48.8",6.14,"K4III",167193
89309,"18 13 25.14","+11 53 03.4",6.88,"A0",167135
89330,"18 13 37.34","-31 58 02.3",6.79,"B7II",166790
89341,"18 13 45.81","-21 03 31.8",3.84,"B2III:",166937
89342,"18 13 47.48","-46 18 44.9",6.82,"A1V",166636
89345,"18 13 48.71","-43 12 15.5",6.94,"K0III",166675
89347,"18 13 52.22","+02 23 36.6",6.43,"K2",167162
89348,"18 13 53.36","+64 23 49.9",4.99,"F5V",168151
89362,"18 14 07.73","+28 12 59.3",6.84,"K1III",167472
89369,"18 14 15.91","-21 42 47.2",5.49,"K2III",167036
89370,"18 14 16.36","-63 41 22.3",6.47,"K4III",166251
89382,"18 14 24.12","-70 45 04.2",6.7,"B7/B8II/III",165861
89401,"18 14 41.01","+56 35 17.4",6.66,"F1V",168092
89408,"18 14 43.99","+29 12 28.4",6.51,"F8V",167588
89420,"18 14 56.21","+49 09 29.2",6.83,"K2",167941
89429,"18 15 05.11","-29 49 22.7",6.81,"M1III",167121
89439,"18 15 12.91","-20 43 41.8",5.29,"B0/1Ia/ab",167264
89440,"18 15 12.97","-20 23 16.7",5.96,"B0.5Ib/II",167263
89446,"18 15 15.83","+54 08 27.4",6.83,"K2",168130
89448,"18 15 17.05","+68 45 21.5",5.96,"K1III:",168653
89460,"18 15 26.68","-48 51 05.9",6.58,"G8III/IV",166949
89463,"18 15 27.32","-34 35 40.2",6.92,"B9IV",167147
89465,"18 15 28.69","+86 39 27.7",6.51,"M...",174878
89470,"18 15 30.76","-18 39 41.7",6.05,"Ap Si",167356
89474,"18 15 32.53","+45 12 34.5",6.3,"G2V",168009
89482,"18 15 38.78","+42 09 33.6",5.56,"B7IV",167965
89486,"18 15 40.18","-33 05 29.5",6.94,"B9V",167230
89487,"18 15 40.66","-63 03 19.1",5.58,"K0III/IV",166599
89502,"18 15 50.90","-36 34 25.5",6.94,"B3III",167233
89505,"18 15 53.33","+30 23 59.4",6.76,"K0",167856
89507,"18 15 53.39","-44 12 23.4",5.45,"G8/K0III",167096
89512,"18 15 57.93","-03 37 04.7",6.35,"A4V",167564
89527,"18 16 05.58","+02 22 39.3",6.1,"M4III",167654
89530,"18 16 07.07","-56 39 03.0",6.91,"K3III",166912
89567,"18 16 35.37","-20 32 40.1",6.89,"A7:",167570
89570,"18 16 37.09","+48 06 18.9",6.9,"K2",168320
89587,"18 16 53.09","-03 00 24.3",5.99,"G3III",167768
89592,"18 16 57.49","-27 42 56.2",6.66,"K1III",167576
89594,"18 16 58.77","+68 44 30.1",6.79,"A0",169027
89597,"18 17 00.92","-51 04 05.7",6.06,"B9V",167257
89601,"18 17 04.85","+01 00 20.9",6.62,"F2V",167858
89604,"18 17 06.95","+40 56 11.7",6.12,"G9III",168322
89605,"18 17 07.54","-56 01 24.0",5.36,"B3IIIpe",167128
89609,"18 17 11.63","-17 22 25.9",5.81,"K2III",167720
89617,"18 17 17.74","-38 10 39.7",6.69,"G8II",167506
89620,"18 17 23.66","-28 17 19.0",6.36,"F8V",167665
89622,"18 17 24.08","-28 39 07.3",6.18,"A5V",167666
89623,"18 17 24.16","-09 45 30.5",6.29,"A8V",167833
89630,"18 17 28.56","-18 27 48.4",6.52,"O8/O9",167771
89637,"18 17 36.25","-34 06 26.0",6.03,"B3/B4IV/V",167647
89641,"18 17 37.71","-15 25 50.6",6.72,"B3Ia/Iab",167838
89642,"18 17 37.73","-36 45 40.6",3.1,"M2III",167618
89659,"18 17 51.13","-18 47 54.6",6.74,"B6II/III",167863
89674,"18 18 00.96","-68 13 45.2",6.32,"B9V",166841
89677,"18 18 02.94","+13 46 37.4",6.29,"B5V",168199
89678,"18 18 03.19","-27 02 33.5",4.66,"K3III",167818
89684,"18 18 07.72","+18 07 54.1",6.24,"B9V",168270
89683,"18 18 07.72","+23 17 49.0",6.45,"K5",168323
89698,"18 18 20.38","-54 19 56.7",6.91,"M0III",167465
89700,"18 18 24.54","+12 58 49.6",6.76,"B9",168271
89708,"18 18 30.47","-34 41 10.0",6.93,"B7/B8III",167846
89726,"18 18 40.15","-42 17 18.2",6.3,"B0.5Ia",167756
89731,"18 18 41.76","-25 36 17.0",6.51,"K0III",167979
89770,"18 19 08.35","+71 31 04.0",6.68,"F5",169666
89772,"18 19 09.56","+07 15 35.1",5.41,"K2III",168387
89773,"18 19 10.67","+24 26 45.8",5.3,"K4II SB",168532
89777,"18 19 16.30","+15 49 33.8",6.98,"A3",168481
89805,"18 19 40.08","-63 53 09.2",6.17,"F9V",167425
89807,"18 19 40.57","+67 26 06.1",6.92,"M0",169508
89808,"18 19 41.35","-45 41 55.8",6.84,"F7V",167954
89823,"18 19 50.13","-17 45 02.8",6.96,"K2/K3III",168329
89826,"18 19 51.72","+36 03 52.0",4.33,"K2IIIvar",168775
89827,"18 19 52.07","+29 39 59.0",6.01,"K4III",168694
89835,"18 19 56.10","+51 20 52.6",6.3,"K1III:",169028
89840,"18 20 01.72","-48 45 54.6",6.56,"A3IV/V",167956
89844,"18 20 03.99","-09 35 42.6",6.92,"G5",168443
89846,"18 20 05.14","-07 58 52.7",6.54,"F5",168459
89851,"18 20 08.77","-15 49 53.8",5.39,"K3III",168415
89859,"18 20 16.82","-35 25 43.2",6.87,"B5III",168236
89861,"18 20 17.90","+21 57 41.2",4.92,"M1III",168720
89872,"18 20 21.38","-56 12 56.4",6.94,"G8/K0III",167852
89878,"18 20 25.33","+28 59 00.7",6.61,"B8",168812
89898,"18 20 38.67","+22 47 50.8",6.8,"B8V",168795
89902,"18 20 42.16","-59 50 23.5",6.99,"B2V",167806
89908,"18 20 45.44","+71 20 15.8",4.22,"A0p (Si)",170000
89912,"18 20 49.23","+27 31 48.3",6.99,"G2IV",168874
89918,"18 20 52.06","+03 22 37.7",4.85,"G8III",168656
89920,"18 20 55.19","-37 29 15.5",6.46,"K2II",168357
89925,"18 20 56.97","+29 51 31.7",5.61,"A5m",168913
89931,"18 20 59.62","-29 49 40.9",2.72,"K3III",168454
89935,"18 21 01.02","+28 52 11.4",5.12,"A7V",168914
89936,"18 21 01.39","-43 46 29.6",6.65,"A3m...",168287
89938,"18 21 02.28","-15 13 50.4",6.94,"K3III",168567
89937,"18 21 02.34","+72 44 01.3",3.55,"F7Vvar",170153
89943,"18 21 07.15","+49 43 31.5",6.39,"K1III",169221
89954,"18 21 12.41","-26 05 06.4",6.91,"A6V",168525
89955,"18 21 14.42","-39 01 18.1",6.77,"A0II/III(p)",168403
89960,"18 21 16.45","-30 56 29.1",6.99,"B6V",168493
89962,"18 21 18.92","-02 53 49.6",3.23,"K0III-IV",168723
89968,"18 21 22.99","-18 51 35.9",5.76,"F8II",168608
89975,"18 21 27.77","+25 03 24.4",6.99,"B3V",168957
89977,"18 21 28.40","+05 26 08.7",6.14,"B3Ve",168797
89978,"18 21 29.49","+51 18 04.1",6.65,"K5",169355
89980,"18 21 31.36","-24 54 55.0",6.19,"M3III",168574
89981,"18 21 32.68","+49 07 17.3",5.02,"M2III",169305
89999,"18 21 48.45","+21 30 28.0",6.83,"B8",169031
90012,"18 22 00.13","-28 25 47.8",6.15,"A3III",168646
90023,"18 22 08.69","+23 17 06.0",5.41,"K5III",169110
90031,"18 22 11.79","+51 32 31.0",6.84,"A2",169487
90037,"18 22 18.60","-38 39 24.6",5.09,"K4/K5III",168592
90052,"18 22 35.31","+12 01 46.7",5.99,"A2V",169111
90067,"18 22 49.00","+17 49 35.7",5.25,"K3III",169191
90074,"18 22 53.08","-36 40 10.2",5.33,"B7Ib/II",168733
90083,"18 23 02.10","-10 13 08.1",6.32,"B9.5V",169009
90086,"18 23 02.94","+16 41 16.9",6.22,"K0",169223
90089,"18 23 04.47","-60 44 57.0",6.8,"A7III",168338
90096,"18 23 12.17","-12 00 52.9",5.71,"B5V",169033
90098,"18 23 13.62","-61 29 38.1",4.35,"M1III SB",168339
90111,"18 23 19.46","+14 42 00.2",6.74,"B9",169247
90124,"18 23 28.82","-36 14 16.8",5.52,"K0III",168838
90133,"18 23 36.44","-75 02 39.6",5.47,"A0V",167468
90135,"18 23 39.55","-08 56 04.2",4.66,"K0III",169156
90139,"18 23 41.77","+21 46 13.2",3.85,"K2III",169414
90140,"18 23 44.07","+38 20 42.3",6.92,"A0",169617
90146,"18 23 47.95","+53 18 03.1",6.35,"A3m",169885
90156,"18 23 54.65","+58 48 02.1",4.98,"A3V",170073
90163,"18 23 57.27","+38 44 21.0",6.41,"K2",169646
90170,"18 23 59.94","+43 54 27.9",6.63,"M2III",169746
90174,"18 24 03.60","-03 34 58.9",6.36,"F6III-IV",169268
90176,"18 24 05.63","+20 27 08.1",6.75,"F0",169490
90179,"18 24 08.55","+79 13 21.2",6.54,"K0",171606
90182,"18 24 09.18","+83 10 31.6",6.16,"A2V",172864
90185,"18 24 10.35","-34 23 03.5",1.79,"B9.5III",169022
90187,"18 24 10.94","+42 28 01.0",6.65,"A2",169778
90191,"18 24 13.80","+39 30 26.1",5.11,"A3IVn",169702
90200,"18 24 18.24","-44 06 36.7",5.24,"B2.5Vn",168905
90223,"18 24 33.11","-49 39 09.0",6.45,"G2V",168871
90238,"18 24 42.05","-07 04 33.1",6.28,"K0",169370
90253,"18 24 57.21","-01 34 45.9",6.15,"F1V",169493
90256,"18 24 58.46","+27 23 41.3",6.27,"A2Vn",169718
90260,"18 25 01.51","-30 45 23.0",5.58,"K0III",169233
90271,"18 25 08.88","+05 05 04.4",6.73,"B9V",169578
90274,"18 25 10.14","+64 50 17.8",6.84,"K0",170527
90281,"18 25 15.19","-13 58 42.3",6.61,"B1Ia",169454
90282,"18 25 16.77","-57 05 43.7",6.85,"F5V",168849
90289,"18 25 21.04","-20 32 29.8",4.81,"A1/A2V",169420
90290,"18 25 21.70","-35 59 31.3",6.14,"K0III",169236
90295,"18 25 27.88","+22 42 24.5",6.8,"B2.5IV-V",169798
90304,"18 25 31.63","-63 01 16.6",6.13,"A3V",168740
90313,"18 25 38.80","+08 01 55.3",5.64,"G8III-IV+..",169689
90336,"18 25 54.61","-33 56 44.5",6.3,"B7III",169398
90337,"18 25 55.23","+14 57 58.6",6.37,"B9V",169820
90342,"18 25 58.77","+29 49 44.4",5.81,"A2IV",169981
90344,"18 25 58.99","+65 33 48.8",4.82,"K2III",170693
90347,"18 26 03.36","+00 46 49.7",6.87,"A3",169725
90361,"18 26 19.64","+26 13 39.8",6.89,"B3V",170028
90397,"18 26 40.80","-30 23 35.5",6.75,"G0V",169586
90398,"18 26 40.93","+26 26 57.2",6.5,"B3V",170111
90414,"18 26 54.01","-48 07 01.6",5.44,"K0/K1III+..",169405
90422,"18 26 58.43","-45 58 06.0",3.49,"B3IV",169467
90437,"18 27 08.86","-08 02 25.6",6.5,"K0",169913
90441,"18 27 12.51","+00 11 46.1",5.2,"G0III+...",169985
90459,"18 27 31.29","-15 22 25.3",6.95,"F5V",169915
90476,"18 27 42.09","+59 32 56.5",6.43,"K0IV",170811
90478,"18 27 43.76","-26 38 05.1",6.31,"A7V",169851
90483,"18 27 45.89","+24 41 50.6",6.94,"B9",170314
90485,"18 27 49.48","-29 49 00.8",5.9,"F8V",169830
90487,"18 27 50.32","+03 44 54.9",6.07,"K3III",170137
90494,"18 27 56.48","-17 48 01.3",6.19,"B8III/IV",169990
90496,"18 27 58.27","-25 25 16.5",2.82,"K1IIIb",169916
90497,"18 27 58.77","+06 11 39.0",5.71,"B8III-IV",170200
90510,"18 28 06.17","-26 45 25.8",6.28,"A3/A4V",169938
90509,"18 28 06.35","-84 23 14.0",6.49,"B8/B9V",165338
90513,"18 28 07.09","-22 59 58.9",6.96,"G8/K0III",169966
90541,"18 28 27.11","-38 59 44.1",5.63,"A2m...",169853
90549,"18 28 34.88","-77 21 57.9",6.84,"K0III",168241
90568,"18 28 49.74","-49 04 12.1",4.1,"G8/K0III",169767
90576,"18 28 57.36","-26 34 55.4",6.68,"A3III",170141
90595,"18 29 11.85","-14 33 56.9",4.67,"A1IV/V",170296
90596,"18 29 11.93","-29 15 33.9",6.88,"F5V",170142
90597,"18 29 12.87","-43 50 45.6",6.36,"G8III",169943
90604,"18 29 16.79","-38 51 04.6",6.63,"B9III",170040
90606,"18 29 20.02","-80 13 57.2",5.95,"K2III",167714
90609,"18 29 20.86","+17 59 02.2",6.78,"B9",170562
90610,"18 29 21.99","-25 15 23.7",6.63,"B2Vnne",170235
90637,"18 29 35.71","+23 51 58.3",5.87,"B6IV",170650
90642,"18 29 40.96","-01 59 06.8",5.38,"K0III",170474
90647,"18 29 44.96","+77 32 49.5",5.65,"K4III",172340
90651,"18 29 46.75","-14 34 55.3",6.02,"Ap",170397
90662,"18 29 55.92","-47 13 13.8",5.69,"K2III",170069
90664,"18 29 56.68","-57 31 23.1",5.74,"K0III",169836
90665,"18 29 57.14","+10 28 58.4",6.91,"F0",170598
90676,"18 30 05.12","+04 03 55.3",6.66,"B2V",170580
90687,"18 30 11.84","-18 43 42.9",5.63,"K0III",170433
90692,"18 30 14.30","-05 43 26.9",6.27,"G8II-III",170547
90713,"18 30 29.16","-23 15 02.3",6.99,"G8Ib/II",170457
90720,"18 30 32.85","+40 58 32.9",6.99,"K2",171008
90728,"18 30 41.17","+04 30 39.0",6.95,"A2",170699
90729,"18 30 41.64","+20 48 56.5",6.49,"G8IV",170829
90743,"18 30 56.30","-48 00 53.1",6.6,"F6V",170283
90759,"18 31 02.95","-41 54 49.5",6.02,"A3V",170384
90762,"18 31 04.47","+16 55 43.0",5.76,"A2V",170878
90763,"18 31 04.85","-32 59 20.4",5.37,"A5V",170479
90775,"18 31 11.47","-36 48 33.2",6.98,"A9IV",170461
90780,"18 31 14.91","+65 26 09.1",6.6,"A8m",171653
90790,"18 31 19.05","-18 54 30.0",6.81,"K1V",170657
90797,"18 31 22.43","-62 16 41.5",4.63,"B8III",169978
90804,"18 31 25.69","-10 47 44.9",5.77,"B2V",170740
90806,"18 31 26.30","-18 24 09.5",5.12,"B9/B9.5V",170680
90830,"18 31 45.44","-45 54 53.1",4.92,"B6IV",170465
90836,"18 31 53.33","-19 07 30.2",6.59,"G1Ib",170764
90842,"18 31 56.22","-43 30 26.5",5.71,"K2III",170521
90844,"18 31 56.99","-01 00 10.7",5.93,"A4III",170920
90853,"18 32 01.94","-45 45 26.5",5.07,"B3III",170523
90858,"18 32 06.88","+03 39 34.5",6.41,"A0sp...",170973
90865,"18 32 11.38","+52 06 55.9",6.58,"B9.5V",171461
90882,"18 32 18.81","+67 46 36.8",6.66,"K5",171992
90884,"18 32 20.66","-14 38 39.2",6.36,"A4/A5IV/V",170902
90886,"18 32 20.97","+45 46 27.8",6.96,"K5",171383
90887,"18 32 21.31","-39 42 14.1",5.16,"A3V",170642
90900,"18 32 29.17","-18 58 21.5",6.97,"G3/G5Ib",170886
90904,"18 32 33.27","-35 20 58.5",6.95,"K0III",170750
90905,"18 32 34.52","+57 02 44.2",4.77,"F7Ib",171635
90908,"18 32 37.86","+46 05 33.1",6.69,"K0",171438
90913,"18 32 43.32","-14 51 56.4",5.47,"K3Iab",170975
90915,"18 32 46.15","+23 37 00.4",5.88,"K5III",171245
90923,"18 32 49.95","+30 33 15.1",5.47,"B8IV",171301
90930,"18 32 55.33","-73 57 55.4",5.88,"K0III",169570
90936,"18 33 00.85","-39 53 30.6",6.22,"F5V",170773
90939,"18 33 02.02","-16 33 36.7",6.97,"K0/K1II/III",170991
90948,"18 33 08.44","+40 31 56.3",6.93,"K0",171484
90950,"18 33 10.10","-18 22 06.1",6.79,"B0Ia/ab",171012
90953,"18 33 14.41","-24 06 34.3",6.81,"B3III/IV",170978
90955,"18 33 14.66","+18 54 56.6",6.83,"K0",171286
90967,"18 33 22.71","-05 54 41.9",6.36,"A0Vn",171149
90970,"18 33 23.04","+30 53 31.6",6.55,"B4V",171406
90969,"18 33 23.08","-38 43 12.0",6.31,"B8",170867
90968,"18 33 23.13","-38 43 33.4",5.67,"B9.5",170868
90971,"18 33 23.30","+08 16 05.8",6.42,"B8IIIp SiSr:",171247
90981,"18 33 29.44","-58 42 30.7",6.4,"G5IV",170525
90982,"18 33 30.16","-42 18 44.9",4.62,"G5III",170845
90991,"18 33 39.00","-14 51 12.9",5.74,"A0/A1V",171130
90999,"18 33 47.66","+46 13 08.8",6.73,"A0",171654
91004,"18 33 53.49","-24 01 56.2",5.49,"K3III",171115
91013,"18 33 56.70","+52 21 12.6",5.38,"K0III",171779
91014,"18 33 57.76","-33 00 59.5",5.28,"B2III/IV",171034
91035,"18 34 14.48","-66 16 45.3",6.76,"A(V) + G5III",170407
91041,"18 34 19.57","+20 27 59.1",6.57,"A3V",171487
91042,"18 34 19.69","+29 44 31.1",6.64,"K0III",171550
91050,"18 34 25.29","-54 05 16.7",6.72,"F3II",170806
91054,"18 34 27.27","-34 48 56.7",6.91,"F0V",171119
91061,"18 34 30.90","+51 46 56.4",6.51,"M0",171911
91062,"18 34 31.13","-52 53 29.1",6.21,"K2III",170873
91066,"18 34 32.76","-24 13 20.6",6.53,"F2II",171237
91084,"18 34 41.98","-50 43 18.1",6.79,"K2III",170946
91090,"18 34 47.49","+10 53 31.2",6.48,"A1V",171505
91093,"18 34 53.62","-52 23 14.5",6.83,"K0III",170948
91105,"18 35 02.36","-10 58 37.9",5.12,"G8III",171391
91117,"18 35 12.44","-08 14 35.9",3.85,"K2III",171443
91118,"18 35 12.59","+18 12 12.2",5.79,"A0Vn",171623
91119,"18 35 13.50","+34 27 28.8",6.1,"B5Vn",171780
91132,"18 35 21.31","-20 50 25.6",6.49,"F0IV/V",171369
91135,"18 35 23.69","-19 16 06.6",6.77,"M3/M4III",171394
91137,"18 35 26.57","-32 53 26.8",6.86,"A0V",171296
91139,"18 35 30.39","+23 36 19.9",5.62,"G8III",171745
91142,"18 35 36.48","+04 56 09.8",6.47,"A2pvar",171586
91149,"18 35 43.56","-29 56 15.1",6.91,"K1II",171352
91159,"18 35 53.19","+16 58 33.1",6.21,"G2Vv comp",171746
91163,"18 35 54.74","+72 22 48.8",6.81,"K2",172922
91172,"18 35 59.64","-29 41 56.7",6.36,"K1III",171416
91185,"18 36 07.84","-06 44 31.3",6.95,"K2",171610
91192,"18 36 11.99","+41 16 41.1",6.92,"A0...",172068
91196,"18 36 13.25","+65 29 18.7",6.07,"F0V",172569
91200,"18 36 14.99","+30 35 04.8",6.68,"G5",171946
91217,"18 36 27.84","+09 07 22.1",5.38,"F5III",171802
91220,"18 36 29.00","+04 57 18.3",6.73,"K1III",171767
91234,"18 36 37.03","+22 06 27.4",6.76,"B9",171948
91235,"18 36 37.35","+33 28 08.5",5.41,"B8II-IIIp..",172044
91237,"18 36 39.09","+06 40 19.8",5.43,"F3V",171834
91245,"18 36 41.44","-56 13 36.5",6.94,"K1III",171212
91247,"18 36 42.12","+15 26 52.9",6.75,"K0",171913
91250,"18 36 45.53","+43 13 18.6",6.21,"F0V",172187
91259,"18 36 54.07","+03 47 23.6",6.6,"K0",171852
91262,"18 36 56.19","+38 46 58.8",0.03,"A0Vvar",172167
91273,"18 37 03.28","-28 30 45.8",6.78,"K0IV",171627
91279,"18 37 09.05","+16 11 53.4",6.31,"G8IV",171994
91281,"18 37 09.43","+00 57 03.9",6.88,"F8",171888
91286,"18 37 12.63","+11 25 17.5",6.57,"B9V",171975
91292,"18 37 15.67","-40 48 12.9",6.96,"G6IICNIV",171545
91297,"18 37 20.53","+11 21 21.0",6.88,"A0",172010
91298,"18 37 23.92","+77 41 12.4",6.94,"F0",173831
91301,"18 37 25.79","-47 04 28.4",6.88,"F0IV/V",171502
91306,"18 37 28.79","+29 35 04.7",6.7,"K4III",172169
91308,"18 37 29.74","-02 55 12.2",6.74,"K0",171917
91314,"18 37 32.87","-12 20 59.1",6.95,"F6V",171854
91315,"18 37 33.51","+62 31 35.3",5.74,"A0V",172728
91322,"18 37 35.95","-00 18 33.9",5.76,"A2V",171978
91337,"18 37 45.47","-04 48 24.9",6.77,"F2",171954
91338,"18 37 48.45","+05 53 00.5",6.68,"B8",172046
91343,"18 37 51.57","-17 13 52.6",6.78,"F2V",171893
91347,"18 37 54.43","-21 23 51.2",5.93,"A5IV",171856
91355,"18 37 57.09","-02 35 25.7",6.9,"K0",172013
91361,"18 37 59.94","+28 37 47.8",6.92,"A0",172244
91369,"18 38 04.48","-14 00 17.1",6.49,"B8II/III",171957
91373,"18 38 06.47","+39 40 05.9",6.02,"M4.5II",172380
91384,"18 38 19.02","-01 06 46.8",6.64,"F1IV-V",172103
91394,"18 38 23.80","-03 11 37.4",6.49,"F9IV",172088
91396,"18 38 24.24","+63 31 58.2",6.85,"K0",172923
91397,"18 38 24.32","+60 42 39.3",6.65,"F2",172825
91405,"18 38 30.72","-23 30 17.4",5.78,"B8III",171961
91406,"18 38 31.60","-48 43 14.5",6.54,"K3/K4III",171648
91408,"18 38 34.40","+15 05 01.2",6.78,"A0",172228
91418,"18 38 39.85","+04 51 17.7",6.71,"K0",172190
91424,"18 38 41.87","-30 01 40.4",6.84,"F2IV",171936
91436,"18 38 51.27","+52 20 38.2",6.92,"F2",172712
91438,"18 38 53.45","-21 03 05.4",5.85,"G5V",172051
91446,"18 39 02.07","-23 10 55.5",6.71,"F5II",172052
91461,"18 39 14.27","-47 54 35.3",5.84,"A3V",171819
91466,"18 39 17.88","-34 09 58.6",6.65,"B9.5V",172016
91469,"18 39 19.36","+59 31 40.9",6.92,"K5",172957
91491,"18 39 33.03","+40 56 06.2",6.25,"B9V",172671
91494,"18 39 35.18","-43 11 08.8",5.42,"M2III",171967
91499,"18 39 36.88","+05 15 51.4",6.36,"F8Ib-II",172365
91512,"18 39 47.82","-58 52 09.1",6.75,"K1III",171674
91523,"18 39 51.60","+07 21 31.4",6.26,"G8III",172424
91525,"18 39 52.81","+52 11 45.7",6.0,"A0p...",172883
91527,"18 39 53.68","-20 04 16.3",6.67,"A8III",172236
91532,"18 40 00.40","-07 47 26.5",5.82,"K4III",172348
91533,"18 40 01.93","+30 50 57.8",6.43,"K0",172631
91552,"18 40 12.19","+38 22 01.8",6.45,"A6m",172741
91568,"18 40 21.76","+26 07 51.1",6.85,"B9",172650
91571,"18 40 22.61","+08 52 06.5",6.93,"A2III",172522
91589,"18 40 43.89","-47 01 38.2",6.8,"A1/A2IV/V",172128
91606,"18 40 56.40","+62 44 57.6",6.1,"K0III",173398
91635,"18 41 16.13","+30 17 27.1",6.91,"G5",
91636,"18 41 16.36","+30 17 40.9",6.79,"G5IV",172865
91647,"18 41 21.05","-50 28 21.2",6.54,"G8III",172181
91659,"18 41 28.51","+12 14 11.5",6.83,"K2II",172744
91662,"18 41 30.69","-48 05 39.9",6.47,"K3III",172223
91665,"18 41 34.44","-03 07 06.6",6.69,"K0",172654
91674,"18 41 40.91","+40 43 04.5",6.64,"F0",173086
91675,"18 41 41.31","+31 37 03.3",6.41,"B8V",172958
91677,"18 41 42.46","-14 33 51.3",6.4,"F2/F3Ib/II",172594
91689,"18 41 51.61","-23 50 00.1",6.22,"A3m...",172546
91707,"18 42 08.09","+34 44 46.7",6.49,"B5V",173087
91723,"18 42 14.36","-81 48 29.1",6.27,"B8V",169904
91726,"18 42 16.42","-09 03 09.2",4.7,"F2IIIp d Del",172748
91728,"18 42 17.89","-07 20 14.4",6.91,"M0",172768
91732,"18 42 22.53","-47 45 39.2",6.6,"F5V",172416
91733,"18 42 22.63","-64 38 34.7",6.35,"A5V",172021
91751,"18 42 36.12","-07 04 25.1",6.13,"K0.5III",172831
91752,"18 42 36.96","+15 11 57.9",6.91,"A0",173000
91755,"18 42 37.96","+55 32 21.8",5.03,"B9.5p...",173524
91758,"18 42 39.81","-15 31 18.7",6.95,"G6/G8III",172772
91775,"18 42 50.61","+47 34 30.5",6.95,"A2",173415
91781,"18 42 55.11","-19 17 02.9",6.32,"M4III",172816
91792,"18 43 02.13","-71 25 39.8",4.01,"K2III",171759
91795,"18 43 03.17","-78 03 58.5",6.77,"F5IV/V",171043
91811,"18 43 10.34","+70 47 34.3",6.28,"K2",174205
91820,"18 43 16.57","+39 18 00.3",6.45,"K5",173383
91843,"18 43 29.01","+53 52 18.5",6.18,"A2IV",173664
91845,"18 43 31.24","-08 16 30.9",4.88,"G8II",173009
91847,"18 43 31.63","-11 20 13.2",6.95,"K5",172982
91852,"18 43 36.09","+36 33 23.3",6.04,"G8",173416
91854,"18 43 37.32","-64 33 04.7",5.76,"K0III",172211
91875,"18 43 46.94","-38 19 23.9",5.11,"A0/A1V",172777
91880,"18 43 51.22","-06 49 04.8",6.3,"F7V",173093
91882,"18 43 51.49","+10 54 04.1",6.56,"K5",173215
91883,"18 43 51.61","+31 55 36.9",5.68,"F1III-IV",173417
91887,"18 43 54.38","+47 36 58.7",6.68,"K2",173630
91898,"18 44 05.15","+38 31 59.0",6.54,"K5",173525
91901,"18 44 07.93","-36 43 05.6",6.31,"K0III",172875
91903,"18 44 08.77","-19 19 04.4",6.74,"F3IV",173059
91915,"18 44 18.27","+61 02 53.1",6.02,"G7IV",173949
91918,"18 44 19.36","-35 38 30.9",4.86,"B2V",172910
91919,"18 44 20.34","+39 40 11.9",4.67,"F1V",173582
91926,"18 44 22.78","+39 36 45.3",4.59,"A8Vn",173607
91958,"18 44 40.29","+23 35 24.3",6.3,"F6V",173494
91960,"18 44 40.84","-06 32 10.1",6.71,"K5",173278
91971,"18 44 46.34","+37 36 18.2",4.34,"Am",173648
91973,"18 44 48.19","+37 35 40.4",5.73,"F0IVvar",173649
91974,"18 44 49.60","-25 00 39.1",5.82,"B8III",173117
91975,"18 44 49.93","+02 03 36.3",5.02,"B9V",173370
91985,"18 44 55.39","+54 53 49.9",6.26,"G5III",173920
91987,"18 44 55.91","-00 22 24.2",6.89,"B9III",173371
91989,"18 44 57.15","-39 41 10.2",5.4,"K1/K2III+..",172991
91992,"18 44 59.24","-39 44 58.9",6.75,"F5/F6V",172993
92008,"18 45 11.50","-61 05 42.5",6.04,"K3III",172630
92016,"18 45 18.64","-21 00 05.6",6.35,"F5/F6V",173282
92017,"18 45 18.73","-35 51 23.9",6.57,"K1III",173122
92021,"18 45 23.93","-56 52 54.9",6.22,"K3III",172781
92024,"18 45 26.86","-64 52 15.2",4.78,"A7V",172555
92027,"18 45 28.36","+05 30 00.4",5.82,"A1V",173495
92032,"18 45 31.21","+19 58 11.6",6.58,"K0",173633
92036,"18 45 35.61","+21 59 04.8",6.53,"B9p Si(Cr)",173650
92039,"18 45 37.15","-48 15 50.6",6.81,"A9IV",172995
92040,"18 45 38.06","+79 56 33.0",6.4,"A8V",175938
92041,"18 45 39.35","-26 59 26.8",3.17,"B8.5III",173300
92043,"18 45 39.73","+20 32 49.6",4.19,"F6V",173667
92047,"18 45 41.48","+15 43 31.4",6.69,"A2",173609
92056,"18 45 46.76","+74 05 07.3",5.25,"K0II-III",174980
92062,"18 45 51.32","-10 29 34.0",6.95,"F2",173457
92072,"18 45 55.99","-50 52 21.6",6.24,"B8/B9II",173047
92079,"18 46 01.15","-19 36 22.9",6.34,"M2/M3III",173425
92085,"18 46 03.52","-42 33 58.8",6.93,"F2IV",173183
92086,"18 46 03.84","-27 29 56.6",6.61,"K0III",173378
92088,"18 46 04.47","+26 39 43.5",4.83,"K3III",173780
92089,"18 46 04.51","+18 29 16.3",6.96,"A0",173720
92094,"18 46 08.97","-44 13 22.8",6.77,"K4III",173184
92098,"18 46 13.01","+41 26 30.5",6.06,"B6V",173936
92103,"18 46 15.80","-72 48 48.1",6.84,"F5V",172266
92111,"18 46 20.59","-22 23 31.9",5.37,"K5III",173460
92112,"18 46 22.26","+75 26 01.7",5.37,"A1Vn",175286
92117,"18 46 28.58","-00 57 41.9",5.89,"A2m",173654
92126,"18 46 36.67","-08 07 11.1",6.99,"A0",173611
92130,"18 46 39.43","-39 43 51.1",6.88,"M2/M3II/III",173357
92131,"18 46 41.35","+18 42 21.5",6.18,"K5",173833
92133,"18 46 43.08","+52 59 16.7",5.91,"B2.5V",174237
92136,"18 46 43.32","-10 07 30.1",5.69,"F2Ib-II",173638
92142,"18 46 47.27","-29 37 53.6",6.83,"M4III",173484
92156,"18 46 59.07","+46 18 53.9",6.52,"A2IV",174177
92157,"18 46 59.10","-50 05 40.3",6.54,"F0V",173263
92161,"18 47 01.22","+18 10 52.4",4.34,"A5III",173880
92175,"18 47 10.48","-04 44 52.2",4.22,"G5II...",173764
92191,"18 47 19.94","+16 54 30.7",6.8,"B8",173921
92199,"18 47 24.33","-49 37 49.6",6.92,"B9Vn",173360
92202,"18 47 28.98","-05 42 18.3",5.38,"K0Ibpvar",173819
92219,"18 47 40.12","+49 04 29.4",6.67,"A1V",174366
92226,"18 47 44.60","-40 24 22.0",5.2,"G5/G6III",173540
92233,"18 47 49.20","-77 52 07.0",6.39,"G2V",171990
92235,"18 47 52.33","-20 16 28.2",6.92,"B9III",173787
92243,"18 47 57.37","+31 45 24.6",6.06,"B3IVp",174179
92246,"18 47 59.18","-16 46 35.2",6.94,"K2/K3III",173822
92254,"18 48 02.67","+04 14 29.0",6.2,"K5",173954
92262,"18 48 11.84","-14 42 29.7",6.86,"F6V",173885
92266,"18 48 13.40","-19 11 56.0",6.87,"K4/K5III",173854
92268,"18 48 14.76","-33 54 29.3",6.94,"A3III",173732
92269,"18 48 16.09","+48 46 02.8",6.12,"A7III",174481
92270,"18 48 16.39","+23 30 53.2",6.19,"F8V",174160
92275,"18 48 21.73","-37 00 48.5",6.94,"K2III",173712
92279,"18 48 22.65","+15 23 38.9",6.94,"B8",174105
92291,"18 48 36.26","+45 15 41.6",6.97,"F0",174504
92294,"18 48 37.96","-65 04 39.0",5.71,"A9V",173168
92296,"18 48 39.49","-06 00 15.8",6.49,"A2",174005
92301,"18 48 45.41","-18 36 04.2",6.46,"A1V + K1III",173928
92308,"18 48 50.47","-43 40 48.0",5.46,"A2Vn",173715
92312,"18 48 53.38","+19 19 43.6",5.89,"A1V",174262
92319,"18 48 55.63","+24 03 21.2",6.55,"B1.5IV",174298
92329,"18 49 03.10","-32 42 37.5",6.69,"K0/K1III",173875
92336,"18 49 08.22","+83 54 18.5",6.86,"A2",178564
92343,"18 49 13.38","+27 43 12.5",6.98,"K1III",174414
92346,"18 49 14.29","+25 02 47.7",6.74,"A1V",174369
92350,"18 49 17.14","-34 44 56.0",6.59,"K2IVCN...",173902
92352,"18 49 20.67","+43 44 03.4",6.54,"G5",174621
92367,"18 49 27.28","-45 48 36.9",5.8,"G6IV",173791
92382,"18 49 35.00","-43 26 02.5",5.6,"B9IV",173861
92384,"18 49 35.36","-19 08 32.4",6.77,"A1m...",174115
92386,"18 49 37.18","+00 50 10.4",6.24,"A1V",174240
92390,"18 49 40.11","-20 19 29.1",5.22,"K2III",174116
92391,"18 49 40.96","-05 54 46.2",5.99,"K2Ib",174208
92393,"18 49 42.47","+15 56 04.4",6.68,"B3V",174391
92394,"18 49 43.68","-72 59 44.6",6.04,"B9.5IV/V",172881
92396,"18 49 44.08","+31 37 46.1",6.64,"A0Vs",174567
92398,"18 49 45.91","+32 48 46.2",5.93,"B3IV",174585
92405,"18 49 52.92","+32 33 03.9",5.22,"A3V",174602
92420,"18 50 04.79","+33 21 45.6",3.52,"A8:V comp SB",174638
92426,"18 50 08.84","-03 37 21.0",6.93,"K2",174323
92436,"18 50 18.11","+60 50 15.1",6.69,"K2",175148
92442,"18 50 20.03","-07 54 27.4",6.82,"C5II",174325
92449,"18 50 24.54","+24 06 24.1",6.85,"K5",174623
92450,"18 50 25.67","+07 27 30.0",6.88,"K4III-IVp",174487
92456,"18 50 31.17","-13 34 20.1",6.48,"K1II/III",174328
92475,"18 50 45.55","+10 58 35.0",6.37,"K5III+...",174569
92480,"18 50 50.50","-22 09 43.6",6.29,"F2IV",174309
92488,"18 50 58.51","-09 46 26.8",5.82,"F2Ib",174464
92487,"18 50 58.65","-41 03 45.6",6.5,"B5III",174152
92491,"18 50 59.87","-20 17 42.8",6.84,"G0Ib",174383
92501,"18 51 05.44","-03 15 39.6",6.89,"A2",174532
92508,"18 51 08.73","-39 10 29.6",6.98,"K4III",174199
92512,"18 51 12.01","+59 23 17.8",4.63,"K0II-III SB",175306
92521,"18 51 19.88","-17 09 15.4",6.87,"A3II",174467
92524,"18 51 22.16","-03 19 04.1",6.08,"F2III",174589
92549,"18 51 35.00","+52 58 28.3",5.51,"G9IVa",175225
92550,"18 51 35.89","+28 47 01.2",6.22,"K1II-III",174881
92551,"18 51 36.52","+36 32 20.8",6.1,"B6IV",174959
92593,"18 52 01.93","+13 57 56.4",6.19,"B8Vnn",174853
92594,"18 52 02.21","+59 40 01.3",6.96,"B9",175511
92599,"18 52 07.25","+41 22 59.7",6.28,"B9p Si",175132
92602,"18 52 08.35","-21 55 17.1",6.58,"A3V",174596
92608,"18 52 11.95","-41 42 32.8",6.47,"K3III",174407
92609,"18 52 13.04","-62 11 15.2",4.22,"B2II-III",173948
92614,"18 52 16.43","+21 25 30.6",5.43,"B9p...",174933
92620,"18 52 18.63","+14 32 08.0",6.55,"F7V...",174897
92630,"18 52 27.21","-46 35 42.4",5.51,"M0III",174387
92635,"18 52 28.32","-26 39 02.2",6.28,"G8/K0III",174630
92643,"18 52 37.05","-29 22 46.4",6.12,"K1III",174631
92646,"18 52 39.61","-52 06 25.7",5.18,"G8/K0III",174295
92649,"18 52 41.69","-30 44 02.5",6.64,"B7/B8IV",174632
92669,"18 52 59.90","-46 35 10.9",6.17,"A1IV/V",174500
92672,"18 53 00.90","+71 47 13.9",6.97,"A2",176282
92674,"18 53 01.80","-09 34 32.0",6.27,"A7Vn",174866
92676,"18 53 02.36","-48 21 38.6",6.17,"A2V",174474
92682,"18 53 06.53","-18 38 12.4",6.77,"K1III",174802
92687,"18 53 12.00","-51 55 53.1",6.3,"B4III",174430
92689,"18 53 13.54","+50 42 29.8",4.92,"G8III",175535
92690,"18 53 13.58","-73 37 46.6",6.93,"B9Vn...",173545
92700,"18 53 18.50","+40 59 42.5",6.6,"M3",175404
92713,"18 53 28.51","+42 54 09.4",6.61,"K2",175466
92717,"18 53 33.20","+75 47 14.4",6.33,"A1V",176795
92723,"18 53 40.95","-31 59 31.1",6.8,"K5III",174805
92728,"18 53 43.56","+36 58 18.2",5.58,"B2.5V",175426
92731,"18 53 46.29","+57 29 11.7",6.24,"K5III:",175823
92733,"18 53 48.61","-19 47 49.5",6.98,"K2III",174919
92738,"18 53 53.79","+82 22 11.9",6.89,"A0",178738
92747,"18 54 00.09","-21 21 35.3",5.68,"G8/K0II",174947
92750,"18 54 01.61","-47 16 27.4",6.89,"F5V",174691
92761,"18 54 10.18","-22 44 41.4",4.86,"K1II",174974
92768,"18 54 13.25","+27 54 34.9",5.64,"K4III",175443
92779,"18 54 21.92","+10 48 29.9",6.54,"K2",175293
92782,"18 54 23.77","+71 17 49.5",4.82,"K0III",176524
92788,"18 54 29.10","-45 29 10.5",6.65,"Ap Si",174779
92791,"18 54 30.29","+36 53 55.0",4.22,"M4IIvar",175588
92799,"18 54 32.44","-49 52 44.4",6.58,"A2V",174730
92800,"18 54 32.85","+20 36 55.1",6.85,"A0",175427
92814,"18 54 43.12","-15 36 10.9",5.08,"B3II",175156
92818,"18 54 44.88","+22 38 42.3",4.57,"G4III+...",175492
92822,"18 54 47.17","+48 51 35.0",5.84,"F3III",175824
92824,"18 54 47.65","-87 36 19.9",5.29,"K3III",164461
92831,"18 54 52.18","+41 36 09.8",5.46,"G8III",175740
92833,"18 54 52.52","+33 58 06.9",5.99,"G8III+...",175635
92845,"18 55 07.07","-22 40 16.5",5.0,"K1Ib/II",175190
92855,"18 55 15.92","-26 17 47.7",2.05,"B2.5V",175191
92862,"18 55 20.09","+43 56 45.2",4.08,"M5IIIvar",175865
92866,"18 55 23.55","-37 23 11.8",6.48,"K1III",175093
92869,"18 55 25.66","+40 10 37.7",6.83,"A2",175841
92870,"18 55 25.92","-29 12 47.2",6.74,"G6III",175193
92872,"18 55 27.44","+06 36 55.8",5.58,"G9III",175515
92879,"18 55 30.36","+14 23 06.1",6.62,"F0IV-V",175592
92882,"18 55 31.02","-16 22 34.3",5.56,"F5/F6IV/V",175317
92891,"18 55 35.70","+42 03 36.6",6.55,"K0",175884
92901,"18 55 45.16","+07 10 32.3",6.7,"K0III...",175580
92902,"18 55 45.69","-56 25 24.1",6.77,"K5III",174851
92920,"18 55 53.54","+35 48 38.1",6.67,"K0",175866
92926,"18 55 57.14","+44 13 41.9",6.92,"A2",176003
92928,"18 55 59.99","-80 43 40.3",6.57,"A0V",172882
92931,"18 56 00.67","-23 10 25.4",5.91,"B6III",175360
92934,"18 56 03.80","+17 59 43.3",6.64,"B9sp...",175744
92937,"18 56 06.15","+18 06 20.9",5.69,"K1III",175743
92946,"18 56 13.16","+04 12 12.7",4.62,"A5V",175638
92950,"18 56 14.38","-18 42 33.9",6.63,"G8/K0III",175453
92951,"18 56 14.61","+04 12 07.4",4.98,"A5Vn",175639
92953,"18 56 16.97","-42 42 38.2",5.35,"G6III-IV",175219
92963,"18 56 22.66","-01 47 59.3",6.2,"B9III",175640
92968,"18 56 25.60","+02 28 16.3",6.14,"G8III",175679
92969,"18 56 25.74","+65 15 29.4",5.62,"G8III",176598
92972,"18 56 27.23","-31 41 20.4",6.45,"K2III",175390
92977,"18 56 32.04","-48 59 31.8",6.65,"G8III",175145
92984,"18 56 37.17","+04 15 55.2",6.71,"G5",175726
92986,"18 56 37.97","+28 11 55.6",6.96,"K2III",175940
92989,"18 56 40.49","-37 20 35.5",5.36,"B3V",175362
92997,"18 56 45.08","+57 48 54.0",5.67,"K1III",176408
93012,"18 56 54.70","-62 48 06.9",6.47,"K3III",174877
93015,"18 56 57.04","-67 14 00.7",4.4,"F5Ib-II:",174694
93017,"18 57 01.47","+32 54 05.8",5.2,"G0V",176051
93026,"18 57 03.63","-05 50 46.4",4.83,"K1III",175751
93042,"18 57 10.57","+36 28 11.5",6.7,"K1III",176133
93049,"18 57 14.31","-43 55 01.0",6.27,"B9V",175395
93051,"18 57 16.59","+02 32 07.4",5.56,"B9IIIp...",175869
93053,"18 57 17.34","+62 23 48.7",6.5,"G5IV comp",176668
93057,"18 57 20.48","-20 39 22.8",5.02,"B9.5Ib",175687
93068,"18 57 28.46","+58 13 29.7",6.47,"A2V",176560
93073,"18 57 33.22","+32 59 22.3",6.91,"F0",176174
93074,"18 57 34.39","-39 49 23.8",6.29,"A5IV/V",175529
93085,"18 57 43.78","-21 06 23.8",3.52,"G8/K0II/III",175775
93097,"18 57 57.28","+77 03 03.5",6.56,"F2V",178089
93104,"18 58 01.90","+38 15 58.3",5.89,"B7IV",176318
93117,"18 58 10.03","-83 25 19.8",6.35,"B9/B9.5V",172226
93118,"18 58 10.76","-20 25 25.5",6.93,"O7/O8",175876
93124,"18 58 14.75","+17 21 39.4",5.33,"F8Ib",176155
93132,"18 58 20.50","-24 52 36.7",6.62,"B8III",175852
93134,"18 58 21.31","-31 02 09.1",6.09,"K3III",175794
93138,"18 58 23.71","+06 14 24.7",6.22,"F5IV",176095
93140,"18 58 24.83","-22 31 46.3",6.14,"A1V",175892
93148,"18 58 27.76","-52 56 19.0",4.85,"A0V",175510
93151,"18 58 28.35","-64 00 04.7",6.94,"K2/K3III",175147
93161,"18 58 33.87","+60 40 02.1",6.91,"A0",176893
93163,"18 58 36.59","-60 12 02.3",5.14,"K1III-IV",175329
93171,"18 58 41.39","+20 37 23.4",6.74,"B2IV",176254
93174,"18 58 43.47","-37 06 25.5",4.83,"F3IV/V",175813
93175,"18 58 45.06","+19 47 39.8",6.52,"B7III-IV",176301
93177,"18 58 46.59","+40 40 45.1",6.2,"B3V",176502
93179,"18 58 46.92","+13 54 24.4",5.91,"F0spe...",176232
93185,"18 58 50.97","+30 10 48.6",6.8,"G0",176377
93187,"18 58 52.62","+69 31 52.5",6.52,"A0p Si",177410
93188,"18 58 53.00","-48 30 21.3",6.63,"K3III...",175674
93194,"18 58 56.62","+32 41 22.4",3.25,"B9III",176437
93197,"18 58 59.40","+50 48 32.9",6.32,"G8III",176707
93201,"18 59 02.65","+33 07 02.0",6.98,"A2",176466
93203,"18 59 05.73","+13 37 21.2",5.27,"F8V",176303
93204,"18 59 05.75","+43 43 15.5",6.86,"A2",176626
93209,"18 59 10.97","-39 32 04.7",6.49,"B9.5V",175855
93210,"18 59 12.29","+39 13 02.4",6.43,"B5IV",176582
93218,"18 59 17.34","+10 08 27.6",6.75,"B2Vp",176304
93225,"18 59 23.80","-12 50 25.7",5.51,"B4V",176162
93224,"18 59 23.82","-19 16 45.4",6.52,"M3III",176124
93234,"18 59 26.78","-18 33 59.0",6.37,"G5/G6II",176123
93233,"18 59 26.79","-75 23 24.2",6.7,"K2III",174584
93238,"18 59 29.27","-70 28 06.1",6.49,"A8V",175007
93244,"18 59 37.39","+15 04 06.5",4.02,"K2III",176411
93256,"18 59 45.43","+26 13 49.6",5.26,"K2III",176527
93270,"18 59 58.12","+22 48 52.2",6.28,"M4III",176541
93272,"18 59 58.44","-71 55 57.3",6.8,"B9IV/V",175008
93275,"18 59 59.01","+26 57 56.4",6.8,"A0",176583
93279,"19 00 00.82","+32 08 43.8",4.94,"K3III",176670
93287,"19 00 03.55","-66 39 12.7",5.98,"K0III",175401
93295,"19 00 11.74","-60 12 13.3",6.88,"K0III+...",175652
93299,"19 00 13.67","+50 32 00.5",5.39,"B2.5IV",177003
93309,"19 00 19.06","+40 41 02.5",6.53,"M4IIIa",176844
93314,"19 00 24.44","+33 44 30.6",6.8,"K0",176775
93315,"19 00 24.78","-24 56 32.2",6.35,"K0III",176246
93340,"19 00 43.47","+55 39 29.9",5.51,"G5IIbCN...",177249
93350,"19 00 50.17","+42 15 10.4",6.82,"F8",176969
93354,"19 00 55.20","+33 48 07.7",6.04,"K0III:",176896
93368,"19 01 03.25","-37 03 39.1",6.73,"B7/B8V",176269
93371,"19 01 04.30","-37 03 41.4",6.44,"B9.5IV:",176270
93372,"19 01 04.96","-62 51 55.0",6.78,"K4III",175782
93374,"19 01 05.43","+19 18 34.6",6.47,"K1III",176776
93381,"19 01 09.51","-04 26 20.4",6.89,"K2",176588
93385,"19 01 13.29","+02 01 59.5",6.92,"K0",176651
93393,"19 01 17.36","+26 17 29.2",5.69,"B5V",176871
93397,"19 01 19.31","+29 31 08.0",6.82,"A0",176938
93404,"19 01 22.55","+20 49 58.3",6.78,"B2IV-V",176819
93408,"19 01 26.36","+46 56 06.1",5.0,"A7V",177196
93418,"19 01 33.52","-15 16 57.4",6.31,"K0III",176593
93419,"19 01 34.90","+25 01 33.4",6.74,"K2",176939
93423,"19 01 37.74","-22 41 43.3",6.25,"K3III",176537
93429,"19 01 40.84","-05 44 20.5",4.02,"K1IIIvar",176678
93437,"19 01 48.37","+33 37 16.5",6.39,"B5IV",177109
93438,"19 01 48.60","+12 32 27.5",6.83,"B9",176873
93443,"19 01 49.42","+22 15 51.8",6.44,"A4V",176971
93453,"19 01 57.60","+19 07 29.3",6.94,"K0III",176973
93462,"19 02 04.99","+60 07 42.3",6.87,"K5",177696
93466,"19 02 07.04","+52 15 40.1",6.35,"G8III:...",177483
93470,"19 02 08.50","-41 54 37.7",6.21,"A0V",176425
93488,"19 02 21.56","+08 22 24.7",6.25,"K2III",176981
93498,"19 02 27.69","-24 50 47.0",5.63,"K2III",176704
93499,"19 02 31.06","+62 42 19.8",6.86,"K0",177929
93502,"19 02 34.14","-10 43 18.3",6.64,"B2V",176853
93506,"19 02 36.72","-29 52 48.4",2.6,"A3IV",176687
93509,"19 02 37.96","+14 34 01.2",6.88,"G2V",177082
93523,"19 02 52.62","+19 39 39.7",6.11,"K1III",177199
93526,"19 02 54.49","-03 41 56.4",5.4,"A1V",176984
93537,"19 03 03.80","-19 14 44.4",5.96,"K0II/III",176884
93542,"19 03 06.83","-42 05 42.0",4.74,"A0Vn",176638
93543,"19 03 06.99","-19 06 10.9",6.37,"F5V",176903
93546,"19 03 10.52","-47 03 03.7",6.86,"K0IV",176578
93551,"19 03 17.62","-05 33 32.6",6.91,"G5",177067
93552,"19 03 17.69","-38 15 11.5",5.73,"F2III/IV",176723
93553,"19 03 17.87","+25 49 34.0",6.97,"B8",177347
93557,"19 03 19.34","+00 34 34.2",6.7,"K2",177115
93574,"19 03 29.68","-68 45 19.9",5.89,"F8V",175986
93580,"19 03 32.24","+01 49 08.2",5.82,"A4V",177178
93589,"19 03 35.46","+02 32 44.6",6.91,"K0",177205
93603,"19 03 42.47","+21 16 06.1",6.61,"F2III",177392
93624,"19 03 57.52","-51 01 05.7",5.93,"K0/K1III",176664
93629,"19 04 01.00","-57 57 35.9",6.3,"G6II/III",176522
93632,"19 04 01.93","+16 27 48.4",6.94,"K2",177414
93637,"19 04 06.10","-63 47 04.8",6.96,"B9V",176340
93645,"19 04 09.68","+17 33 21.3",6.93,"F5",177459
93647,"19 04 10.70","+03 19 49.9",6.72,"A5m",177332
93649,"19 04 14.20","-22 53 47.4",6.73,"A0V",177120
93656,"19 04 15.73","+43 52 49.4",6.99,"B9",177829
93666,"19 04 24.15","-05 41 05.4",6.48,"C5II",177336
93667,"19 04 25.06","-31 02 49.3",5.49,"A0V",177074
93682,"19 04 39.93","-48 24 13.8",6.66,"K0III",176862
93683,"19 04 40.93","-21 44 28.9",3.76,"K0III",177241
93705,"19 04 52.60","+19 08 39.2",6.57,"K0",177649
93713,"19 04 55.17","+53 23 47.8",5.4,"A0Vn",178207
93717,"19 04 57.66","-04 01 52.9",5.4,"K1III",177463
93718,"19 04 57.82","+31 44 39.3",5.63,"M0III",177808
93720,"19 04 58.27","+30 44 00.4",6.07,"M2III",177809
93732,"19 05 08.54","+09 38 31.7",6.88,"B3V",177624
93733,"19 05 09.85","+49 55 23.4",6.45,"K3III",178208
93743,"19 05 18.58","-01 30 44.0",6.51,"F1V",177552
93747,"19 05 24.61","+13 51 49.4",2.99,"A0Vn",177724
93763,"19 05 41.18","-15 39 37.4",5.93,"B8IIIsp...",177517
93770,"19 05 47.13","+29 55 18.1",6.32,"M0III",178003
93772,"19 05 47.70","+06 32 49.2",6.75,"F5...",177749
93801,"19 06 10.76","-09 37 55.9",6.63,"G5",177706
93805,"19 06 14.95","-04 52 56.4",3.43,"B9Vn",177756
93808,"19 06 17.03","+41 24 49.6",6.51,"B3V",178329
93815,"19 06 19.92","-52 20 26.3",5.17,"F7V",177171
93822,"19 06 23.03","+07 09 19.8",6.71,"F2+...",177904
93825,"19 06 25.04","-37 03 45.9",4.23,"F7IV-V",177474
93836,"19 06 35.11","-01 20 46.0",6.84,"B5V",177880
93843,"19 06 37.68","+28 37 42.2",5.53,"F0III",178233
93845,"19 06 38.36","+24 15 02.7",5.78,"A4III",178187
93855,"19 06 52.12","-16 13 45.2",6.0,"B7V",177817
93858,"19 06 52.60","-37 48 35.2",6.15,"G8V",177565
93860,"19 06 54.81","-50 19 23.0",6.29,"B9V",177365
93862,"19 06 55.60","-48 17 56.8",5.95,"A0V",177406
93864,"19 06 56.44","-27 40 11.3",3.32,"K1/K2III",177716
93866,"19 06 58.29","-22 29 51.3",6.87,"G8III",177799
93867,"19 06 58.60","+11 04 16.7",5.07,"B8III",178125
93887,"19 07 08.33","-18 44 17.3",6.28,"B8V",177863
93892,"19 07 09.03","+00 38 27.6",6.55,"B9III",178065
93903,"19 07 18.13","+36 06 00.6",5.25,"B6IV",178475
93917,"19 07 25.50","+32 30 06.0",5.2,"F0V",178449
93925,"19 07 30.84","-28 38 12.4",6.05,"K3III",177846
93966,"19 07 57.28","+16 51 14.9",6.08,"G5V",178428
93972,"19 08 00.96","-07 50 52.0",6.86,"K0",178218
93974,"19 08 01.97","+24 43 33.7",6.59,"B5",178540
93975,"19 08 03.49","+21 41 55.5",6.22,"F3V",178476
93993,"19 08 14.56","-24 39 26.5",6.3,"B9.5V",178075
93996,"19 08 16.70","-19 17 25.0",5.56,"B2V",178175
94005,"19 08 20.93","-40 29 47.9",4.57,"K1III",177873
94013,"19 08 25.88","+52 25 33.1",5.88,"K1IV",179094
94023,"19 08 33.36","+50 21 49.8",6.92,"A0",179095
94027,"19 08 35.42","+14 26 06.9",6.64,"B9",178568
94030,"19 08 37.70","+24 10 45.5",6.7,"K2",178690
94034,"19 08 40.22","+16 51 05.6",6.65,"F5IV-V",178619
94040,"19 08 44.21","-18 57 10.0",6.57,"K3III",178291
94041,"19 08 44.45","-23 11 24.9",6.66,"G8III/IV",178250
94045,"19 08 46.87","-25 04 45.6",6.86,"B8IV",178224
94052,"19 08 51.95","+30 18 03.6",6.78,"K3III",178798
94053,"19 08 52.24","-02 17 14.1",6.58,"K0",178484
94054,"19 08 52.27","-55 43 12.5",6.44,"K1IV",177693
94062,"19 08 57.08","-18 40 57.7",6.96,"F2IV",178341
94064,"19 08 58.01","+11 17 36.9",6.65,"K1III",178637
94067,"19 08 59.67","+14 46 49.4",6.74,"K0",178693
94068,"19 08 59.92","+06 04 24.2",5.23,"F0III-IV",178596
94076,"19 09 04.35","+34 35 59.9",6.7,"G1V",178911
94083,"19 09 09.75","+76 33 38.9",5.11,"A9V",180777
94104,"19 09 23.13","+30 33 58.6",6.92,"B9",178947
94114,"19 09 28.28","-37 54 15.3",4.11,"A0/A1V",178253
94124,"19 09 36.37","-36 09 53.2",6.54,"A0III/IV",178299
94130,"19 09 39.76","-39 49 37.9",6.44,"K0III",178254
94136,"19 09 43.79","-27 06 51.7",6.85,"K0III",178469
94140,"19 09 45.80","+65 58 42.4",6.26,"A0V",179933
94141,"19 09 45.83","-21 01 24.7",2.88,"F2II/III",178524
94142,"19 09 46.07","+37 47 39.4",6.83,"Am",179143
94144,"19 09 48.13","-19 48 12.4",6.11,"K1III",178555
94149,"19 09 51.59","-00 25 41.2",6.34,"B5Vn",178744
94150,"19 09 52.62","-68 25 27.6",5.31,"G8/K0III/IV",177389
94156,"19 09 56.35","+35 39 39.6",6.55,"K0",179145
94157,"19 09 57.65","-41 53 32.0",5.86,"B5V",178322
94160,"19 10 01.75","-39 20 26.5",4.1,"K0II/IIICN.",178345
94168,"19 10 08.27","-71 32 54.8",6.64,"G8/K0III",177222
94184,"19 10 27.58","-30 00 25.1",6.52,"F5V",178606
94208,"19 10 44.78","-76 24 15.7",6.94,"K0III/IV",176794
94236,"19 10 58.25","-06 37 18.5",6.84,"A0",178954
94241,"19 11 01.26","-07 25 38.7",6.74,"G0",179002
94243,"19 11 01.91","-39 00 16.9",6.34,"B7II/III",178628
94272,"19 11 18.80","-29 30 08.1",6.28,"B8/B9V",178840
94280,"19 11 23.16","+40 25 45.0",6.2,"A3V",179583
94290,"19 11 30.96","+26 44 09.4",6.35,"F5V",179422
94302,"19 11 40.52","+56 51 32.7",5.13,"G8III",180006
94311,"19 11 46.01","+31 17 00.5",5.93,"B9p Si",179527
94331,"19 12 03.28","+02 37 21.4",6.94,"B9",179343
94336,"19 12 05.22","+49 51 15.3",5.85,"G4V+...",179957
94344,"19 12 09.78","-37 34 59.1",6.55,"F8/G0Ib/II",178937
94351,"19 12 15.71","+47 22 30.0",6.54,"K0",179959
94366,"19 12 24.36","+36 10 55.9",6.95,"A0",179782
94372,"19 12 28.02","-21 39 30.0",6.39,"K0III",179201
94376,"19 12 33.15","+67 39 40.7",3.07,"G9III",180711
94377,"19 12 34.45","+16 50 47.2",6.73,"B9IV",179588
94382,"19 12 36.72","+21 33 16.4",6.02,"A2Vn",179648
94385,"19 12 40.70","-07 56 22.2",5.35,"B3V",179406
94398,"19 12 46.10","-50 29 10.7",6.12,"G8III",178845
94434,"19 13 13.67","-25 54 24.3",5.79,"K2III",179323
94436,"19 13 15.38","+15 02 08.3",6.7,"G5Ib",179784
94437,"19 13 15.52","-12 16 57.0",5.51,"K3III",179497
94460,"19 13 33.46","-62 55 20.7",6.59,"K2III",178632
94477,"19 13 42.70","+02 17 37.4",5.14,"B8II-III",179761
94478,"19 13 44.02","+05 30 56.3",6.47,"A3V",179791
94481,"19 13 45.49","+39 08 45.5",4.43,"B2.5IV",180163
94485,"19 13 53.39","+25 45 31.7",6.98,"A0",180008
94490,"19 13 55.16","+57 42 18.9",5.0,"K2III",180610
94505,"19 14 03.91","+67 06 55.9",6.86,"A2",181043
94510,"19 14 08.77","-22 03 38.2",6.98,"A0/A1V",179609
94521,"19 14 15.99","-08 43 08.5",6.54,"K0",179799
94524,"19 14 18.27","+11 42 46.0",6.77,"K2",179987
94528,"19 14 20.48","+55 56 25.3",6.74,"K1II",180656
94548,"19 14 36.41","-29 49 52.3",6.88,"K5III",179669
94556,"19 14 39.52","-45 11 36.4",5.91,"G8III",179433
94564,"19 14 44.71","+06 02 54.8",6.92,"F6Ib",180028
94576,"19 14 50.18","+31 51 37.1",6.61,"K0",180314
94592,"19 14 58.84","+27 57 39.9",6.91,"B8",180316
94593,"19 15 00.77","-48 57 45.6",6.84,"K2/K3III",179434
94598,"19 15 02.69","+20 12 11.3",6.03,"G8III",180242
94604,"19 15 07.91","+83 27 45.8",6.5,"A3V",184146
94620,"19 15 17.34","+21 13 55.6",5.65,"A4V",180317
94623,"19 15 19.18","+50 04 16.0",6.27,"G8III",180756
94624,"19 15 20.09","+15 05 01.2",5.58,"G8II-III",180262
94627,"19 15 22.28","-06 02 59.2",6.63,"F0",180086
94630,"19 15 24.84","+30 31 35.2",5.88,"M0III",180450
94643,"19 15 32.40","-25 15 23.8",4.86,"K0/K1III+..",179950
94645,"19 15 33.15","-24 10 44.8",6.25,"F8V",179949
94648,"19 15 33.29","+73 21 18.8",4.45,"K3III",181984
94646,"19 15 33.37","+18 30 58.8",6.46,"M2III",180377
94651,"19 15 35.41","-36 56 57.5",6.96,"A3V",179831
94659,"19 15 43.75","+40 21 36.1",6.97,"K0",180682
94677,"19 15 56.12","+31 02 08.6",6.79,"K0",180614
94679,"19 15 56.96","+27 27 21.4",6.54,"B5V",180553
94680,"19 15 57.64","+31 14 27.1",6.82,"B9",180613
94685,"19 15 59.49","+27 55 34.7",6.18,"F6Ib-II",180583
94703,"19 16 13.04","+21 23 25.6",4.76,"B4IV",180554
94712,"19 16 21.74","-45 27 57.8",5.38,"K3III",179886
94713,"19 16 22.10","+38 08 01.4",4.35,"K0II",180809
94714,"19 16 22.39","-75 48 00.2",6.61,"A3IV",178274
94720,"19 16 26.78","+14 32 40.6",5.65,"B9.5V",180555
94724,"19 16 28.60","-69 11 26.7",6.25,"A6IV/V",179009
94727,"19 16 31.02","+04 50 05.4",5.59,"A3IV",180482
94730,"19 16 32.76","-33 31 20.3",6.58,"Cp",180093
94733,"19 16 34.68","+06 35 48.1",6.68,"A2",180504
94735,"19 16 36.66","-52 26 15.8",6.76,"K0III",179775
94755,"19 16 51.39","+46 59 54.2",6.02,"F6IV:",181096
94757,"19 16 52.12","-10 58 18.5",6.93,"G0",180409
94760,"19 16 53.08","+63 12 26.8",6.93,"F5",181566
94767,"19 16 58.11","-67 10 00.0",6.9,"G8/K0III",179279
94770,"19 17 00.53","-65 13 39.5",6.42,"B8/B9V",179419
94779,"19 17 06.11","+53 22 05.4",3.8,"K0III",181276
94781,"19 17 09.07","+39 01 42.8",6.93,"K5",181022
94789,"19 17 12.22","-66 39 39.7",5.52,"A4IV/V",179366
94799,"19 17 19.97","+39 07 16.0",6.57,"K1III",181069
94812,"19 17 31.84","+21 48 49.9",6.89,"A3",180889
94820,"19 17 38.09","-18 57 10.4",4.88,"K0III",180540
94823,"19 17 39.94","-15 58 01.5",6.62,"A3/5V +A2/3V",180562
94822,"19 17 39.99","+22 26 28.4",6.82,"B5V SB",180939
94827,"19 17 43.64","+23 01 32.0",5.46,"B0.5IV",180968
94833,"19 17 48.18","+02 01 54.5",6.19,"A1Vn",180782
94834,"19 17 49.00","+11 35 43.4",5.28,"F0IV",180868
94852,"19 18 00.85","+31 01 18.6",6.69,"A3V",181119
94858,"19 18 09.76","-53 23 12.8",6.36,"F7V",180134
94883,"19 18 31.27","+00 25 24.2",6.72,"F0",180973
94885,"19 18 32.49","+01 05 06.3",5.1,"K2II-IIIvar",180972
94890,"19 18 37.85","+49 34 09.6",6.32,"K1III",181597
94899,"19 18 41.57","-56 08 40.8",6.81,"B3Vn",180183
94910,"19 18 48.41","+19 36 37.7",6.5,"B8III + K",181182
94913,"19 18 50.93","+00 20 20.4",6.4,"K0II-III:..",181053
94916,"19 18 52.75","+09 37 05.4",6.31,"G9III",181122
94921,"19 18 55.98","+73 33 02.7",6.95,"A5",182689
94923,"19 18 58.11","+40 21 37.6",6.88,"A0",181521
94926,"19 18 59.08","-33 16 40.8",6.94,"G1V",180702
94929,"19 19 00.15","-15 32 09.2",6.09,"K4III",180928
94932,"19 19 01.15","+37 26 43.1",6.25,"A0III",181470
94934,"19 19 03.75","+33 23 20.0",6.6,"B2IV",181409
94937,"19 19 05.66","+27 15 40.7",6.77,"K5",181330
94940,"19 19 09.59","-15 54 30.0",6.86,"C",180953
94956,"19 19 21.83","-36 53 40.0",6.91,"K1III/IV",180771
94962,"19 19 27.70","+31 57 58.8",6.83,"B3V",181492
94969,"19 19 31.89","+22 34 14.7",6.95,"M3",181410
94974,"19 19 36.42","+54 22 33.8",6.23,"A1V",181960
94975,"19 19 37.40","-51 34 21.0",6.57,"A1V",180575
94981,"19 19 39.04","+37 19 51.5",6.29,"G8V",181655
94982,"19 19 39.35","+12 22 28.7",5.53,"F0III",181333
94986,"19 19 39.99","-35 25 17.1",5.59,"B4III",180885
94993,"19 19 46.14","+64 23 26.8",6.52,"B9MNp...",182308
95002,"19 19 53.04","+11 32 05.7",6.03,"A2V",181383
95021,"19 20 02.80","-06 37 40.7",6.76,"K0",181255
95038,"19 20 16.00","+57 38 42.4",5.91,"M1III",182190
95049,"19 20 24.68","-10 33 37.4",6.97,"M5III",181312
95051,"19 20 25.54","+32 05 56.2",6.84,"B9",181750
95054,"19 20 26.20","-31 49 03.4",6.56,"K5/M0III",181109
95055,"19 20 27.03","-01 18 35.6",6.57,"F2",181420
95056,"19 20 27.10","+39 55 34.3",6.81,"G5",181878
95066,"19 20 32.84","-05 24 57.1",4.98,"G8III-IV...",181391
95067,"19 20 33.05","+35 11 09.4",6.3,"B9V",181828
95073,"19 20 35.68","-00 53 31.8",5.46,"B9III",181440
95077,"19 20 38.16","-22 24 09.4",5.59,"A6:m...",181240
95081,"19 20 40.07","+65 42 51.9",4.6,"A2IIIs",182564
95083,"19 20 41.08","-24 12 36.3",6.82,"K0III",181241
95099,"19 20 48.31","-04 30 09.0",6.89,"K5II",181475
95107,"19 20 53.89","+13 34 36.1",6.91,"K0",181683
95109,"19 20 54.30","+22 11 55.7",6.56,"B8",181751
95116,"19 20 59.85","+19 08 43.4",6.82,"A0+...",181752
95126,"19 21 06.83","-01 10 35.2",6.95,"K2",181609
95143,"19 21 25.37","+57 46 00.2",6.59,"K2",182440
95149,"19 21 29.70","-34 58 59.6",6.48,"G1/G2V",181321
95154,"19 21 35.53","+76 33 34.6",6.22,"C5II",183556
95156,"19 21 36.09","+52 22 34.9",6.94,"A5",182353
95159,"19 21 37.11","-19 14 03.9",6.25,"B5III",181558
95167,"19 21 40.24","+79 36 10.4",6.06,"A3V",184102
95168,"19 21 40.38","-17 50 50.1",3.92,"F0III/IV",181577
95176,"19 21 43.62","-15 57 18.0",4.52,"F2p",181615
95188,"19 21 50.83","-18 18 29.4",5.84,"K0III",181645
95211,"19 22 09.57","-42 00 57.4",6.33,"K1III",181401
95219,"19 22 20.81","-08 12 03.7",6.66,"B3IVp",181858
95222,"19 22 21.51","-00 15 08.2",5.81,"G8III:",181907
95226,"19 22 25.67","-31 56 11.8",6.94,"M2III",181620
95235,"19 22 33.35","+33 31 05.6",6.09,"K0III",182272
95239,"19 22 37.68","-51 13 52.5",6.42,"F0V",181295
95241,"19 22 38.29","-44 27 32.1",3.96,"B9V",181454
95244,"19 22 40.30","-20 38 33.6",6.72,"K2IIICNpvar",181809
95245,"19 22 40.92","+37 34 52.3",6.6,"K0",182354
95253,"19 22 48.35","+09 54 46.4",6.34,"F6V",182101
95260,"19 22 50.88","+26 15 44.7",5.22,"B6III",182255
95261,"19 22 51.18","-54 25 25.4",5.03,"A0Vn",181296
95281,"19 23 04.44","-07 24 02.0",6.31,"K0",182038
95287,"19 23 08.24","+14 55 15.7",6.65,"F1V",182239
95289,"19 23 10.07","-10 42 11.6",6.99,"C0",182040
95294,"19 23 13.06","-44 47 58.7",4.27,"F2III",181623
95306,"19 23 23.79","+50 16 16.5",6.51,"B9III",182691
95319,"19 23 33.96","+33 13 17.7",6.37,"G8V",182488
95320,"19 23 34.19","+69 00 53.1",6.96,"M0",183317
95322,"19 23 36.90","-53 56 46.0",6.62,"K0III",181517
95340,"19 23 46.93","+20 15 51.7",6.4,"B9.5V",182422
95347,"19 23 53.15","-40 36 56.3",3.96,"B8V",181869
95352,"19 23 56.49","+43 23 17.7",5.85,"G6.5IIIa",182694
95354,"19 23 57.96","+32 43 25.2",6.76,"K0",182567
95369,"19 24 05.51","-68 22 15.9",6.33,"K2III",181019
95370,"19 24 06.05","+36 27 06.9",6.44,"K1III",182635
95372,"19 24 07.57","+29 37 16.7",4.99,"B3IV",182568
95385,"19 24 12.75","-62 59 53.7",6.58,"F3/F5V",181351
95396,"19 24 21.45","-43 43 19.4",6.13,"M1/M2III",181925
95398,"19 24 22.08","+16 56 15.9",6.27,"A2III-IV",182490
95400,"19 24 22.54","+28 05 15.3",6.53,"B5V",182618
95408,"19 24 30.17","-27 51 57.3",6.03,"B2Vnn",182180
95435,"19 24 45.39","+16 57 25.4",6.84,"A0",182571
95445,"19 24 56.04","-44 11 41.2",6.88,"K1IVCN...",182071
95447,"19 24 57.77","+11 56 34.3",5.17,"G8IVvar",182572
95453,"19 25 01.51","-04 53 04.4",6.5,"A9V",182475
95456,"19 25 04.05","-29 18 33.2",5.91,"K3III",182286
95468,"19 25 09.96","-51 06 02.1",6.88,"M2III",181980
95477,"19 25 16.45","-24 30 30.4",5.02,"A4IV/V",182369
95480,"19 25 18.15","+37 14 43.0",6.8,"K0",182896
95485,"19 25 21.56","-13 53 50.2",5.72,"K2III",182477
95487,"19 25 22.40","+20 16 18.4",6.31,"A0V",182761
95492,"19 25 25.87","+24 54 51.5",6.19,"F7V",182807
95498,"19 25 28.54","+19 47 54.7",5.14,"K0III",182762
95503,"19 25 29.67","-23 57 44.7",5.45,"K3III",182416
95501,"19 25 29.75","+03 06 52.5",3.36,"F0IV",182640
95516,"19 25 43.32","-22 27 05.5",6.79,"K3III",182481
95520,"19 25 46.77","+58 01 38.3",6.6,"B8IVwe...",183339
95532,"19 25 56.40","-49 50 33.6",6.66,"K0III",182215
95534,"19 25 56.65","+44 55 51.4",6.68,"G5",183124
95556,"19 26 09.12","+36 19 04.3",5.17,"B9sp...",183056
95557,"19 26 11.03","-15 03 11.7",5.71,"B7IV",182645
95560,"19 26 13.24","+20 05 52.2",5.6,"A0V",182919
95564,"19 26 19.13","-21 46 36.1",5.57,"K1/K2III",182629
95572,"19 26 24.13","+13 01 25.2",5.76,"F6III",182900
95574,"19 26 24.55","-14 33 04.3",6.7,"A0V",182678
95576,"19 26 26.46","+62 33 25.4",6.38,"K5III",183611
95582,"19 26 28.69","+19 53 29.8",5.84,"M0III",182955
95584,"19 26 30.60","+20 15 32.4",6.64,"A1V",182972
95585,"19 26 31.09","+00 20 18.9",4.64,"F2Ib",182835
95586,"19 26 31.88","+11 51 03.6",6.91,"F5III",182901
95603,"19 26 41.58","-46 34 44.0",6.65,"M1III",182394
95619,"19 26 56.47","-29 44 35.2",5.66,"B8/B9V",182681
95656,"19 27 25.97","+52 19 13.8",5.73,"A1V",183534
95657,"19 27 26.56","+18 17 45.2",6.84,"B7Ia",183143
95664,"19 27 33.90","+14 16 57.0",6.31,"B4III",183144
95673,"19 27 36.40","+37 56 28.3",6.3,"B3Ve",183362
95680,"19 27 41.08","+04 42 34.9",6.73,"F0",183085
95690,"19 27 48.12","-54 19 31.1",5.7,"K4III",182509
95700,"19 27 54.06","+20 14 50.7",6.88,"B3II",183261
95713,"19 28 05.26","-18 21 33.4",6.73,"K3III",182998
95717,"19 28 06.29","+17 50 48.4",6.89,"Am",183262
95718,"19 28 06.52","-69 37 55.3",6.72,"F7V",181958
95728,"19 28 13.86","+29 27 01.2",6.57,"K1III",183399
95732,"19 28 20.80","+02 55 48.2",5.84,"B6III",183227
95755,"19 28 35.33","-15 06 08.3",6.77,"B2IV",183133
95764,"19 28 38.52","+39 56 27.1",6.9,"G5",183585
95771,"19 28 42.41","+24 39 54.6",4.44,"M0 comp",183439
95785,"19 28 57.08","+24 46 07.3",5.82,"K0III",183491
95793,"19 29 00.99","+01 57 01.9",5.79,"A0V",183324
95812,"19 29 18.02","+00 14 46.0",6.25,"K2",183387
95818,"19 29 20.90","+20 16 47.2",6.34,"B5Vn",183537
95820,"19 29 21.36","-07 02 38.6",6.37,"F5-G1I-II",183344
95821,"19 29 21.46","+31 36 34.8",6.95,"G5",183650
95822,"19 29 22.12","+14 35 45.9",5.57,"K0III",183492
95823,"19 29 23.77","-43 26 41.7",5.7,"Am",183007
95833,"19 29 30.06","+36 17 14.1",6.66,"F0",183752
95847,"19 29 37.80","-12 38 47.8",6.89,"F5/F6V",183347
95853,"19 29 42.34","+51 43 46.1",3.76,"A5Vn",184006
95865,"19 29 52.17","-26 59 07.8",5.46,"K1/K2III",183275
95866,"19 29 52.59","-55 26 29.7",6.14,"K0/K1III",182893
95879,"19 29 58.90","+46 56 47.3",6.88,"A0",183969
95898,"19 30 10.53","+02 54 14.7",6.08,"K5Ib",183589
95899,"19 30 12.23","+55 25 20.6",6.88,"K0",184170
95901,"19 30 12.60","+56 38 40.1",6.92,"A0",184195
95902,"19 30 12.82","+46 08 52.1",6.99,"M5e-M7",184008
95905,"19 30 14.83","-32 05 28.7",6.6,"F3V",183312
95908,"19 30 17.33","+33 43 42.6",6.55,"K0",183886
95926,"19 30 31.74","+12 49 01.3",6.91,"K0",183756
95929,"19 30 33.11","+03 26 39.8",6.09,"A0sh",183656
95931,"19 30 34.47","+56 08 10.3",6.68,"A0",184240
95932,"19 30 34.57","-55 06 36.1",6.29,"F5V",183028
95937,"19 30 39.82","-02 47 19.9",5.03,"M1IIIvar",183630
95947,"19 30 43.29","+27 57 34.9",3.05,"K3II+...",183912
95951,"19 30 45.40","+27 57 55.0",5.12,"B8V",183914
95953,"19 30 46.83","+36 13 42.7",6.26,"B9.5III",183986
95965,"19 30 54.04","-21 18 43.9",6.11,"A2V",183545
95974,"19 30 58.20","-14 33 47.6",6.93,"K1III",183632
95978,"19 31 00.29","+70 59 21.3",6.06,"K2",184958
95987,"19 31 05.21","+02 00 42.3",6.52,"K0",183793
95995,"19 31 08.54","+58 35 13.1",6.6,"K1V",184467
95999,"19 31 10.94","-68 26 02.0",5.98,"K4/K5III",182709
96003,"19 31 13.56","+55 43 54.8",6.37,"K2II-IIIcomp",184398
96009,"19 31 16.17","+33 28 14.8",6.7,"A2",184057
96011,"19 31 16.38","+47 28 52.6",6.87,"A3",184242
96014,"19 31 19.36","+50 18 23.7",5.55,"K1III",184293
96016,"19 31 21.61","+26 37 01.6",5.89,"K0III-IV",184010
96018,"19 31 22.18","-46 16 22.7",6.84,"G6III",183355
96028,"19 31 28.34","+55 15 52.0",6.84,"K2",184423
96047,"19 31 43.21","+05 46 08.6",6.95,"F2III",183936
96052,"19 31 46.32","+34 27 10.7",4.74,"B3IV",184171
96065,"19 31 57.14","-54 09 54.8",6.82,"M4III",183357
96071,"19 32 00.68","+07 29 16.5",6.8,"K2III",184013
96081,"19 32 05.42","+25 35 46.4",6.87,"F5V",184151
96095,"19 32 14.11","-44 32 47.3",6.48,"F6V",183577
96100,"19 32 20.59","+69 39 55.4",4.67,"K0V",185144
96111,"19 32 28.50","-30 52 09.8",6.58,"M4III",183799
96141,"19 32 53.79","-53 11 08.2",5.76,"Am",183552
96143,"19 32 54.89","+31 14 09.8",6.7,"F5V",184381
96154,"19 33 03.16","-30 21 45.9",6.76,"K5III",183925
96159,"19 33 07.77","+05 01 45.8",6.61,"M5III",184201
96164,"19 33 10.06","+60 09 31.2",6.3,"K4III",184936
96178,"19 33 21.63","-45 16 18.1",5.59,"A0p",183806
96183,"19 33 25.57","+21 50 27.0",6.89,"G5V",184385
96185,"19 33 27.40","+33 12 04.8",6.62,"G0V",184499
96195,"19 33 36.43","+38 45 42.9",6.61,"A3Vn",184603
96196,"19 33 36.92","+03 45 40.8",6.98,"B0.5IV",184279
96198,"19 33 41.60","+49 15 44.4",6.0,"M4.5III",184786
96199,"19 33 42.20","-34 11 51.5",6.94,"A0IV/V",183997
96204,"19 33 46.03","+05 27 56.8",6.35,"M8V",184313
96214,"19 33 53.75","+56 27 35.5",6.87,"K0",184959
96229,"19 34 05.23","+07 22 45.5",4.45,"K3III",184406
96234,"19 34 08.48","-40 02 04.7",5.89,"A5IV-III",184035
96241,"19 34 11.13","+07 47 08.8",6.89,"A0",184451
96252,"19 34 18.18","+41 55 38.1",6.68,"A0",184787
96258,"19 34 19.76","+51 14 13.5",5.71,"F7V",184960
96264,"19 34 25.18","+71 36 19.9",6.7,"F5V",185713
96274,"19 34 33.94","-23 51 31.7",6.51,"K4/K5III",184268
96275,"19 34 34.89","+19 46 24.2",5.0,"B8IIIn",184606
96286,"19 34 39.87","+48 09 53.1",6.79,"A9V",184977
96288,"19 34 41.26","+42 24 45.3",5.34,"A2V",184875
96292,"19 34 43.91","+43 56 45.1",6.64,"A0p",184905
96297,"19 34 46.34","+63 26 03.0",6.47,"K2",185394
96302,"19 34 50.92","+29 27 46.5",5.39,"A0V+...",184759
96310,"19 34 56.09","+33 47 43.7",6.64,"M0",184827
96313,"19 34 58.93","+27 13 30.9",6.74,"A3",184761
96314,"19 34 59.74","-81 45 10.7",6.63,"K0III",181466
96316,"19 35 01.23","+52 30 07.6",6.39,"K0",185114
96327,"19 35 07.25","-10 33 37.6",5.12,"G8III",184492
96329,"19 35 07.61","+19 00 18.0",6.82,"K7III",184722
96335,"19 35 10.21","+74 22 38.8",6.97,"K0",186063
96341,"19 35 12.99","-48 05 56.8",4.88,"G9III",184127
96351,"19 35 25.13","+02 54 48.5",6.37,"F6IV",184663
96353,"19 35 27.22","+15 36 38.0",6.55,"K0",184741
96356,"19 35 29.79","-07 27 36.7",6.32,"K0",184573
96365,"19 35 33.46","-12 15 11.0",6.27,"K0III",184574
96370,"19 35 35.72","-20 46 54.1",6.74,"G1V",184509
96387,"19 35 48.30","+36 56 40.4",6.03,"B8Vn",185037
96392,"19 35 50.78","-02 27 20.1",6.99,"F5",184701
96395,"19 35 55.61","+56 59 03.8",6.73,"G0",185414
96396,"19 35 55.95","+50 14 18.7",6.47,"G9III",185264
96399,"19 35 57.21","-53 00 28.7",6.71,"M4/M5III",184192
96406,"19 36 01.65","-24 43 08.5",5.64,"A1m...",184552
96415,"19 36 07.45","+35 12 49.2",6.75,"K2",185118
96416,"19 36 08.04","+11 09 00.6",6.7,"A3V",184884
96417,"19 36 08.35","+22 35 08.8",6.33,"B9sp...",184961
96420,"19 36 11.65","+12 09 41.9",6.72,"K2",184910
96423,"19 36 12.61","+06 00 26.8",6.62,"G8III",184853
96428,"19 36 15.68","+14 23 28.2",6.37,"K0II-III",184944
96440,"19 36 26.06","-18 51 10.4",6.13,"F0V",184705
96441,"19 36 26.54","+50 13 13.7",4.49,"F4V",185395
96449,"19 36 32.42","+43 42 22.0",6.6,"K5",185286
96453,"19 36 36.07","-32 41 27.1",6.9,"B4III",184597
96459,"19 36 38.05","+44 41 42.7",5.17,"K0III",185351
96465,"19 36 42.39","-24 53 00.8",4.59,"B8/B9V",184707
96468,"19 36 43.28","-01 17 11.6",4.36,"B5III",184930
96479,"19 36 50.73","-10 09 26.8",6.77,"K0",184889
96481,"19 36 52.45","+11 16 23.5",5.98,"G0Ib",185018
96483,"19 36 53.45","-07 01 38.9",4.93,"B0.5III",184915
96491,"19 36 56.65","+38 23 01.8",6.51,"B5II-III",185330
96496,"19 37 03.33","-18 13 51.7",5.66,"K0III",184835
96499,"19 37 06.59","+22 00 21.4",6.92,"A3",185193
96503,"19 37 09.62","+29 20 01.4",6.43,"B5V",185268
96507,"19 37 11.76","+28 30 00.2",6.67,"G0IV",185269
96516,"19 37 17.38","+16 27 46.0",5.67,"G8IIIvar",185194
96517,"19 37 17.59","+38 35 39.1",6.93,"A5",185397
96524,"19 37 23.45","+18 58 35.5",6.67,"K5",185225
96536,"19 37 34.48","-14 18 05.2",5.46,"F7V",184985
96546,"19 37 40.82","+35 01 21.2",6.44,"K5",185435
96556,"19 37 47.26","-04 38 51.0",5.45,"F3IV",185124
96558,"19 37 48.58","-13 57 22.8",6.86,"G8/K0III",185044
96572,"19 37 56.68","+49 17 02.6",6.47,"G6V",185657
96577,"19 38 00.45","-32 54 45.8",6.86,"K0III",184922
96579,"19 38 01.46","+35 15 32.7",6.55,"K0",185526
96588,"19 38 09.69","+17 14 35.6",6.93,"A0",185354
96601,"19 38 17.79","+20 47 00.5",6.5,"K0III",185436
96607,"19 38 25.92","-57 58 59.5",6.19,"K0III",184585
96610,"19 38 29.20","-65 54 51.3",6.79,"A1/A2V",184327
96620,"19 38 41.15","+54 58 24.2",5.89,"F6Vasv",185912
96622,"19 38 43.36","-10 09 23.7",6.61,"A5",185298
96630,"19 38 48.99","+03 22 53.5",6.36,"B3III",185423
96644,"19 38 56.21","-28 36 25.9",6.72,"Ap Si",185183
96662,"19 39 10.36","+68 39 09.0",6.78,"G5",186426
96665,"19 39 11.64","+05 23 52.0",5.18,"B3V + B3V",185507
96683,"19 39 22.60","+30 09 11.6",4.68,"G8III-IV...",185734
96686,"19 39 24.08","-69 20 16.4",6.95,"K3III",184358
96688,"19 39 25.34","+16 34 16.1",6.37,"M0Iab-Ib SB",185622
96693,"19 39 26.47","+42 49 05.6",5.41,"B9III",185872
96706,"19 39 34.53","+45 57 26.6",6.25,"K0III",185955
96708,"19 39 34.73","-69 36 08.8",6.95,"G8III",184359
96721,"19 39 41.80","-45 16 42.8",6.24,"Am",185139
96724,"19 39 44.92","+33 58 44.1",6.1,"A3IV",185837
96729,"19 39 49.46","-23 25 39.4",6.33,"A0V",185404
96734,"19 39 52.13","-66 41 07.5",6.37,"A0Vn",184586
96736,"19 39 52.28","-15 10 02.6",6.73,"B6III/IV",185487
96739,"19 39 55.49","-39 25 58.0",6.6,"A1mA6-F0",185257
96757,"19 40 05.78","+18 00 50.2",4.39,"G0II",185758
96760,"19 40 07.15","-23 25 44.6",5.97,"K0III",185467
96771,"19 40 13.19","+60 30 25.7",6.49,"A5V",186340
96781,"19 40 18.64","-54 25 03.9",6.24,"K0III",185075
96783,"19 40 21.30","-05 26 51.0",6.59,"K2",185639
96789,"19 40 28.32","+20 28 37.5",6.52,"B0.5Ia",185859
96801,"19 40 39.58","+23 43 04.7",6.64,"B6IV",185915
96804,"19 40 41.03","+31 24 23.4",6.99,"G8III",185999
96805,"19 40 41.15","+43 04 40.2",6.17,"M2III",186121
96806,"19 40 42.04","-54 12 37.1",6.9,"A3/A4V",185187
96807,"19 40 43.31","-00 37 16.7",5.64,"A3IV",185762
96808,"19 40 43.34","-16 17 35.3",5.3,"K1III",185644
96813,"19 40 45.08","-07 30 43.9",6.97,"G0",185720
96825,"19 40 50.11","+45 31 28.7",5.06,"F5II",186155
96837,"19 41 02.93","+17 28 34.0",4.39,"G8II",185958
96840,"19 41 05.53","+13 48 56.5",5.98,"B5V",185936
96856,"19 41 14.65","+22 27 10.0",6.43,"K0Iab:",186021
96882,"19 41 37.24","-65 51 15.3",6.08,"M0III",184996
96887,"19 41 39.80","+40 01 20.3",6.91,"A3",186255
96888,"19 41 40.58","+30 48 30.9",6.85,"M0III",186178
96895,"19 41 49.09","+50 31 31.6",5.99,"G2V",186408
96901,"19 41 52.10","+50 31 04.5",6.25,"G5V",186427
96903,"19 41 52.62","+27 22 55.7",6.67,"B8",186179
96907,"19 41 57.63","+40 15 14.6",6.22,"A6V",186307
96917,"19 42 02.90","-09 11 36.4",6.31,"K2",185966
96919,"19 42 04.13","+55 27 47.9",6.42,"M5IIIa",186532
96931,"19 42 12.81","+12 11 35.8",6.33,"B9III",186122
96932,"19 42 13.02","-36 37 59.7",6.86,"F5V",185771
96936,"19 42 19.31","+18 27 56.3",6.92,"A0",186201
96938,"19 42 22.63","-24 51 33.3",6.7,"A3/A4IV",185905
96950,"19 42 31.09","-16 07 26.3",5.06,"F3IV/V",186005
96956,"19 42 33.48","-50 40 03.3",6.9,"K1/K2III",185634
96957,"19 42 34.01","+11 49 35.8",5.28,"F3V:+...",186203
96977,"19 42 44.60","+32 25 36.3",5.93,"A5III",186377
96979,"19 42 45.86","+08 22 57.5",6.89,"F5",186226
96985,"19 42 48.41","+22 51 06.0",6.54,"K0",186310
96988,"19 42 49.07","+29 19 53.9",6.54,"F1III",186357
97001,"19 42 56.26","+40 43 18.3",6.71,"A0",186465
97018,"19 43 04.50","+39 59 49.5",6.95,"A5",186505
97023,"19 43 06.97","+24 35 55.0",6.87,"F8V",186379
97028,"19 43 09.60","+30 40 40.4",6.08,"A1V",186440
97029,"19 43 10.76","+38 40 18.2",6.37,"K0",186506
97033,"19 43 14.28","+58 01 00.3",6.29,"G0V",186760
97050,"19 43 25.04","+22 29 42.0",6.82,"B5V",186412
97063,"19 43 33.45","-15 28 10.8",5.49,"F5V",186185
97067,"19 43 37.62","-37 32 19.4",6.14,"B8IV/V",186042
97070,"19 43 39.49","+57 02 33.6",6.28,"K2III",186815
97077,"19 43 42.92","+25 46 18.7",5.5,"G8III",186486
97081,"19 43 45.08","+41 46 23.1",5.86,"M0III",186619
97087,"19 43 51.45","+34 09 45.8",6.04,"B8III",186568
97091,"19 43 55.97","+27 08 07.5",6.27,"B7V + G1:III",186518
97101,"19 44 01.79","+09 31 03.4",6.57,"K0",186442
97118,"19 44 16.55","+37 21 15.4",4.89,"G8III",186675
97122,"19 44 18.40","+69 20 13.6",5.9,"A2III",187340
97131,"19 44 27.72","-41 36 32.8",6.83,"K2/K3III",186133
97135,"19 44 31.54","+18 35 19.1",6.78,"M0",186569
97139,"19 44 34.19","+13 18 10.1",6.25,"B9III-IV",186547
97141,"19 44 35.81","+13 13 49.3",6.84,"K5",186548
97142,"19 44 38.17","+34 24 51.0",6.39,"M1III",186702
97144,"19 44 41.27","+08 43 35.7",6.43,"K0",186535
97150,"19 44 48.73","+29 15 52.9",6.97,"F2Iab:",186688
97151,"19 44 49.09","+40 43 00.7",6.36,"M3III",186776
97157,"19 44 54.30","-10 34 21.8",6.63,"K5",186461
97165,"19 44 58.44","+45 07 50.5",2.86,"B9.5III",186882
97210,"19 45 24.33","-30 54 10.7",6.81,"A1V",186417
97228,"19 45 39.65","+36 05 27.6",6.38,"B9.5V",186901
97229,"19 45 39.92","+07 36 47.4",5.89,"A3IV",186689
97242,"19 45 51.35","+35 00 46.0",6.14,"A2V+...",186927
97243,"19 45 51.58","+46 29 08.0",6.94,"K2",187071
97244,"19 45 52.23","-02 53 00.4",6.47,"B3III",186660
97260,"19 46 01.22","-31 54 30.7",5.51,"B8III",186500
97278,"19 46 15.57","+10 36 47.8",2.72,"K3II",186791
97290,"19 46 21.82","-19 45 39.2",4.87,"K0III",186648
97293,"19 46 24.69","+54 24 20.2",6.75,"K0",187275
97295,"19 46 25.58","+33 43 43.3",5.0,"F5",187013
97304,"19 46 32.76","+50 00 37.4",6.68,"K0",187217
97307,"19 46 35.04","+32 53 19.0",6.18,"K2",187038
97319,"19 46 39.50","+25 08 01.8",6.66,"A7IV",186998
97326,"19 46 44.66","+68 26 16.8",6.34,"F0III",187764
97345,"19 47 05.80","-62 27 12.8",6.71,"M2III",186251
97351,"19 47 09.02","-17 04 41.2",6.87,"M2III",186780
97365,"19 47 23.27","+18 32 03.3",3.68,"M2II + B6",187076
97372,"19 47 26.85","+47 54 27.6",6.14,"M2III",187372
97376,"19 47 27.78","+38 24 27.4",5.83,"B8Vn",187235
97384,"19 47 33.34","+01 05 22.0",6.77,"G5",187003
97398,"19 47 46.13","+05 46 55.2",6.7,"K0",187059
97401,"19 47 48.25","-28 29 28.2",6.89,"G8III",186829
97402,"19 47 48.50","+25 23 02.8",6.0,"K0II-III",187193
97416,"19 47 59.64","+31 30 22.5",6.79,"A0",187279
97417,"19 47 59.98","-20 57 27.3",6.66,"K0III+...",186938
97420,"19 48 00.89","+27 52 08.4",6.87,"G2III",187237
97421,"19 48 01.10","-56 21 44.2",5.33,"A9Vn",186543
97423,"19 48 03.01","-13 42 12.8",6.11,"A6:IIIm...",186984
97431,"19 48 08.65","+13 27 16.6",6.95,"F5III",187182
97433,"19 48 10.21","+70 16 04.2",3.84,"G8III",188119
97438,"19 48 15.43","+59 25 21.4",6.64,"G0",187748
97454,"19 48 30.51","+10 41 38.8",6.44,"F8Ib-II",187203
97473,"19 48 42.05","+11 48 57.3",5.75,"F2V:+...",187259
97477,"19 48 43.75","+35 18 40.7",6.66,"F4V",187458
97484,"19 48 50.17","-12 19 09.7",6.47,"K5III",187150
97485,"19 48 50.60","+33 26 14.3",6.42,"B0.5Ibvar",187459
97489,"19 48 53.33","+11 41 06.4",6.53,"K0",187284
97491,"19 48 55.07","-52 53 16.8",6.27,"K1III",186756
97496,"19 48 58.65","+19 08 31.1",5.01,"A3V",187362
97499,"19 49 02.19","-10 52 14.6",6.0,"K5III",187195
97509,"19 49 08.50","+27 43 56.0",6.97,"G0IV",187462
97515,"19 49 11.53","-28 47 19.4",6.04,"F3V",187098
97534,"19 49 25.29","-72 30 12.3",5.39,"A4III",186219
97536,"19 49 25.83","+63 12 13.9",6.69,"K0",188053
97538,"19 49 27.50","+38 42 36.6",6.12,"G6III",187638
97569,"19 49 53.42","-66 48 47.1",6.44,"K4III",186584
97572,"19 49 54.72","+28 26 22.8",6.45,"B5V",187640
97573,"19 49 55.81","+27 05 06.6",6.46,"G8III",187614
97592,"19 50 09.75","-10 00 25.7",6.75,"G5",187410
97593,"19 50 10.84","-45 22 46.2",6.96,"K0III",187099
97598,"19 50 14.05","-47 33 26.5",5.91,"M1III",187086
97599,"19 50 15.13","+17 42 36.1",6.81,"K0",187596
97607,"19 50 17.48","+07 54 08.7",6.49,"B2.5IVe",187567
97611,"19 50 21.75","-61 03 40.1",6.21,"B5V",186837
97612,"19 50 21.91","+61 12 32.3",6.7,"F5",188166
97630,"19 50 33.99","+38 43 19.8",5.18,"M2IIIa",187849
97634,"19 50 37.33","+40 35 59.2",5.68,"B1III",187879
97635,"19 50 37.73","+52 59 17.4",5.03,"K3IIIvar",188056
97646,"19 50 44.78","-59 11 37.1",5.41,"A0IV",186957
97647,"19 50 45.08","+20 12 41.0",6.71,"A2",187730
97649,"19 50 46.68","+08 52 02.6",0.76,"A7IV-V",187642
97650,"19 50 46.80","-10 45 48.9",5.38,"F0V",187532
97651,"19 50 46.87","+37 49 34.7",6.13,"M3III",187880
97655,"19 50 48.65","-04 41 38.7",6.75,"A2",187570
97674,"19 51 01.09","-65 36 16.9",6.04,"F2III-IV",186786
97675,"19 51 01.50","+10 24 57.8",5.12,"F8V",187691
97679,"19 51 04.09","+22 36 36.3",4.9,"B2.5V",187811
97687,"19 51 11.10","-02 27 39.2",6.12,"K5III",187660
97697,"19 51 17.73","+09 37 47.8",6.25,"A1m",187753
97700,"19 51 19.37","+47 22 37.9",6.22,"F2V",188074
97709,"19 51 26.84","+04 05 19.1",6.47,"K0...",187734
97736,"19 51 41.84","-14 46 36.7",6.88,"A3III",187664
97738,"19 51 42.73","-50 58 42.7",6.89,"F6V",187294
97739,"19 51 45.07","-13 01 57.4",6.84,"K4III",187697
97742,"19 51 46.21","-37 20 10.2",6.65,"K2III",187518
97749,"19 51 50.59","-39 52 27.6",5.32,"A0p",187474
97757,"19 51 59.07","+47 01 38.5",5.6,"O9.5Ia",188209
97765,"19 52 01.59","+24 59 31.8",5.54,"A1Iab",187982
97767,"19 52 03.64","+11 37 44.9",6.16,"G0V",187923
97774,"19 52 07.17","+47 55 54.5",5.91,"B2III",188252
97776,"19 52 07.40","-10 53 33.7",6.67,"K0",187775
97783,"19 52 12.01","-19 02 41.5",5.88,"K0III",187739
97787,"19 52 15.58","+10 21 05.8",6.52,"B7V",187961
97788,"19 52 15.73","+28 15 07.9",6.82,"K2",188058
97789,"19 52 16.40","+36 25 56.2",6.13,"K4III",188149
97796,"19 52 21.77","+18 40 18.8",6.24,"O8e",188001
97804,"19 52 28.36","+01 00 20.4",3.87,"F6Ibv SB",187929
97816,"19 52 37.70","-54 58 15.7",5.76,"G8/K0III",187420
97819,"19 52 39.11","-54 58 35.2",6.5,"A2V",187421
97831,"19 52 47.67","+64 10 34.0",6.76,"G5",188772
97845,"19 53 01.25","+47 48 27.9",6.3,"B0.5IIIn",188439
97849,"19 53 06.39","-14 36 11.1",6.47,"A1V",187949
97856,"19 53 10.52","-53 05 32.7",6.99,"K0/K1III",187580
97867,"19 53 15.94","+28 05 58.6",6.98,"K2III",188258
97870,"19 53 17.37","+57 31 24.5",5.14,"B5V",188665
97871,"19 53 18.72","-03 06 52.2",5.63,"A5pvar",188041
97877,"19 53 22.60","+04 24 01.4",6.52,"B9.5Vn",188107
97886,"19 53 27.68","+24 04 46.3",4.57,"B9.5III",188260
97892,"19 53 35.38","+59 42 30.7",6.06,"A3V",188793
97895,"19 53 38.49","+41 21 20.9",6.99,"B2IV",188461
97915,"19 53 52.68","+26 35 36.5",6.84,"A0",188383
97928,"19 54 08.27","-08 34 27.0",5.76,"K5III",188154
97930,"19 54 09.68","+33 46 51.3",6.73,"K0",188484
97938,"19 54 14.82","+08 27 41.9",4.71,"K0III",188310
97944,"19 54 17.82","-23 56 24.3",6.22,"K3/K4V",188088
97961,"19 54 31.06","+24 19 09.8",5.56,"A0III",188485
97966,"19 54 37.65","-08 13 38.0",5.7,"B7Vn",188293
97967,"19 54 38.06","-08 14 13.1",6.49,"B8V",188294
97970,"19 54 40.18","+07 08 25.3",6.14,"A2V",188385
97971,"19 54 40.45","-61 10 14.9",6.21,"A3V",187653
97979,"19 54 44.36","+22 25 45.3",6.73,"K4II-III",188507
97980,"19 54 44.77","+00 16 25.2",5.6,"A0III",188350
97985,"19 54 48.24","+36 59 44.4",5.79,"Fp",188650
97988,"19 54 49.43","+64 43 16.5",6.91,"G5",189231
97989,"19 54 50.07","+60 36 53.9",6.94,"M0III",189084
98012,"19 55 05.11","-33 02 46.5",6.47,"K2/K3III",188158
98013,"19 55 05.19","+47 32 27.5",6.72,"K0",188853
98017,"19 55 06.50","+30 11 41.6",6.58,"B6V",188651
98032,"19 55 15.68","-41 52 06.3",4.12,"K0III",188114
98036,"19 55 18.77","+06 24 28.6",3.71,"G8IVvar",188512
98038,"19 55 19.49","-06 44 04.7",6.49,"F2V",188405
98044,"19 55 22.04","+58 15 01.4",6.1,"G9III",189127
98045,"19 55 23.99","-19 17 34.2",6.87,"F0V",188352
98055,"19 55 37.82","+52 26 20.5",4.91,"A4Vn",189037
98058,"19 55 40.61","+40 10 22.4",6.59,"K2",188875
98066,"19 55 50.23","-26 17 58.9",4.7,"G3/G5III",188376
98068,"19 55 51.76","+38 29 12.1",4.95,"B5IV",188892
98071,"19 55 54.06","+47 05 24.3",6.88,"A2",189013
98073,"19 55 55.39","+58 50 45.7",4.98,"K5II-III",189276
98079,"19 55 57.18","+10 12 25.8",6.81,"G5",188652
98085,"19 56 01.26","+16 38 05.3",5.71,"G5Ibv SB",188727
98086,"19 56 01.62","-81 20 59.4",6.39,"K3/K4III",186154
98099,"19 56 10.58","-38 19 35.4",6.62,"M1III",188339
98103,"19 56 14.23","+11 25 25.4",5.28,"A1IV",188728
98110,"19 56 18.40","+35 05 00.6",3.89,"K0IIIvar",188947
98111,"19 56 19.02","+56 41 13.1",6.16,"A4Vn",189296
98131,"19 56 37.77","+23 53 18.8",6.97,"K2",188895
98138,"19 56 41.69","+30 56 49.7",6.8,"G2III",188993
98143,"19 56 44.14","+36 15 02.2",6.03,"B5IV",189066
98146,"19 56 45.16","+50 54 09.0",6.46,"A1V",189253
98152,"19 56 49.10","-30 34 12.6",6.55,"A4IV/V",188548
98154,"19 56 49.75","+23 46 36.1",6.79,"F0",188929
98162,"19 56 56.82","-27 10 11.5",4.54,"K3III",188603
98163,"19 56 57.70","-57 55 32.0",6.55,"K4II",188161
98169,"19 57 00.42","+20 59 54.0",6.62,"A2IV",188971
98174,"19 57 06.28","-58 54 04.7",5.24,"B9.5IV",188162
98182,"19 57 08.28","+30 46 38.9",6.96,"A0",189086
98191,"19 57 13.23","+00 21 07.4",6.97,"A0",188859
98194,"19 57 13.86","+40 22 04.2",5.46,"B5V",189178
98209,"19 57 23.69","+28 41 38.1",6.78,"G8III",189108
98210,"19 57 24.72","-06 41 51.2",6.56,"G5",188844
98213,"19 57 29.03","+38 27 29.7",6.68,"A2",189235
98226,"19 57 41.24","-38 03 31.0",6.55,"F3V",188642
98234,"19 57 45.44","+16 47 20.8",5.54,"B9III",189090
98253,"19 57 56.12","+42 15 38.9",6.44,"A3V",189377
98258,"19 57 57.02","-15 29 28.5",5.01,"A2V",188899
98287,"19 58 13.31","-36 41 12.5",6.95,"F2V",188787
98291,"19 58 14.29","+16 29 37.5",6.86,"B8",189183
98308,"19 58 28.74","+63 32 03.1",6.15,"A3V",189900
98313,"19 58 32.54","-03 33 13.4",6.79,"K5",189114
98314,"19 58 32.61","+07 55 14.3",6.77,"K0",189186
98320,"19 58 34.35","+38 06 20.5",6.33,"B5IV",189432
98325,"19 58 37.96","+30 59 01.2",5.51,"B9Vn",189395
98332,"19 58 41.18","-69 09 49.4",5.74,"Am",188097
98333,"19 58 41.78","+70 22 00.5",6.32,"G8III",190252
98336,"19 58 43.85","+01 39 59.6",6.75,"K0",189188
98337,"19 58 45.39","+19 29 31.5",3.51,"K5III",189319
98343,"19 58 51.62","+35 29 51.9",6.99,"A0",189474
98346,"19 58 52.93","-68 45 44.7",6.38,"A2V",188164
98351,"19 58 56.37","-30 32 17.7",6.27,"K1III",188981
98353,"19 58 57.18","-26 11 45.0",4.84,"G8II/III",189005
98371,"19 59 09.08","+27 30 45.4",6.85,"K2II",189475
98375,"19 59 10.58","+23 06 04.6",5.68,"F0",189410
98377,"19 59 12.05","+11 18 20.0",6.52,"K0",189337
98379,"19 59 15.34","+52 03 20.5",6.14,"B5III",189775
98382,"19 59 20.08","+84 40 07.5",6.8,"A2",193214
98383,"19 59 20.42","+45 46 21.3",5.92,"A5III",189684
98385,"19 59 22.63","+01 22 39.1",6.17,"G8III",189322
98399,"19 59 34.05","-22 12 40.7",6.77,"A3IV",189193
98401,"19 59 36.69","+76 28 53.5",6.2,"M3III",190960
98402,"19 59 39.13","+31 49 35.4",6.64,"A0",189613
98406,"19 59 41.52","-01 58 13.2",6.71,"A2",189359
98412,"19 59 44.17","-35 16 34.5",4.37,"B2.5IV",189103
98416,"19 59 47.49","-09 57 26.2",5.87,"F8V",189340
98421,"19 59 51.28","-34 41 51.5",5.3,"A4/A5IV",189118
98425,"19 59 55.20","+37 02 34.4",5.15,"B3IV",189687
98438,"20 00 03.31","+17 30 59.5",5.33,"M4IIIa",189577
98443,"20 00 08.29","+17 36 38.6",6.98,"K0",189576
98444,"20 00 08.33","-50 13 00.2",6.67,"F2IV/V",188986
98458,"20 00 15.36","+26 11 16.5",6.49,"G8II",189671
98461,"20 00 15.92","-37 42 06.2",5.95,"G8/K0III",189195
98470,"20 00 20.16","-33 42 09.9",5.65,"F7V",189245
98474,"20 00 21.26","+03 19 55.1",6.7,"G9III",189533
98478,"20 00 23.11","-66 56 56.0",5.75,"K0IV",188584
98482,"20 00 25.40","-49 21 03.4",6.18,"K0III",189080
98485,"20 00 26.47","-43 02 36.0",6.11,"M0III",189140
98495,"20 00 35.39","-72 54 36.7",3.97,"A0V",188228
98500,"20 00 40.16","-49 36 31.2",6.75,"M4III",189122
98510,"20 00 44.81","+36 35 23.0",6.72,"B9",189864
98512,"20 00 48.32","-45 06 46.6",5.8,"A8III",189198
98522,"20 00 55.95","-74 00 45.0",6.58,"K1III",188229
98525,"20 00 58.74","+31 13 49.7",6.93,"B7V",189847
98526,"20 00 58.97","+08 33 28.0",5.9,"K5III",189695
98533,"20 01 00.61","-64 48 26.3",6.83,"F3IV",188769
98543,"20 01 06.01","+27 45 12.8",4.66,"A4III",189849
98563,"20 01 15.28","+37 05 55.9",6.23,"K0III",189942
98571,"20 01 21.55","+50 06 16.8",5.06,"K1II-III",190147
98575,"20 01 23.84","-22 44 14.2",6.01,"K0III",189561
98577,"20 01 25.20","-47 23 50.4",6.96,"F2IV",189307
98578,"20 01 26.66","+10 44 54.8",6.97,"F2...",189783
98579,"20 01 26.76","-40 48 51.3",6.31,"A2/A3V",189388
98583,"20 01 28.53","+64 49 15.6",5.22,"M1III",190544
98609,"20 01 44.71","+24 48 01.5",5.88,"B4V",189944
98608,"20 01 44.72","-59 22 33.0",4.95,"M6III",189124
98610,"20 01 45.24","+44 07 08.7",6.95,"M0II-III",190149
98624,"20 01 52.40","-66 56 37.7",5.32,"K2IVCN...",188887
98630,"20 01 55.54","+31 07 03.2",6.61,"B7V",190047
98633,"20 01 58.58","-13 38 14.1",5.69,"A1IV",189741
98636,"20 02 01.37","+24 56 16.3",5.23,"F2III",190004
98643,"20 02 10.55","-04 59 23.2",6.7,"A0",189825
98657,"20 02 19.88","+13 54 34.1",6.66,"K2",189985
98658,"20 02 20.16","+64 38 03.8",6.27,"G7III:",190713
98661,"20 02 22.11","+22 09 05.4",6.5,"B1Iab",190066
98666,"20 02 26.52","+79 40 51.7",6.7,"K0",191994
98682,"20 02 36.23","-45 11 45.7",6.56,"K1III",189563
98688,"20 02 39.46","-27 42 35.6",4.43,"M4III",189763
98690,"20 02 41.28","+12 21 31.5",6.73,"K5",190050
98695,"20 02 46.03","+14 34 57.7",6.67,"K0",190090
98697,"20 02 46.61","+37 48 46.0",6.92,"Am",190275
98699,"20 02 47.31","+28 30 53.5",6.93,"A1V",190167
98701,"20 02 48.81","+31 57 31.7",6.39,"K1III",190227
98702,"20 02 49.05","+67 52 24.4",4.51,"K3III",190940
98705,"20 02 52.14","+10 54 42.2",6.92,"A2",190070
98718,"20 03 02.55","+18 17 43.9",6.84,"G0",190151
98730,"20 03 12.58","+04 43 48.9",6.56,"K5",190095
98738,"20 03 16.39","+18 30 03.7",5.99,"K3Iab:",190211
98753,"20 03 29.40","+36 01 30.6",6.62,"Oe+...",190429
98754,"20 03 30.01","+16 01 52.6",5.73,"B9MNp...",190229
98761,"20 03 33.41","-37 56 25.8",4.77,"K4III",189831
98763,"20 03 35.19","-38 51 08.6",6.91,"Ap...",189832
98766,"20 03 35.99","-37 31 41.9",6.85,"G8IV",189854
98767,"20 03 36.95","+29 53 53.1",5.73,"G6IV+...",190360
98772,"20 03 38.81","+22 56 27.9",6.45,"K2",190322
98780,"20 03 42.23","+21 29 47.3",6.62,"M0",190337
98783,"20 03 43.49","+29 59 22.1",6.8,"G5Ib-II",190403
98785,"20 03 44.33","-22 35 44.3",6.44,"F7V",190009
98788,"20 03 49.62","+14 58 58.8",6.83,"G0Ia",190323
98801,"20 03 59.38","+17 07 22.6",6.91,"A2",190338
98809,"20 04 01.19","-07 28 09.8",6.68,"F4III",190172
98813,"20 04 02.62","-37 52 32.0",6.91,"G1V",189931
98819,"20 04 06.47","+17 04 16.2",5.8,"G1V",190406
98823,"20 04 08.31","+07 16 40.6",5.51,"K0III",190327
98831,"20 04 12.95","+31 14 35.4",6.88,"F0III",190537
98835,"20 04 14.11","+17 44 05.5",6.87,"F2Ib",190405
98842,"20 04 19.56","-32 03 22.6",4.99,"K1III/IV",190056
98844,"20 04 23.15","-00 42 32.5",5.67,"K4III",190299
98853,"20 04 26.72","+73 54 33.9",6.91,"K0",191632
98858,"20 04 28.79","+48 13 46.8",6.16,"A2IV",190781
98863,"20 04 36.18","+32 13 07.0",5.62,"B1.5Ia comp",190603
98872,"20 04 44.51","+63 53 24.4",6.24,"A2II-III",191174
98890,"20 04 53.41","+68 01 37.9",6.32,"M3IIIa",191372
98897,"20 04 58.58","+23 12 37.3",6.54,"A5Vn",190590
98910,"20 05 05.42","-11 35 57.8",6.38,"F1III",190390
98915,"20 05 06.72","+51 50 21.6",6.14,"M1IIIa",190964
98918,"20 05 07.91","-46 05 49.1",6.96,"K3/K4III",190057
98920,"20 05 09.47","+19 59 27.2",5.09,"K2III",190608
98921,"20 05 09.59","+38 28 41.5",6.18,"G5IV",190771
98922,"20 05 10.13","+02 07 08.6",6.77,"F8",190498
98945,"20 05 20.34","+00 27 16.2",6.93,"A0",190522
98946,"20 05 21.50","+56 20 28.4",6.19,"F4V",191096
98951,"20 05 25.85","-34 40 00.5",6.99,"A0IV",190268
98953,"20 05 26.33","-12 39 54.2",6.53,"A0V",190454
98954,"20 05 26.53","+15 30 01.3",6.37,"M2  comp",190658
98959,"20 05 31.49","-67 19 09.3",6.07,"G2V",189567
98960,"20 05 32.02","-32 59 59.3",6.53,"B4III",190306
98962,"20 05 32.73","+61 59 42.9",5.4,"K3III",191277
98987,"20 05 44.30","+22 47 50.0",6.91,"A0",190750
98998,"20 05 56.00","+04 46 32.0",6.96,"A0",190662
99002,"20 05 57.33","+35 47 18.2",6.77,"WN+...",190918
99024,"20 06 12.19","-04 04 41.2",6.47,"K0",190664
99026,"20 06 13.64","+53 09 54.2",5.81,"F5V",191195
99031,"20 06 21.93","+35 58 24.7",5.38,"K0IV",191026
99035,"20 06 25.00","+39 05 55.0",6.86,"K5III",191045
99080,"20 06 53.40","+23 36 51.9",5.08,"B3V",190993
99090,"20 07 00.00","+66 18 29.0",6.97,"A0",191700
99097,"20 07 06.19","+36 49 36.0",6.96,"Am",191158
99102,"20 07 11.45","+50 13 46.6",6.53,"A3V",191329
99120,"20 07 23.17","-52 52 50.9",4.93,"M1II",190421
99121,"20 07 23.81","-29 43 15.2",6.69,"K2IV",190727
99137,"20 07 35.07","-55 00 58.0",6.26,"F8V",190422
99145,"20 07 41.44","+34 25 22.5",6.12,"B5Ib",191243
99158,"20 07 50.34","+09 23 59.1",6.43,"F3V",191104
99169,"20 07 58.80","+77 49 28.2",6.99,"F5",192763
99170,"20 08 01.16","+42 23 06.0",6.98,"K0",191394
99171,"20 08 01.75","-00 40 40.9",5.97,"K1IV",191067
99176,"20 08 06.50","+16 39 51.7",6.39,"M3III",191178
99188,"20 08 09.57","-52 34 39.9",6.47,"G3V",190580
99200,"20 08 20.48","-66 21 16.8",6.45,"K5III",190222
99216,"20 08 29.19","-15 01 54.0",6.52,"K0III",191049
99221,"20 08 31.27","-10 03 45.0",6.18,"B9.5III",191110
99234,"20 08 38.28","+10 43 33.1",6.34,"B3IV",191263
99240,"20 08 41.86","-66 10 45.6",3.55,"G5IV-Vvar",190248
99255,"20 08 53.32","+77 42 40.9",4.38,"B9III",192907
99257,"20 08 56.80","+62 04 36.0",6.74,"A0",191940
99270,"20 09 03.81","-47 04 04.0",6.46,"K5III",190879
99277,"20 09 08.13","+16 54 25.5",6.91,"K2",191382
99281,"20 09 13.39","+19 04 23.3",6.95,"K0",191446
99291,"20 09 20.58","+68 35 58.7",6.97,"K0",192274
99294,"20 09 22.37","+56 01 36.7",6.49,"K0",191892
99303,"20 09 25.62","+36 50 22.5",4.93,"B2.5V",191610
99352,"20 09 56.61","+20 54 53.2",6.51,"F5IV",191570
99364,"20 10 05.86","-43 53 39.1",6.93,"K0III",191117
99367,"20 10 07.83","+08 26 37.8",6.57,"F8",191533
99404,"20 10 33.52","+26 54 14.9",5.51,"A3III",191747
99405,"20 10 33.70","+48 13 52.2",6.61,"K0",191998
99417,"20 10 39.07","-46 44 06.0",6.81,"K1IV",191190
99420,"20 10 44.26","+41 14 49.3",6.97,"A2",191944
99431,"20 10 54.39","+30 47 22.9",6.96,"B9",191855
99435,"20 10 56.92","+68 16 20.0",6.84,"B0.5V",192575
99445,"20 11 03.53","+21 08 04.2",6.24,"K0",191814
99450,"20 11 05.95","-06 05 15.7",6.87,"A0",191619
99453,"20 11 07.41","-57 31 27.0",6.36,"A1V",191095
99457,"20 11 10.08","-08 50 32.4",6.39,"B1V",191639
99461,"20 11 11.61","-36 05 50.6",5.32,"K2V",191408
99465,"20 11 15.79","-43 39 44.2",6.54,"G5/G6III",191349
99473,"20 11 18.26","-00 49 17.3",3.24,"B9.5III",191692
99479,"20 11 21.02","+21 52 29.9",6.24,"B1Ib",191877
99500,"20 11 34.74","+62 04 42.1",5.7,"F5V",192455
99518,"20 11 47.97","+26 48 32.5",5.51,"K3II-III",192004
99529,"20 11 57.90","-12 23 32.5",6.34,"K0III",191753
99531,"20 12 00.70","+26 28 43.8",5.91,"B7Ve...",192044
99539,"20 12 03.74","+47 44 13.3",6.92,"B7V",192276
99570,"20 12 23.86","-42 46 47.3",6.2,"K2III",191584
99572,"20 12 25.76","-12 37 01.3",5.84,"F5V",191862
99579,"20 12 31.73","+51 27 49.0",6.01,"K1III:",192439
99585,"20 12 35.12","+00 52 01.6",6.25,"A0",191984
99588,"20 12 38.61","-06 21 57.9",6.92,"A0",191949
99604,"20 12 47.32","-02 59 45.4",6.91,"A0",192007
99623,"20 13 03.17","+11 51 03.6",6.51,"K2",192168
99624,"20 13 04.43","-00 19 50.9",6.47,"K5",192086
99631,"20 13 13.87","-01 00 33.4",5.44,"K5III",192107
99639,"20 13 18.04","+46 48 56.4",4.8,"A5IIIn",192514
99641,"20 13 19.32","+79 39 05.7",6.78,"K5",194006
99655,"20 13 23.80","+56 34 03.1",4.28,"A3IV-Vn",192696
99662,"20 13 27.38","+55 07 52.9",6.66,"K0",192677
99663,"20 13 27.57","+60 38 25.6",5.81,"K5III",192781
99666,"20 13 32.38","-47 42 47.3",6.47,"K2III",191732
99668,"20 13 33.86","-38 26 51.5",6.9,"F5V",191889
99670,"20 13 34.77","+16 15 54.8",6.85,"K5",192289
99675,"20 13 37.90","+46 44 28.8",3.8,"K2II+...",192577
99679,"20 13 40.52","+24 14 20.2",6.58,"A1m",192342
99681,"20 13 41.59","-34 07 06.4",6.66,"K1/K2III+..",191957
99685,"20 13 42.82","+43 22 44.4",6.13,"K4III",192535
99719,"20 14 04.87","+36 36 17.6",6.47,"A0V",192538
99738,"20 14 14.52","+28 41 41.5",5.19,"A7IVn",192518
99742,"20 14 16.59","+15 11 50.9",4.94,"A2V",192425
99747,"20 14 19.01","-52 26 44.3",5.65,"K4III",191829
99749,"20 14 21.53","+42 06 15.6",6.67,"B9IV-V",192659
99758,"20 14 25.80","-62 16 45.1",6.74,"M3S",191630
99759,"20 14 26.07","+80 31 54.7",6.8,"A0",194375
99762,"20 14 26.96","-63 24 57.1",6.09,"F0IV",191603
99770,"20 14 31.98","+36 48 22.1",4.93,"A2V",192640
99772,"20 14 34.92","-64 25 46.9",6.92,"A2/A3IV",191585
99777,"20 14 39.62","+36 45 07.5",6.57,"G8III",192661
99801,"20 14 54.15","+32 52 07.2",6.87,"B9",192684
99811,"20 15 06.91","-13 23 01.9",6.91,"K1/K2III",192389
99816,"20 15 10.66","-03 30 12.3",6.93,"F0",192461
99818,"20 15 10.97","+55 39 23.4",6.56,"K0",192982
99824,"20 15 15.89","+25 35 31.1",4.79,"B3V",192685
99825,"20 15 16.58","-27 01 57.1",5.73,"K3V",192310
99841,"20 15 23.79","+33 43 45.7",5.7,"K0III",192787
99848,"20 15 28.32","+47 42 51.1",3.96,"K3Ib-II comp",192909
99849,"20 15 28.38","-07 31 53.0",6.85,"A2",192505
99853,"20 15 30.24","+23 30 32.1",5.18,"G2Ib SB",192713
99856,"20 15 32.52","+02 50 47.7",6.82,"F5",192586
99870,"20 15 43.24","+50 13 58.3",6.36,"A2Vn",192983
99873,"20 15 45.70","+15 19 01.7",6.86,"F0",192715
99874,"20 15 46.16","+27 48 51.2",4.5,"K3III",192806
99878,"20 15 50.59","-30 00 19.1",6.3,"K4III",192433
99889,"20 16 00.61","+45 34 46.8",5.87,"F5V:",192985
99893,"20 16 03.43","+38 53 53.1",6.28,"A1V",192934
99894,"20 16 06.03","+04 34 51.3",6.44,"G5",192699
99907,"20 16 14.84","-41 28 42.6",6.99,"K4III",192394
99913,"20 16 19.78","+21 35 55.5",6.11,"K1III",192836
99915,"20 16 20.71","+22 17 14.1",6.83,"K2",192850
99918,"20 16 22.80","-12 20 13.5",6.3,"B9IV",192666
99920,"20 16 23.61","-36 27 12.7",6.3,"M4III",192472
99926,"20 16 26.45","-35 11 55.0",6.55,"F2V",192486
99927,"20 16 27.20","+27 46 33.8",6.65,"A0p",192913
99929,"20 16 28.15","+37 03 23.0",6.47,"B6III",192987
99951,"20 16 47.08","+24 40 16.1",5.3,"G8III",192944
99955,"20 16 49.03","+56 02 25.1",6.65,"K0III-IV",193287
99956,"20 16 50.26","-03 29 29.1",6.93,"F5",192791
99967,"20 16 54.99","+31 30 18.9",6.92,"A0",193010
99968,"20 16 55.28","+40 21 54.3",5.27,"K5II",193092
99985,"20 17 00.45","+08 57 47.5",6.51,"F2",192895
99990,"20 17 06.53","-21 19 04.4",6.97,"C",192737
99994,"20 17 09.50","-67 27 18.4",6.72,"A4III/IV",191993
100009,"20 17 22.76","+38 14 08.5",6.99,"B1.5Ib",193183
100013,"20 17 25.17","+39 35 36.7",6.57,"Ape...",193182
100016,"20 17 29.05","+42 43 19.4",6.32,"K4II:",193217
100017,"20 17 30.63","+66 51 10.7",5.91,"G3V",193664
100018,"20 17 31.54","+29 08 51.0",6.24,"G9III",193094
100027,"20 17 38.86","-12 30 29.6",4.3,"G3Ib",192876
100035,"20 17 43.84","-51 55 00.7",6.68,"F5IV",192530
100044,"20 17 47.20","+38 01 58.6",4.77,"B2pe",193237
100045,"20 17 49.64","-40 11 05.2",6.72,"F7/G0 +F8/G2",192724
100046,"20 17 50.19","+54 19 20.4",6.73,"F5",193468
100062,"20 18 01.38","-21 48 35.6",5.86,"G8III",192879
100064,"20 18 03.22","-12 32 41.5",3.58,"G6/G8III",192947
100069,"20 18 06.99","+40 43 55.6",5.83,"O9V",193322
100088,"20 18 17.06","+25 38 53.7",6.98,"B1.5V",193220
100097,"20 18 24.76","+55 23 49.8",5.76,"A2Vs",193592
100103,"20 18 26.95","-72 58 45.3",6.57,"K3III",191937
100108,"20 18 28.63","+36 59 59.1",5.58,"A2V",193369
100110,"20 18 30.07","-72 48 29.4",6.93,"K0II/III",191973
100116,"20 18 35.07","+17 21 43.8",6.86,"K5",193222
100121,"20 18 37.46","+00 38 27.9",6.92,"A3",193122
100122,"20 18 39.07","+34 58 58.0",5.14,"F5Ib",193370
100128,"20 18 43.62","-61 54 23.8",6.6,"A0V",192510
100142,"20 18 49.67","+46 19 20.0",6.46,"B2V",193536
100145,"20 18 50.67","+26 59 28.6",6.61,"M2III",193347
100151,"20 18 55.97","-47 42 38.8",6.28,"M1III",192827
100155,"20 18 57.54","+39 00 15.1",6.35,"K5Ib",193469
100165,"20 19 03.01","-63 13 50.0",6.27,"K0III",192531
100184,"20 19 17.68","-47 34 47.4",6.13,"F5V",192886
100192,"20 19 21.16","+14 22 14.5",6.74,"A0",193349
100195,"20 19 23.60","-19 07 06.6",5.28,"K2III",193150
100201,"20 19 25.79","-20 57 02.8",6.84,"A9V",193151
100208,"20 19 29.31","+13 13 00.5",6.2,"M1III",193373
100221,"20 19 36.70","+62 15 26.7",5.71,"B9V",193964
100232,"20 19 43.24","-01 04 42.9",6.05,"K0",193329
100239,"20 19 48.31","+37 07 57.1",6.6,"A0III",193621
100241,"20 19 49.67","+45 21 50.0",6.98,"F5IV",193701
100242,"20 19 49.81","+29 43 36.7",6.78,"B8",193553
100250,"20 19 56.04","+46 50 14.3",6.49,"B9p Si",193722
100256,"20 20 00.19","+13 32 53.2",5.96,"A5m",193472
100261,"20 20 05.98","+68 52 48.9",5.59,"M5III",194258
100262,"20 20 09.94","+11 28 09.9",6.63,"K2",193490
100266,"20 20 14.47","-34 35 06.6",6.62,"F8V",193194
100268,"20 20 15.22","+39 24 11.8",6.22,"A1V",193702
100269,"20 20 15.33","+15 32 34.1",6.77,"F8V",193555
100274,"20 20 20.53","+14 34 09.3",6.17,"G8III",193556
100276,"20 20 21.40","+17 47 34.8",5.82,"K5III",193579
100283,"20 20 26.19","-06 21 41.4",6.63,"K5",193429
100288,"20 20 27.88","-29 11 50.0",6.56,"A5/A6V",193281
100287,"20 20 27.98","+43 51 16.3",6.78,"WC+...",193793
100290,"20 20 28.45","-19 38 49.5",6.93,"K0III",193335
100295,"20 20 30.64","+53 35 44.5",6.23,"K5",193944
100300,"20 20 32.30","-55 03 02.9",6.27,"M0/M1III",193002
100310,"20 20 39.81","-12 45 32.6",4.77,"B9IV",193432
100325,"20 20 46.52","-14 47 05.6",6.09,"B9.5III/IV",193452
100332,"20 20 51.87","-35 40 25.4",6.46,"K3III",193302
100345,"20 21 00.65","-14 46 53.0",3.05,"A5:n",193495
100347,"20 21 01.13","-10 58 57.9",6.83,"K0",193542
100357,"20 21 11.52","+63 58 48.3",5.69,"K5III",194298
100365,"20 21 15.48","+15 06 15.5",6.59,"A0",193707
100372,"20 21 21.46","+63 25 53.9",6.94,"M0III",194299
100379,"20 21 28.46","-66 44 58.9",6.49,"F6V",192887
100384,"20 21 29.55","+30 35 24.8",6.77,"Am",193857
100390,"20 21 32.05","+22 50 56.0",6.55,"K5",193818
100396,"20 21 35.50","-67 18 46.4",6.91,"F8V",192865
100412,"20 21 41.36","-49 59 55.7",6.26,"G2IV-V",193307
100434,"20 22 03.06","+41 07 55.7",6.38,"G5II+...",194069
100435,"20 22 03.43","+24 26 46.0",5.5,"B8IIIn",193911
100437,"20 22 05.35","+45 47 41.6",5.58,"K0IIIvar",194152
100453,"20 22 13.70","+40 15 24.1",2.23,"F8Ib",194093
100469,"20 22 27.48","-42 02 57.7",5.6,"A0V",193571
100475,"20 22 32.20","+34 59 26.8",6.86,"A0",194096
100486,"20 22 37.31","+31 15 54.1",6.09,"K2",194097
100491,"20 22 41.15","-78 57 38.9",6.64,"A0V",192074
100498,"20 22 44.88","+12 26 36.2",6.74,"K2",193968
100501,"20 22 45.29","+41 01 34.1",5.95,"M0III",194193
100511,"20 22 52.32","+14 33 04.0",6.16,"F8V",194012
100515,"20 22 55.49","+42 59 00.4",6.2,"K0IIIvar",194220
100518,"20 22 57.65","+39 12 39.7",6.74,"B8V",194206
100524,"20 23 00.78","-09 39 16.8",6.29,"G5II-III",193896
100526,"20 23 01.33","+54 40 22.4",6.67,"A2",194444
100541,"20 23 10.71","+05 20 35.1",5.3,"G8III-IV",194013
100556,"20 23 26.25","-14 15 23.2",6.76,"B3II/III",193933
100559,"20 23 26.99","+10 21 47.3",6.7,"K2",194116
100570,"20 23 38.23","-05 15 58.2",6.75,"F5",194040
100574,"20 23 44.37","+37 28 35.2",5.87,"B2Vne",194335
100579,"20 23 48.04","+37 01 34.1",6.81,"B9III",194357
100587,"20 23 51.60","+32 11 24.7",4.43,"K3III",194317
100591,"20 23 53.19","-42 25 22.5",5.64,"A3V",193807
100598,"20 23 54.49","+16 02 48.9",6.78,"B9",194211
100623,"20 24 13.92","-14 06 50.1",6.97,"K0III",194121
100643,"20 24 25.78","+24 16 39.4",6.95,"G0",194359
100651,"20 24 32.36","+53 33 06.9",6.49,"B9.5III",194668
100664,"20 24 37.49","+01 04 06.2",6.14,"B9V",194244
100666,"20 24 38.30","+08 35 51.0",6.77,"B9",194305
100672,"20 24 41.75","+01 22 07.0",6.41,"K5",194263
100674,"20 24 42.69","-29 04 39.8",6.97,"K2III",194086
100691,"20 24 48.79","+40 09 13.0",6.73,"K2III",194558
100697,"20 24 54.80","-83 18 38.3",6.15,"A2/A3m...",191220
100710,"20 25 03.57","+83 10 58.1",6.73,"G5",196768
100713,"20 25 04.41","-19 26 01.3",6.83,"K0III",194213
100714,"20 25 05.00","+59 36 00.4",6.44,"A3III",194882
100734,"20 25 25.43","+06 38 30.5",6.75,"A0",194453
100736,"20 25 25.69","+42 36 17.9",6.89,"F6III",194708
100738,"20 25 26.82","-28 39 47.8",5.86,"G8II/III",194215
100751,"20 25 38.85","-56 44 05.6",1.94,"B2IV",193924
100754,"20 25 40.52","+21 24 34.8",5.68,"G6III",194577
100758,"20 25 42.53","-02 48 01.0",6.1,"K1III:",194454
100762,"20 25 44.10","+10 03 21.9",6.32,"K5IIIvar",194526
100764,"20 25 48.01","-40 47 45.5",6.08,"K3III",194184
100779,"20 26 01.15","+19 51 55.6",6.45,"K0III",194616
100781,"20 26 01.58","+13 54 42.0",6.35,"K5",194578
100784,"20 26 03.85","+40 24 06.1",6.65,"B8",194789
100787,"20 26 04.75","-46 39 35.8",6.74,"A9III/IV",194188
100797,"20 26 15.31","+02 57 25.8",6.64,"G5",194579
100807,"20 26 23.15","+17 18 56.1",6.23,"K0",194688
100808,"20 26 23.46","+56 38 19.2",6.38,"B9V",195066
100843,"20 26 48.39","+81 26 02.8",6.55,"K0",196565
100852,"20 26 53.14","-37 24 09.5",6.24,"K1IV",194433
100859,"20 27 02.21","+49 22 59.6",5.73,"F0V:",195068
100866,"20 27 07.77","+34 19 44.7",6.39,"F1II",194951
100876,"20 27 14.19","+20 28 35.4",6.44,"K0",194841
100881,"20 27 19.20","-18 12 42.1",5.08,"B4V",194636
100886,"20 27 20.87","+23 47 25.8",6.88,"A2",194911
100896,"20 27 27.56","-02 06 10.5",6.71,"F8",194765
100907,"20 27 34.27","+38 26 25.9",5.63,"A3V",195050
100925,"20 27 44.25","-30 51 59.7",6.61,"G6/G8V",194640
100926,"20 27 46.13","-05 39 15.2",6.98,"M...",194794
100933,"20 27 51.78","+65 45 21.0",6.56,"A2",195503
100947,"20 28 01.27","-25 36 23.4",6.78,"F8",194711
100953,"20 28 07.52","+08 26 14.7",6.23,"G9III",194937
100965,"20 28 14.45","+81 25 21.6",5.38,"G9III",196787
100969,"20 28 16.77","+02 56 13.7",6.2,"G8III",194953
100970,"20 28 18.42","+18 46 10.7",6.87,"G3IV-V",195019
100971,"20 28 20.84","+20 06 46.2",6.88,"A0",195053
100977,"20 28 24.89","-03 21 27.9",6.12,"B9V",194939
100979,"20 28 25.78","+39 19 44.1",6.98,"G8III",195194
100982,"20 28 26.60","-09 22 13.4",6.82,"G5",194916
100988,"20 28 30.69","+48 55 08.2",6.65,"K2",195307
100991,"20 28 32.77","-34 24 34.9",6.74,"K2III",194747
101011,"20 28 43.58","-15 44 29.4",6.41,"G8III",194918
101013,"20 28 44.20","-23 59 01.3",6.84,"K2/K3III",194848
101017,"20 28 46.74","-35 35 44.9",6.09,"B8II/III",194783
101022,"20 28 49.94","-01 44 04.1",6.82,"G0",195005
101027,"20 28 51.62","-17 48 49.2",4.77,"F3V",194943
101036,"20 28 58.98","-17 26 04.9",6.71,"G2IV",194959
101040,"20 29 00.67","-17 52 30.4",6.55,"K0III",194960
101044,"20 29 02.82","+83 37 31.7",6.19,"A4m",197508
101055,"20 29 08.76","+12 40 51.7",6.94,"B9",195134
101067,"20 29 20.39","+36 27 17.0",5.9,"A1Ib",195324
101070,"20 29 21.15","+20 05 15.8",6.58,"A3m",195217
101076,"20 29 23.73","+30 22 06.8",4.01,"F5II",195295
101084,"20 29 27.11","+56 04 05.4",5.89,"B9Vn",195554
101082,"20 29 27.31","+81 05 26.7",5.96,"K0III+...",196925
101090,"20 29 31.34","-22 23 29.4",6.13,"K5III",195006
101093,"20 29 34.83","+62 59 38.9",4.21,"A7III",195725
101101,"20 29 38.96","-02 53 07.7",4.91,"K2III",195135
101120,"20 29 52.58","-18 35 10.2",6.74,"A7/A8V",195093
101123,"20 29 53.89","-18 34 58.7",5.94,"A1V",195094
101125,"20 29 55.28","+10 18 07.6",6.76,"K0",195274
101133,"20 29 59.87","+45 55 41.5",6.43,"K2+...",195506
101134,"20 30 00.72","+72 31 54.3",6.23,"K4III:",196142
101138,"20 30 03.53","+48 57 05.6",4.94,"B2.5IV",195556
101139,"20 30 04.77","+19 40 03.4",6.88,"B8",195340
101154,"20 30 14.44","+19 25 15.8",6.85,"B9",195358
101160,"20 30 17.95","+10 53 45.3",6.03,"A1sh",195325
101164,"20 30 19.97","+49 46 49.2",6.57,"K0",195608
101206,"20 30 52.72","+49 12 47.6",6.65,"A2",195710
101211,"20 30 56.79","-29 06 45.5",6.35,"A5V",195206
101213,"20 30 58.10","+20 36 21.6",6.21,"A1m",195479
101214,"20 30 59.23","+36 56 09.1",6.21,"F5Iab",195593
101221,"20 31 04.33","-15 03 21.8",6.1,"K1/K2III+..",195330
101223,"20 31 06.12","+15 48 27.5",6.85,"A2",195481
101243,"20 31 18.81","+49 13 13.3",5.44,"M2III",195774
101245,"20 31 21.11","+52 18 33.7",6.2,"K0III",195820
101260,"20 31 30.40","+74 57 16.8",5.18,"A0p...",196502
101263,"20 31 32.03","+21 53 42.3",6.86,"A3",195575
101268,"20 31 36.27","+34 19 49.8",6.47,"F2",195690
101285,"20 31 46.52","+56 46 47.5",6.14,"K5III",195964
101300,"20 31 58.19","+25 48 18.1",6.37,"Am",195692
101308,"20 32 05.12","-05 14 32.7",6.62,"K0",195535
101318,"20 32 09.05","+22 49 27.7",6.51,"K0",195714
101325,"20 32 13.52","+65 23 57.0",6.57,"K0",196229
101339,"20 32 20.40","+02 07 58.1",6.47,"K2",195617
101345,"20 32 23.51","-09 51 13.1",5.66,"G3V",195564
101349,"20 32 25.18","+70 31 55.7",6.76,"A0",196420
101350,"20 32 25.60","+48 12 59.3",6.98,"B0V",195965
101371,"20 32 43.74","+16 46 02.0",6.96,"B9",195775
101381,"20 32 51.17","+27 12 43.8",6.89,"K0II",195835
101383,"20 32 52.33","+43 11 29.7",6.61,"B4III",195986
101384,"20 32 52.35","-24 56 37.4",6.35,"A0V",195549
101398,"20 32 59.05","+49 50 28.4",6.63,"A0",196088
101412,"20 33 06.57","+54 27 25.0",6.82,"M0",196143
101421,"20 33 12.76","+11 18 12.0",4.03,"B6III",195810
101427,"20 33 17.61","-80 57 53.4",5.76,"G6/G8II",193721
101432,"20 33 22.95","-41 31 27.6",6.8,"G5V",195521
101436,"20 33 25.54","-06 13 09.9",6.96,"M3III",195767
101452,"20 33 39.62","+45 10 32.0",6.71,"A0p",196133
101467,"20 33 48.56","+41 46 22.2",6.5,"K0III-IV",196134
101473,"20 33 53.70","+10 03 35.0",6.54,"A2Vnn",195922
101474,"20 33 54.19","+35 15 03.1",4.61,"K2Ib comp",196093
101475,"20 33 54.84","+46 41 37.9",5.78,"B9sp...",196178
101477,"20 33 55.06","-44 30 57.5",5.12,"K0III",195569
101483,"20 33 57.00","+13 01 37.9",5.39,"A3IVs",195943
101489,"20 33 59.92","+04 53 55.3",6.42,"K0",195909
101492,"20 34 01.81","-12 20 37.1",6.97,"A2IV/V",195827
101493,"20 34 01.96","+34 40 44.5",6.67,"B8",196120
101505,"20 34 09.98","+20 59 06.7",6.49,"B3IV",196035
101507,"20 34 11.66","-13 43 16.5",6.11,"G0V",195838
101515,"20 34 16.49","-43 26 51.5",6.73,"K2/K3III",195659
101526,"20 34 31.81","+06 52 41.1",6.97,"B2IV-V",196025
101533,"20 34 36.00","+41 05 54.1",6.67,"K5",196241
101544,"20 34 44.60","+32 30 21.0",6.89,"K1II-III",196197
101552,"20 34 47.38","-30 28 24.3",6.42,"B8V",195843
101556,"20 34 50.41","+51 51 15.2",6.19,"A9II",196379
101558,"20 34 55.46","-38 05 23.5",6.45,"A5m...",195814
101570,"20 35 06.34","-71 11 19.7",6.41,"K2III",195190
101588,"20 35 18.02","+41 53 24.5",6.63,"K0III",196360
101589,"20 35 18.51","+14 40 27.1",4.64,"A3V",196180
101602,"20 35 28.89","+69 40 48.1",6.71,"G5",196848
101607,"20 35 29.64","+06 56 49.5",6.53,"B9",196182
101608,"20 35 32.21","-16 31 32.9",6.19,"A5II/III",196078
101612,"20 35 34.77","-60 34 52.7",4.75,"F1III",195627
101623,"20 35 47.82","-44 20 15.5",6.36,"K1III",195902
101626,"20 35 51.67","-69 36 37.7",6.09,"K2III",195402
101634,"20 36 00.69","+79 25 49.3",6.95,"B3",197637
101641,"20 36 08.32","+25 52 57.4",6.4,"A5III",196362
101645,"20 36 15.89","+16 48 52.9",6.59,"K2",196345
101647,"20 36 16.42","-12 22 52.6",6.81,"K2IIICN...",196222
101676,"20 36 35.95","-71 04 17.0",6.84,"A0IV",195459
101684,"20 36 38.33","-63 07 14.8",6.34,"F2V",195772
101692,"20 36 43.63","-02 32 59.7",4.91,"K5II",196321
101716,"20 37 04.66","+26 27 43.1",5.59,"B9V",196504
101725,"20 37 11.02","-65 01 59.7",6.69,"B8/B9V",195805
101728,"20 37 12.68","+52 58 23.2",6.64,"K2",196770
101746,"20 37 18.38","+00 05 49.2",6.21,"B8IIIp",196426
101751,"20 37 21.16","-15 08 50.0",6.76,"K1III",196348
101756,"20 37 23.57","+38 19 43.6",6.21,"K0III",196642
101765,"20 37 31.77","+31 34 21.1",6.32,"B8IIIn",196606
101768,"20 37 32.73","+31 31 19.2",6.51,"F0V",196629
101769,"20 37 32.87","+14 35 42.7",3.64,"F5IV",196524
101772,"20 37 33.99","-47 17 30.0",3.11,"K0III",196171
101773,"20 37 35.24","-61 31 47.1",4.86,"Fm delta Del",195961
101787,"20 37 43.87","-41 13 39.0",6.62,"F6/F7V",196277
101788,"20 37 44.32","+33 21 59.4",6.97,"K0",196673
101800,"20 37 49.10","+11 22 39.7",5.42,"A2V",196544
101808,"20 37 52.18","-25 06 33.1",6.38,"A9V",196385
101810,"20 37 54.71","+18 16 06.4",6.22,"M6III",196610
101823,"20 38 04.86","-24 13 43.8",6.89,"A7V",196430
101827,"20 38 08.64","-04 22 54.5",6.93,"K0",196527
101838,"20 38 15.74","+44 19 57.7",6.68,"B8",196833
101839,"20 38 16.91","+48 04 12.2",6.61,"G5",196865
101843,"20 38 18.60","-81 17 20.3",5.89,"K5III",194612
101847,"20 38 20.27","-01 06 18.3",4.31,"G8III SB",196574
101867,"20 38 31.29","+21 12 04.2",4.81,"A0V",196724
101868,"20 38 31.91","+24 06 57.5",5.06,"B5IV",196740
101870,"20 38 34.99","+23 40 49.8",5.91,"K0II-III+..",196753
101875,"20 38 40.04","+38 38 08.0",6.76,"G0",196850
101882,"20 38 43.98","+13 18 54.5",5.69,"K3Ib",196725
101899,"20 38 59.54","+30 20 03.9",5.68,"K2III",196852
101900,"20 39 00.19","+56 00 17.8",6.45,"F2Vn",197101
101909,"20 39 04.97","+15 50 17.6",5.99,"B3V",196775
101911,"20 39 05.86","-04 55 46.2",6.46,"K0",196676
101916,"20 39 07.59","+10 05 10.1",5.07,"G5IV+...",196755
101919,"20 39 10.63","+21 49 02.7",6.08,"A0III",196821
101921,"20 39 13.25","-02 24 46.7",6.23,"B7IIIn",196712
101923,"20 39 16.32","-14 57 17.0",5.24,"B7III",196662
101930,"20 39 20.35","+26 04 04.4",6.98,"K2III",196866
101934,"20 39 23.13","+45 40 00.9",6.61,"B5IV",197036
101936,"20 39 24.83","+00 29 11.4",5.15,"K1III",196758
101948,"20 39 33.01","+42 14 56.7",6.81,"G0",197037
101949,"20 39 33.31","+40 34 46.8",6.07,"B6IIIp Mn",197018
101958,"20 39 38.25","+15 54 43.4",3.77,"B9V",196867
101965,"20 39 51.72","-62 54 27.4",6.22,"K1III",196317
101966,"20 39 51.85","+11 14 58.0",6.39,"F8IV:",196885
101974,"20 39 55.40","+35 23 26.3",6.89,"K0",197054
101979,"20 39 59.83","+08 26 49.4",6.85,"K2",196912
101983,"20 40 02.27","-60 32 51.0",5.11,"F8V",196378
101984,"20 40 02.96","-18 08 19.0",5.15,"M1III",196777
101986,"20 40 03.22","+43 27 32.5",5.97,"K2III",197139
101997,"20 40 11.44","-23 46 30.0",6.36,"G8/K0V",196761
101998,"20 40 12.52","-02 39 17.7",6.61,"K0",196870
102010,"20 40 17.64","+03 26 28.5",6.94,"K0",196929
102011,"20 40 17.88","+60 30 17.3",6.02,"F6IV",197373
102014,"20 40 19.81","-33 25 54.9",5.47,"K1III",196737
102026,"20 40 32.56","-16 07 27.7",5.79,"K0III",196857
102029,"20 40 35.25","+15 38 35.3",6.76,"F5",197039
102032,"20 40 35.89","-26 38 42.3",6.51,"G0/G1V",196815
102033,"20 40 36.26","+29 48 19.6",6.02,"A2V",197120
102037,"20 40 42.26","+26 04 45.2",6.74,"A0",197102
102040,"20 40 45.07","+19 56 05.2",6.43,"G5V",197076
102050,"20 40 52.38","-28 32 57.3",6.69,"K2III",196838
102052,"20 40 54.02","+17 34 15.6",6.81,"A0",197103
102057,"20 40 55.61","-42 23 48.2",6.25,"G6III",196748
102062,"20 41 00.36","+39 04 56.4",6.51,"B6III",197226
102066,"20 41 02.54","+32 18 26.3",5.53,"G8IIb",197177
102080,"20 41 16.21","+14 34 58.4",6.01,"K4III:",197121
102085,"20 41 19.15","-17 22 42.4",6.95,"K0III",196979
102092,"20 41 23.58","-31 35 53.3",5.75,"M1III",196917
102094,"20 41 24.26","-25 59 59.5",6.29,"K2III",196947
102096,"20 41 24.63","-42 08 01.3",6.28,"M3II",196829
102098,"20 41 25.91","+45 16 49.2",1.25,"A2Ia",197345
102114,"20 41 37.64","+13 48 31.7",6.81,"A2",197169
102120,"20 41 41.80","+24 10 57.0",6.92,"A0",197245
102125,"20 41 43.74","-75 21 01.5",6.51,"G1V",196067
102155,"20 41 56.50","+41 43 00.7",5.68,"B8II-III",197392
102157,"20 41 57.06","-66 45 38.3",5.14,"B8Vvar",196519
102158,"20 41 58.16","+17 31 17.0",6.24,"G8III",197249
102162,"20 42 02.52","-76 10 50.0",5.99,"F4III-IV",196051
102177,"20 42 12.63","+50 20 24.1",5.41,"B2V",197511
102181,"20 42 15.71","-44 53 06.7",6.99,"A2V",196952
102183,"20 42 16.80","+57 23 07.3",6.99,"A3",197618
102195,"20 42 22.32","+35 27 22.4",6.7,"B2IV-Ve",197419
102205,"20 42 33.55","-84 24 25.4",6.94,"A1m...",194149
102208,"20 42 35.10","+82 31 52.0",5.75,"A0V",199095
102216,"20 42 39.69","+60 36 04.9",6.17,"A2IV",197734
102230,"20 42 52.95","-39 33 31.7",6.3,"K1III",197093
102253,"20 43 10.98","+66 39 26.5",5.59,"A8V",197950
102258,"20 43 13.69","+57 06 50.4",6.34,"B2III",197770
102264,"20 43 16.03","-29 25 24.3",6.95,"G3/G5V",197214
102276,"20 43 24.20","+35 35 16.1",6.48,"G8Ib",197572
102281,"20 43 27.55","+15 04 28.9",4.43,"A7IIIp d Del",197461
102284,"20 43 29.38","+55 17 30.6",6.96,"B9",197795
102291,"20 43 34.77","-11 38 29.2",6.81,"K0III",197364
102299,"20 43 40.11","+05 23 24.8",6.69,"A0",197448
102309,"20 43 47.66","+23 47 28.0",6.93,"A0",197562
102333,"20 44 02.19","-51 55 15.0",4.51,"A6:var",197157
102358,"20 44 22.04","+56 29 18.3",5.91,"M3III",197939
102370,"20 44 33.08","+69 45 06.8",6.5,"G8III",198236
102371,"20 44 33.26","-14 11 08.7",6.87,"M2III",197497
102377,"20 44 36.45","+47 17 49.0",6.57,"K0",197850
102381,"20 44 40.93","-35 49 39.2",6.95,"K1II/III",197402
102384,"20 44 46.80","+20 29 23.3",6.97,"A5",197703
102388,"20 44 52.52","+25 16 15.8",4.92,"K2III",197752
102390,"20 44 54.58","+12 18 45.6",6.71,"A0",197684
102395,"20 44 57.56","-66 12 11.7",3.42,"A5IV",197051
102412,"20 45 11.73","-35 09 58.9",6.8,"G0V",197482
102414,"20 45 13.12","-27 14 50.3",6.5,"G8III",197540
102419,"20 45 14.93","-15 47 53.8",6.98,"F2/F3IV/V",197593
102422,"20 45 17.27","+61 50 12.5",3.41,"K0IV",198149
102430,"20 45 20.99","+46 21 17.4",6.71,"A1IV",197961
102431,"20 45 21.20","+57 34 49.1",4.52,"F8IV-V",198084
102435,"20 45 23.86","-30 28 41.3",6.78,"F0IV/V",197541
102440,"20 45 28.23","+18 05 24.2",6.74,"M5II-III",197812
102453,"20 45 39.76","+30 43 10.8",4.22,"K0III",197912
102474,"20 45 56.99","+07 22 44.7",6.98,"A0",197832
102480,"20 46 01.21","-00 20 25.4",6.76,"G5",197814
102485,"20 46 05.77","-25 16 13.9",4.13,"F5V",197692
102487,"20 46 09.97","-21 30 50.4",5.91,"A1V",197725
102488,"20 46 12.43","+33 58 10.0",2.48,"K0III",197989
102496,"20 46 18.58","-36 07 12.1",6.49,"F3/F5V",197649
102497,"20 46 20.03","-39 11 57.1",5.48,"B8/B9V",197630
102499,"20 46 21.28","+52 59 44.0",6.34,"K0",198181
102506,"20 46 27.06","-50 48 19.8",6.54,"K2III/IVCN.",197544
102530,"20 46 38.61","+46 31 54.2",6.3,"A3V",198151
102531,"20 46 38.87","+16 07 28.6",5.15,"A2Ia+...",197963
102532,"20 46 39.52","+16 07 29.2",4.27,"K1IV",197964
102540,"20 46 46.25","-64 54 33.3",6.7,"K0/K1III",197359
102558,"20 47 01.06","+58 25 00.4",6.68,"F8",198343
102561,"20 47 03.57","-02 29 12.7",6.28,"K2",197954
102571,"20 47 10.72","+34 22 26.8",4.93,"K3IIIvar",198134
102585,"20 47 20.77","+45 34 48.0",6.41,"K3III",198237
102588,"20 47 23.65","-45 51 16.2",6.83,"K2III",197748
102589,"20 47 24.53","+36 29 26.7",4.53,"B6IV",198183
102599,"20 47 33.56","+80 33 08.5",5.36,"K1III",199437
102618,"20 47 40.53","-09 29 44.5",3.78,"A1V",198001
102624,"20 47 44.24","-05 01 39.4",4.43,"M3IIIvar",198026
102631,"20 47 47.86","+03 18 23.2",6.38,"A0Vn",198070
102633,"20 47 48.33","+06 00 29.7",5.57,"A0V",198069
102635,"20 47 49.29","+47 49 54.9",5.6,"K5III",198345
102642,"20 47 52.89","+52 24 27.3",6.29,"K0V:",198387
102653,"20 48 09.72","+02 42 55.9",6.94,"K2",198124
102658,"20 48 12.95","-16 31 16.3",6.99,"F5II/III",198041
102660,"20 48 13.66","-19 15 36.9",6.81,"F3IV",198031
102666,"20 48 15.56","-04 38 24.6",6.96,"K2",198111
102670,"20 48 18.36","-44 11 48.1",6.47,"K1IV",197900
102680,"20 48 24.56","+03 38 56.5",6.78,"B9",198167
102684,"20 48 25.53","+68 01 57.5",6.98,"F0",198737
102693,"20 48 29.00","-43 59 17.8",5.11,"F1IV",197937
102712,"20 48 42.74","+51 54 37.2",6.26,"B8np",198513
102724,"20 48 56.29","+46 06 50.9",4.81,"B3Ia",198478
102755,"20 49 12.05","+35 33 49.1",6.6,"K5",198437
102759,"20 49 14.75","-48 13 28.3",6.96,"K0/K1III",198010
102770,"20 49 17.25","-00 33 47.8",6.24,"M3",198272
102771,"20 49 17.39","+64 02 32.2",6.45,"B0.5V",198781
102772,"20 49 17.61","-25 46 52.3",5.86,"B8II",198174
102773,"20 49 18.28","-68 46 35.0",5.41,"K0III",197635
102775,"20 49 19.01","+58 44 55.5",6.88,"B9",198679
102780,"20 49 20.54","-18 02 08.8",6.2,"K3III",198208
102790,"20 49 28.93","-46 13 36.8",4.9,"K5III",198048
102801,"20 49 36.71","+51 18 51.9",6.65,"F2",198638
102804,"20 49 37.69","+50 07 37.5",6.5,"F7V: comp",198624
102805,"20 49 37.74","+12 32 41.6",6.01,"F5V",198390
102819,"20 49 48.24","+07 51 51.0",6.32,"A1Vs",198391
102827,"20 49 54.64","+46 39 40.8",6.33,"B4V",198625
102831,"20 49 58.08","-33 46 46.8",4.89,"G8III",198232
102833,"20 49 59.07","+05 32 40.4",6.2,"K0",198404
102843,"20 50 04.83","+44 03 32.3",5.06,"A4me...",198639
102869,"20 50 30.19","-24 58 57.2",6.84,"F6IV",198354
102876,"20 50 36.01","+30 54 45.3",6.8,"A2",198626
102878,"20 50 37.01","+18 03 04.5",6.63,"A1Vs",198552
102891,"20 50 41.70","-12 32 41.0",5.87,"K1III",198431
102901,"20 50 47.15","-32 03 16.0",6.42,"K5III",198356
102910,"20 50 55.98","+34 45 14.4",6.64,"K0",198692
102912,"20 50 56.99","+48 01 49.5",6.98,"K3Ib",198794
102916,"20 51 00.76","-37 54 47.8",5.52,"K3III",198357
102921,"20 51 05.41","+51 25 01.7",6.91,"F0",198834
102945,"20 51 25.69","-05 37 35.9",5.99,"F5IV-V",198571
102949,"20 51 28.24","+28 15 01.9",5.66,"F5Ib",198726
102950,"20 51 30.05","-51 36 29.4",5.06,"K1II/III",198308
102954,"20 51 33.61","-27 14 40.9",6.74,"F6V",198500
102956,"20 51 34.15","+49 39 16.0",6.99,"K2",198877
102959,"20 51 36.22","-27 59 42.9",6.84,"A1m...",198501
102962,"20 51 38.40","-62 25 45.2",5.67,"A2",198160
102978,"20 51 49.30","-26 55 08.9",4.12,"K4III",198542
102986,"20 51 55.96","+08 46 21.9",6.83,"K5",198704
102989,"20 51 58.76","-33 10 40.7",6.06,"A1IV",198529
102993,"20 52 00.39","+32 50 56.1",6.42,"B3III",198820
103004,"20 52 07.73","+27 05 49.7",4.56,"G8III",198809
103005,"20 52 08.69","-05 30 25.4",5.55,"B9III",198667
103024,"20 52 20.96","+55 03 04.4",6.77,"A2",199067
103036,"20 52 29.91","+18 01 38.5",6.55,"G5",198835
103037,"20 52 31.04","-13 12 10.6",6.85,"K4III",198694
103045,"20 52 39.21","-08 58 59.7",4.73,"A3m",198743
103049,"20 52 43.13","-39 06 31.0",6.89,"G8II",198590
103062,"20 52 53.58","+24 54 52.6",6.63,"K5",198933
103071,"20 53 01.10","-23 46 59.0",6.32,"K0III",198732
103077,"20 53 05.57","-11 34 25.5",6.38,"G1V",198802
103079,"20 53 07.37","+29 38 57.3",6.36,"K2",198976
103089,"20 53 14.75","+44 23 14.2",4.8,"B5V",199081
103094,"20 53 18.56","+45 10 54.1",5.48,"K0II",199098
103103,"20 53 24.94","-30 43 08.1",6.35,"K1III",198751
103108,"20 53 26.38","+42 24 36.8",6.67,"A1V",199099
103114,"20 53 32.17","-19 06 49.4",6.82,"K0III",198824
103116,"20 53 33.32","+31 37 34.1",6.85,"A5",199055
103127,"20 53 40.15","-39 48 34.7",5.34,"K2III",198716
103130,"20 53 41.31","+59 18 27.7",6.96,"F2",199306
103145,"20 53 53.91","+33 26 16.1",5.47,"K5III",199101
103154,"20 53 58.37","-06 53 21.9",6.44,"F1IV",198949
103164,"20 54 04.81","-04 32 31.9",6.78,"A3",198962
103168,"20 54 06.58","-27 55 30.7",6.41,"M1III",198853
103189,"20 54 22.25","+40 42 10.6",6.69,"B8Vnn",199218
103191,"20 54 22.39","+28 31 19.2",6.55,"B2IIIvar",199140
103200,"20 54 33.64","+28 03 27.5",5.03,"K4III",199169
103206,"20 54 35.10","-50 43 38.3",6.23,"B5IV",198766
103213,"20 54 39.92","+46 13 52.3",6.67,"A2V",199311
103219,"20 54 44.28","+75 55 31.7",5.99,"G5III",200039
103224,"20 54 46.90","-18 47 34.2",6.66,"F0V",199014
103226,"20 54 47.85","-17 55 22.3",5.78,"K0III",199012
103227,"20 54 48.58","-58 27 14.7",3.67,"K0III",198700
103242,"20 54 57.73","+33 45 50.5",6.93,"M4",199251
103261,"20 55 08.26","-01 22 23.1",6.55,"A9Vn",199124
103262,"20 55 08.43","+01 48 47.6",6.7,"F2",199141
103282,"20 55 26.50","+43 22 02.2",6.73,"K4III",199395
103294,"20 55 36.68","+13 43 17.6",5.19,"K0III",199253
103298,"20 55 38.55","+12 34 06.6",5.54,"A4V",199254
103301,"20 55 40.64","+04 31 57.7",6.04,"G6III-IV",199223
103312,"20 55 49.81","+47 25 03.6",5.68,"B8Ia",199478
103322,"20 55 59.00","+44 22 26.1",6.83,"B9V",199479
103330,"20 56 02.18","+27 34 31.9",6.66,"K2III",199375
103333,"20 56 05.40","+09 15 37.7",6.74,"K5",199320
103341,"20 56 11.59","+43 25 27.5",6.87,"B8",199511
103342,"20 56 11.98","+75 43 11.0",6.76,"K2",200251
103343,"20 56 12.78","+51 04 30.0",6.61,"B5V",199578
103346,"20 56 17.01","+56 53 15.0",6.23,"B2.5IV",199661
103347,"20 56 18.24","-03 33 42.2",6.57,"B8Vn",199280
103348,"20 56 18.82","+42 46 07.6",6.68,"K1IV",199512
103359,"20 56 25.44","+50 43 43.1",5.83,"F0III",199611
103360,"20 56 25.89","+49 11 45.0",5.92,"G8II-III",199612
103371,"20 56 34.78","+44 55 29.0",5.96,"O6...",199579
103389,"20 56 47.27","-26 17 46.4",5.7,"F7V",199260
103391,"20 56 47.45","+01 42 56.4",6.89,"K0",199381
103401,"20 56 54.03","-09 41 51.1",5.49,"K5III",199345
103413,"20 57 10.41","+41 10 01.9",3.94,"A1Vn",199629
103414,"20 57 10.57","+00 27 50.2",6.06,"K2III",199442
103420,"20 57 12.84","+69 03 27.6",6.82,"K2",200099
103422,"20 57 13.09","+35 18 42.1",6.62,"K2",199597
103455,"20 57 39.50","+26 24 17.4",6.93,"G0V",199598
103458,"20 57 40.49","-44 07 37.2",6.52,"G0V",199288
103460,"20 57 40.61","-16 01 53.6",5.89,"A2/A3III",199443
103472,"20 57 48.87","+04 11 43.8",6.84,"K2",199560
103483,"20 57 59.69","+08 03 44.5",6.95,"K0",199583
103503,"20 58 11.65","-69 08 46.1",6.85,"B9/B9.5V",198971
103510,"20 58 15.53","+30 23 45.2",6.54,"G9III",199763
103511,"20 58 16.35","+22 19 33.3",5.3,"K4III",199697
103516,"20 58 18.70","+23 02 46.9",6.57,"G8III",199719
103519,"20 58 19.38","+44 28 17.5",5.55,"G8III",199870
103527,"20 58 25.96","+10 50 21.7",5.51,"G6III:",199665
103530,"20 58 30.03","+50 27 42.4",5.59,"B5Vn",199955
103532,"20 58 30.94","+41 56 23.7",6.17,"B7III",199892
103545,"20 58 41.87","-14 28 59.1",5.95,"A9V",199603
103550,"20 58 45.14","-03 50 29.4",6.95,"A3",199651
103559,"20 58 55.63","+44 03 37.5",6.65,"K0",199956
103568,"20 59 03.54","+22 21 01.5",6.78,"K5",199838
103569,"20 59 04.54","+04 17 37.8",5.3,"F5III...",199766
103571,"20 59 05.18","+04 17 41.9",5.24,"G0V",
103596,"20 59 24.61","+42 19 28.0",6.47,"B9",200030
103598,"20 59 25.33","+59 26 18.8",5.54,"K4III",200205
103606,"20 59 29.12","+55 56 24.4",6.66,"K2",200167
103616,"20 59 36.13","-19 02 06.8",6.26,"Ap Si",199728
103621,"20 59 41.00","-62 52 38.3",6.88,"K3III",199342
103624,"20 59 42.90","+38 49 22.5",6.76,"G5III",200031
103632,"20 59 49.55","+47 31 15.4",4.74,"B1ne",200120
103633,"20 59 49.63","+55 13 04.9",6.8,"K1III",200206
103635,"20 59 50.82","+16 49 27.7",6.62,"F4III",199941
103637,"20 59 51.30","+44 59 47.2",6.64,"G1Ib",200102
103640,"20 59 54.84","-13 03 05.9",6.61,"A3/A4IV",199828
103641,"20 59 55.10","+40 15 29.9",6.58,"F8",200077
103645,"20 59 58.80","+32 29 44.5",6.85,"M3III",200043
103646,"20 59 59.62","-36 07 46.2",6.1,"F2V",199684
103652,"21 00 03.95","+07 30 58.2",5.98,"A7V",199942
103654,"21 00 05.04","-69 34 43.5",6.86,"G5IV",199190
103673,"21 00 21.56","-51 15 56.3",5.76,"F5IV-V",199623
103675,"21 00 27.70","+19 19 47.0",5.69,"M3III",200044
103681,"21 00 32.65","-05 28 38.3",6.53,"A0",199944
103682,"21 00 33.81","-04 43 47.7",6.21,"G1V",199960
103687,"21 00 40.38","-35 17 30.3",6.7,"K1IV",199810
103693,"21 00 43.41","-53 44 20.5",6.26,"K5/M0III",199642
103703,"21 00 51.78","-17 31 51.1",6.07,"K3III",199947
103705,"21 00 53.14","-36 03 14.8",6.64,"K0III",199845
103728,"21 01 08.33","-13 31 48.0",6.55,"G6/G8III",200004
103732,"21 01 10.92","+46 09 20.8",5.38,"B1V",200310
103734,"21 01 12.87","+36 01 33.7",6.01,"G5III",200253
103738,"21 01 17.46","-32 15 28.0",4.67,"G8III",199951
103748,"21 01 25.90","-32 53 44.2",6.86,"A3III/IV",199952
103752,"21 01 28.03","-68 12 34.6",6.36,"A2V",199475
103777,"21 01 45.27","-26 52 51.4",6.04,"A3V",200052
103779,"21 01 47.44","+44 11 13.6",6.76,"Am",200407
103792,"21 01 55.01","+57 04 18.7",6.7,"B8",200575
103810,"21 02 09.00","+56 40 10.6",5.83,"B8III",200614
103813,"21 02 12.51","+07 10 47.3",6.72,"F8",200256
103814,"21 02 12.67","-43 00 06.8",6.64,"G3IV+...",200011
103819,"21 02 17.67","-42 59 49.7",6.9,"K0IV",200026
103822,"21 02 20.96","+39 30 32.5",6.5,"A1V comp",200465
103828,"21 02 24.20","+44 47 27.6",6.18,"M3Ib-II:",200527
103836,"21 02 27.05","-38 31 50.0",5.93,"K2III",200073
103850,"21 02 35.10","+48 01 50.4",6.86,"K5Ib",200576
103851,"21 02 35.23","-09 59 44.4",6.55,"M3",200228
103863,"21 02 42.92","+03 21 01.1",6.62,"K0",200326
103865,"21 02 45.16","-19 14 55.5",6.96,"K1III",200233
103868,"21 02 47.18","+15 58 01.6",6.88,"M0",200393
103871,"21 02 48.62","+45 50 56.0",6.5,"B3Vn",200595
103876,"21 02 55.07","+32 20 59.6",6.92,"K2",200510
103882,"21 02 57.97","-38 37 52.3",5.32,"F3V",200163
103889,"21 02 59.62","-00 55 29.1",6.5,"B6V",200340
103891,"21 03 01.78","+14 43 48.1",6.33,"M1III",200430
103892,"21 03 03.09","+01 31 55.9",6.24,"F5V",200375
103894,"21 03 04.83","+38 39 26.7",6.1,"G8III",200577
103902,"21 03 10.17","-27 43 53.4",6.25,"K0III",200245
103929,"21 03 26.03","+50 21 06.5",6.37,"K0",200740
103931,"21 03 29.49","-01 34 46.7",6.91,"F5",200433
103932,"21 03 29.51","-02 19 19.6",6.99,"K0",200435
103930,"21 03 29.53","+29 05 33.2",6.96,"G8III",200578
103938,"21 03 36.01","+81 09 39.1",6.94,"F0",201998
103949,"21 03 43.50","+46 51 47.8",6.32,"F0IVn",200753
103956,"21 03 47.58","+53 17 09.0",5.93,"K0III",200817
103963,"21 03 52.14","+41 37 41.9",6.34,"F3IV",200723
103981,"21 04 04.71","-05 49 23.0",5.53,"G4",200496
103988,"21 04 08.11","-47 57 39.2",6.98,"K2III",200248
103998,"21 04 14.07","-50 26 07.1",6.59,"K3III",200249
104019,"21 04 24.32","-19 51 17.8",4.82,"A5V",200499
104031,"21 04 34.64","+05 30 10.3",5.63,"K5III",200644
104041,"21 04 41.63","+02 56 32.1",6.41,"K0",200661
104043,"21 04 43.03","-77 01 22.3",5.13,"F4III",199532
104048,"21 04 45.32","+02 16 11.8",6.34,"G5",200663
104060,"21 04 55.86","+43 55 40.3",3.72,"K5Ibv SB",200905
104085,"21 05 14.23","-54 43 37.0",5.17,"K2III",200365
104101,"21 05 26.79","+05 57 30.6",5.94,"F8V",200790
104105,"21 05 29.21","+78 07 34.8",5.91,"B8Vn",201908
104125,"21 05 40.97","-44 56 56.5",6.94,"K1III",200554
104128,"21 05 48.49","+15 19 38.7",6.64,"F7IV",200877
104135,"21 05 55.50","+20 56 48.4",6.83,"B9",200930
104139,"21 05 56.78","-17 13 57.8",4.08,"A1V",200761
104146,"21 06 00.50","+62 55 18.6",6.88,"K5",201343
104148,"21 06 01.12","-30 07 29.8",5.69,"K0/K1III",200718
104171,"21 06 23.39","+71 25 55.5",5.88,"F3IV",201636
104172,"21 06 23.45","+26 55 27.9",6.13,"K0II-III",201051
104173,"21 06 23.90","-34 37 43.6",6.81,"K1III",200750
104174,"21 06 24.68","-32 20 29.9",5.2,"K2III",200763
104177,"21 06 25.50","-41 23 09.4",5.55,"K3III",200702
104185,"21 06 30.24","+31 11 04.8",5.77,"F7.5Ib-IIv",201078
104189,"21 06 33.41","-00 06 18.1",6.92,"K2",200932
104194,"21 06 36.09","+47 38 54.3",4.56,"K4II",201251
104202,"21 06 39.79","+03 48 10.8",6.48,"K0",200964
104204,"21 06 41.51","-20 10 48.8",6.54,"K3III",200868
104214,"21 06 50.84","+38 44 29.4",5.2,"K5V",201091
104217,"21 06 52.19","+38 44 03.9",6.05,"K7V",201092
104234,"21 07 07.69","-25 00 20.7",4.49,"K5/M0III",200914
104265,"21 07 21.87","-00 45 54.7",6.58,"K0",201066
104269,"21 07 24.72","-59 59 30.9",6.77,"G5IV",200655
104276,"21 07 29.88","-19 05 17.2",6.69,"K1III",201013
104279,"21 07 32.88","-00 09 49.8",6.61,"M3",201098
104281,"21 07 33.61","+15 39 31.7",6.27,"K2IV",201196
104291,"21 07 40.84","+68 15 14.6",6.88,"A2",201731
104293,"21 07 42.41","-02 03 08.0",6.86,"A3",201120
104296,"21 07 44.50","-45 22 46.0",6.45,"A9V",200887
104297,"21 07 44.68","-17 27 20.8",6.18,"B9.5V",201057
104305,"21 07 49.21","+01 09 14.0",6.71,"K5",201159
104308,"21 07 51.19","-54 12 58.8",6.69,"A5/A6IV/V",200798
104313,"21 07 53.84","-48 56 24.1",6.7,"A0V",200856
104324,"21 08 00.68","+05 09 06.0",6.73,"A2",201221
104338,"21 08 09.37","-00 59 22.9",6.88,"A5",201222
104357,"21 08 28.15","+06 59 21.7",6.14,"K5III",201298
104364,"21 08 32.71","-63 55 41.8",5.75,"K0III",200751
104365,"21 08 33.61","-21 11 36.7",5.3,"A0V",201184
104371,"21 08 38.87","+30 12 20.5",5.6,"B9V",201433
104374,"21 08 41.27","-37 14 33.7",6.87,"B8IV/V",201108
104382,"21 08 46.01","-88 57 23.4",5.45,"F0III",177482
104385,"21 08 47.69","-76 12 44.7",6.57,"K1III",200266
104395,"21 08 57.45","-05 34 54.3",6.58,"K0",201322
104396,"21 08 57.85","+47 16 15.6",6.97,"F2",201599
104398,"21 08 58.40","-28 28 38.5",6.98,"G8III/IV",201226
104429,"21 09 15.41","-20 11 35.4",6.73,"K0III",201301
104430,"21 09 15.97","-00 14 05.7",6.65,"A3",201377
104434,"21 09 18.20","-37 55 59.2",6.86,"K0III",201228
104436,"21 09 19.63","-82 01 37.7",6.98,"G3V",199509
104440,"21 09 21.52","-73 10 20.2",5.67,"G3IV",200525
104441,"21 09 22.31","-36 42 20.2",6.47,"F7V",201242
104444,"21 09 25.07","-16 36 56.8",6.72,"K4III",201335
104449,"21 09 28.80","+63 17 44.3",6.53,"B7III",201888
104452,"21 09 32.93","-20 33 22.8",6.25,"F2IV/V",201352
104458,"21 09 35.27","+75 13 40.2",6.89,"F5",202345
104459,"21 09 35.59","-11 22 18.0",4.5,"G8III",201381
104469,"21 09 44.05","-44 12 35.3",6.53,"K1III",201245
104471,"21 09 45.89","+19 12 38.5",6.96,"F8V",201545
104481,"21 09 58.26","+02 56 37.0",6.44,"F5IV",201507
104483,"21 09 58.62","+45 30 09.2",6.6,"B4IVp",201733
104499,"21 10 05.94","-29 43 15.8",6.66,"K4/K5III",201390
104501,"21 10 07.44","-64 01 31.1",6.92,"A3m...",201020
104508,"21 10 09.99","-43 22 57.7",6.56,"B8V",201317
104516,"21 10 15.55","+53 33 47.2",5.75,"B9III",201834
104521,"21 10 20.47","+10 07 55.0",4.7,"F0p",201601
104525,"21 10 24.50","-59 24 27.8",6.96,"A7IV/V",201172
104537,"21 10 30.96","+47 41 32.0",6.46,"B6IV",201836
104538,"21 10 31.31","+10 02 56.0",6.07,"A2Vs",201616
104539,"21 10 32.06","+22 27 16.8",6.71,"A1V",201671
104557,"21 10 46.87","-09 21 14.2",6.27,"K0III",201567
104579,"21 11 03.77","+36 17 58.5",6.53,"B1Vp",201819
104592,"21 11 15.56","+45 40 27.3",6.69,"F0III",201935
104597,"21 11 20.87","-72 32 39.4",6.18,"K1III",200924
104604,"21 11 22.80","-52 20 21.5",6.98,"F8V",201427
104620,"21 11 34.28","-56 31 01.8",6.93,"K1III",201411
104632,"21 11 40.37","+70 26 27.9",6.89,"K2",202432
104634,"21 11 41.31","-14 28 20.6",6.47,"Fm delta Del",201707
104642,"21 11 48.24","+59 59 11.8",5.64,"B0V",202214
104643,"21 11 48.53","+29 42 42.2",6.85,"B5",201912
104653,"21 11 56.82","+30 37 08.7",6.54,"G5",201939
104677,"21 12 12.25","+11 46 53.6",6.96,"K5",201892
104680,"21 12 13.67","-40 16 07.8",5.83,"F5IV",201647
104716,"21 12 45.28","+84 15 31.2",6.9,"G5",204149
104717,"21 12 45.34","+02 38 34.0",6.98,"A2",201941
104719,"21 12 47.25","+60 05 52.8",6.91,"M3Ib",202380
104728,"21 12 53.38","+35 47 51.8",6.75,"A2",202126
104732,"21 12 56.18","+30 13 37.5",3.21,"G8II SB",202109
104738,"21 13 02.93","-39 25 28.7",5.25,"F5V",201772
104750,"21 13 17.27","-27 37 08.6",5.41,"K3III",201901
104752,"21 13 18.94","-36 25 24.7",5.97,"K0III",201852
104755,"21 13 20.44","-70 07 34.4",5.06,"M2III",201371
104756,"21 13 21.60","+81 13 51.5",6.12,"A3IV",203501
104765,"21 13 26.43","+36 37 59.7",6.07,"F0III",202240
104771,"21 13 28.77","+15 58 56.8",6.27,"A7Vn",202128
104773,"21 13 29.44","-47 33 02.5",6.87,"M1III",201789
104788,"21 13 42.46","+64 24 15.1",6.38,"G2IV+...",202582
104791,"21 13 47.13","+70 01 39.5",6.67,"K0",202719
104822,"21 14 10.28","+29 54 03.5",6.18,"G2Ib",202314
104838,"21 14 16.67","-45 46 57.2",6.89,"K1III",201931
104839,"21 14 16.72","-10 36 19.4",6.77,"B9MNp...",202149
104858,"21 14 28.79","+10 00 27.8",4.47,"F5V+...",202275
104871,"21 14 36.37","+56 53 00.3",6.87,"K5",202583
104872,"21 14 37.03","+00 05 32.2",6.38,"M1III",202259
104884,"21 14 46.15","+16 28 45.2",6.95,"F0",202351
104886,"21 14 46.55","+64 45 01.2",6.98,"K0",202734
104887,"21 14 47.35","+38 02 39.6",3.74,"F1IV",202444
104907,"21 15 02.13","-49 05 51.1",6.84,"K3III",202026
104910,"21 15 03.82","-05 33 06.4",6.98,"K2",202307
104914,"21 15 06.62","-17 20 42.3",6.05,"K0III",202261
104919,"21 15 10.89","+51 16 54.9",6.99,"K0",202616
104925,"21 15 14.31","-40 30 21.9",6.2,"K1III",202135
104929,"21 15 17.25","-58 55 45.9",6.93,"G8III",201933
104941,"21 15 27.19","+42 01 33.8",6.6,"G0",202568
104962,"21 15 37.18","+47 58 26.4",6.45,"B4IV",202654
104963,"21 15 37.89","-20 39 06.1",5.17,"K0II/III",202320
104965,"21 15 41.09","-57 37 52.7",6.54,"F0V",202027
104967,"21 15 42.23","+16 43 40.1",6.96,"K0",202478
104968,"21 15 42.39","+77 00 44.1",5.92,"K5III",203399
104974,"21 15 44.83","-15 10 17.4",5.31,"M2III",202369
104978,"21 15 45.84","-53 15 47.0",5.73,"A6IV",202103
104980,"21 15 46.76","-36 12 38.5",6.13,"K3III",202287
104987,"21 15 49.40","+05 14 53.1",3.92,"G0III+...",202447
105000,"21 15 57.22","+25 26 02.1",6.99,"G5V:",202573
105002,"21 15 59.61","-13 12 09.1",6.62,"K0III",202407
105017,"21 16 17.12","+44 14 17.5",6.36,"K0III+...",202710
105019,"21 16 17.78","-09 12 52.8",6.45,"M4III:",202466
105034,"21 16 29.62","+42 15 06.6",6.23,"K2",202720
105046,"21 16 39.46","-01 36 27.8",6.48,"K0",202554
105064,"21 17 02.02","+53 59 51.4",6.12,"A1V",202923
105079,"21 17 13.54","-13 16 44.3",6.41,"A1V",202606
105080,"21 17 14.23","+55 47 52.7",6.0,"K3III",202987
105090,"21 17 17.71","-38 51 52.5",6.69,"M1/M2V",202560
105091,"21 17 18.79","+58 36 41.4",6.42,"B2III",203025
105101,"21 17 23.18","+42 41 00.8",6.17,"B7Vn",202862
105102,"21 17 24.95","+39 23 40.9",4.22,"B9Iab",202850
105104,"21 17 25.27","+08 14 02.7",6.99,"K2",202699
105106,"21 17 25.62","-30 44 44.5",6.85,"K1III",202540
105116,"21 17 36.35","+39 12 36.2",6.98,"F5",202880
105133,"21 17 52.56","-48 43 05.0",6.54,"K2III",202501
105138,"21 17 55.07","+34 53 48.8",4.41,"B2Vne",202904
105140,"21 17 56.25","-32 10 20.9",4.71,"A0V",202627
105143,"21 17 57.28","-17 59 06.5",5.4,"B5II/III",202671
105148,"21 18 00.47","-64 40 53.4",6.32,"B8V",202299
105164,"21 18 11.07","-04 31 10.2",5.83,"B5V",202753
105169,"21 18 16.20","-75 20 48.0",6.61,"A1V",201906
105181,"21 18 26.15","-20 20 07.5",6.62,"K0III",202725
105184,"21 18 27.08","-43 20 04.9",6.75,"G5V",202628
105185,"21 18 27.15","-47 00 07.8",6.96,"K4/K5III",202593
105186,"21 18 27.18","+43 56 45.5",5.04,"O8",203064
105193,"21 18 32.43","+61 11 03.8",6.43,"M3",203265
105199,"21 18 34.58","+62 35 07.6",2.45,"A7IV-V",203280
105205,"21 18 39.53","+24 39 34.2",6.61,"G8II-III",202975
105214,"21 18 43.73","-61 21 06.2",6.6,"G5V",202457
105219,"21 18 45.42","+50 04 09.7",6.96,"K5",203137
105224,"21 18 52.01","+11 12 12.0",5.97,"K5III",202951
105228,"21 18 54.32","-28 45 56.4",6.4,"K0IV",202773
105229,"21 18 55.33","+41 02 25.9",6.15,"A5IV",203096
105237,"21 19 00.03","+39 44 57.6",6.68,"A0",203112
105244,"21 19 03.13","-32 21 21.9",6.96,"K3III",202774
105250,"21 19 07.36","+61 51 30.5",6.66,"B0IVpe",203374
105254,"21 19 11.21","+17 49 20.6",6.7,"F2",203015
105256,"21 19 14.93","-16 10 46.1",6.91,"K0III",202890
105259,"21 19 15.69","+58 37 24.6",5.51,"B3Vv comp",203338
105264,"21 19 19.82","+38 48 23.7",6.99,"F5",203155
105267,"21 19 20.48","-13 02 52.6",6.88,"A4V",202929
105266,"21 19 20.54","-47 03 16.2",6.66,"K1III",202729
105269,"21 19 22.18","+38 14 14.9",5.89,"F2Ib",203156
105268,"21 19 22.21","+64 52 18.6",5.19,"B3IVe",203467
105275,"21 19 25.05","+58 19 35.4",6.99,"K2",203376
105282,"21 19 28.74","+49 30 37.0",5.75,"B6V",203245
105295,"21 19 39.35","+09 31 31.2",6.99,"A2",203067
105298,"21 19 40.76","+53 03 29.2",6.82,"K2",203320
105312,"21 19 46.00","-26 21 07.2",6.56,"G5V",202940
105319,"21 19 51.88","-53 26 57.4",4.39,"A5V",202730
105334,"21 20 09.48","-45 01 18.8",6.15,"C5II",202874
105344,"21 20 14.07","+22 01 34.2",6.29,"B6IV",203206
105352,"21 20 20.54","+33 29 07.7",6.93,"A0",203286
105357,"21 20 25.42","+60 41 14.2",6.73,"F5",203551
105370,"21 20 33.50","+60 45 23.2",6.11,"G5III",203574
105382,"21 20 45.58","-40 48 34.2",4.8,"A2p",203006
105390,"21 20 50.01","+32 27 08.4",6.45,"G8IV",203358
105406,"21 21 01.44","+40 20 44.1",6.39,"F8V",203454
105411,"21 21 04.24","+23 51 22.5",5.58,"K1III",203344
105412,"21 21 04.33","-04 33 36.5",5.87,"G7III:",203222
105413,"21 21 04.80","+07 21 16.4",5.81,"M2III",203291
105425,"21 21 16.60","-49 56 16.3",6.4,"K3III",203010
105430,"21 21 20.44","+46 43 47.3",6.73,"A2",203535
105431,"21 21 21.56","+10 19 56.6",6.72,"F5",203345
105432,"21 21 21.93","+32 36 46.0",6.05,"A1V",203439
105439,"21 21 23.71","-51 45 08.6",6.75,"K0:III+...",203021
105476,"21 21 49.09","-29 09 57.7",6.53,"K3III",203242
105478,"21 21 50.31","+01 21 42.0",6.79,"F2",203405
105491,"21 21 58.65","-09 19 40.3",6.81,"K2",203364
105497,"21 22 00.38","+49 23 19.3",5.68,"K0III",203644
105500,"21 22 01.70","+04 20 44.3",6.69,"K0",203440
105502,"21 22 05.13","+19 48 15.7",4.08,"K1III",203504
105515,"21 22 14.78","-16 50 04.4",4.28,"G8III",203387
105526,"21 22 21.31","+77 05 25.2",6.56,"A0",204408
105534,"21 22 26.76","-03 07 48.3",6.67,"F2",203458
105540,"21 22 28.95","+49 29 29.1",6.85,"B9",203746
105548,"21 22 35.92","+02 55 06.7",6.53,"F8",203522
105550,"21 22 37.02","-05 37 59.7",6.93,"K5",203486
105557,"21 22 42.00","+76 33 17.0",6.85,"G0",204426
105558,"21 22 42.03","+30 18 35.5",6.07,"K1III",203630
105560,"21 22 45.28","-48 27 25.3",6.95,"K2/K3III",203257
105561,"21 22 46.84","+38 38 03.6",6.63,"A1V",203696
105570,"21 22 53.58","+06 48 40.0",5.16,"A3V",203562
105574,"21 22 56.27","-09 19 09.4",5.99,"M0III",203525
105576,"21 23 00.47","-22 40 08.6",5.63,"M0III",203475
105607,"21 23 22.99","+37 24 23.3",6.55,"F6II-III",203784
105623,"21 23 35.38","+14 03 00.7",6.76,"B2.5IVne",203699
105635,"21 23 44.99","+69 32 04.1",6.93,"B8",204260
105637,"21 23 48.39","+37 21 05.4",6.46,"K5",203857
105646,"21 23 55.86","-25 12 08.7",6.47,"K1III",203607
105652,"21 23 58.74","+24 16 26.7",5.7,"F1IV",203803
105660,"21 24 07.42","+25 18 44.6",6.2,"A2V",203858
105662,"21 24 07.94","-22 44 49.5",6.38,"K0III",203639
105665,"21 24 09.60","-20 51 05.6",5.38,"K0III",203638
105668,"21 24 11.44","-12 52 41.3",5.48,"F0V",203705
105678,"21 24 16.73","-69 44 01.9",6.28,"C5II",203133
105683,"21 24 20.74","-24 25 20.8",6.73,"F2V",203652
105685,"21 24 20.80","-46 36 52.8",6.3,"A5m...",203548
105688,"21 24 22.66","+30 56 11.8",6.73,"A2",203924
105689,"21 24 23.11","+24 31 42.3",6.35,"K0III",203886
105695,"21 24 24.52","+10 10 27.1",6.33,"F5III",203842
105696,"21 24 24.80","-41 00 24.1",5.76,"A0III",203585
105703,"21 24 33.97","+26 10 28.4",5.67,"A8III",203925
105712,"21 24 40.42","-68 13 41.7",6.98,"G5V",203244
105727,"21 24 49.40","+80 31 29.5",5.97,"G6III:",205072
105729,"21 24 51.68","-03 23 53.6",6.38,"F0III",203843
105733,"21 24 55.45","+49 19 23.4",6.57,"B9sp...",204131
105738,"21 24 59.75","+27 25 04.8",6.99,"B8",204007
105761,"21 25 13.02","-09 44 53.3",5.71,"F0IV",203875
105764,"21 25 15.75","-34 51 23.6",6.92,"F7V",203754
105767,"21 25 16.96","-03 33 23.7",5.48,"K4III",203926
105768,"21 25 18.01","-71 47 56.7",6.09,"K2III",203212
105769,"21 25 19.39","+46 42 51.2",5.59,"F0V",204153
105779,"21 25 23.46","-45 09 42.7",6.83,"A0III",203725
105782,"21 25 24.90","-14 16 38.4",6.85,"A0V",203893
105810,"21 25 46.39","+15 37 04.0",6.8,"K2",204070
105811,"21 25 47.02","+36 40 02.7",5.93,"B0Ib",204172
105815,"21 25 48.54","-23 49 19.4",6.51,"K0IIICN...",203913
105819,"21 25 51.55","+00 32 03.5",6.45,"A1IV",204041
105833,"21 26 07.42","+18 03 54.4",6.83,"A0",204133
105841,"21 26 15.44","-54 39 38.0",6.1,"F1III",203760
105854,"21 26 22.75","-37 49 45.9",5.64,"K2III",203949
105856,"21 26 25.07","-12 05 42.0",6.7,"K0III",204073
105858,"21 26 26.49","-65 22 05.3",4.21,"F6V",203608
105860,"21 26 26.61","+19 22 32.2",6.08,"A8m",204188
105864,"21 26 27.99","+01 06 13.5",6.12,"F5V",204121
105881,"21 26 40.03","-22 24 41.0",3.77,"G4Ibp...",204075
105891,"21 26 44.95","+52 53 54.7",6.01,"B6V",204428
105898,"21 26 51.57","+48 50 06.4",5.29,"A6pe...",204411
105902,"21 26 54.71","+10 40 04.3",6.97,"F2",204234
105913,"21 27 01.66","-42 32 52.7",5.5,"Am",204018
105918,"21 27 06.66","+16 07 27.8",6.72,"F8V",204277
105928,"21 27 14.83","-21 11 46.1",5.78,"K3III",204139
105933,"21 27 16.96","+05 23 30.0",6.78,"F0",204265
105942,"21 27 21.36","+37 07 00.5",5.3,"B3V",204403
105949,"21 27 25.30","+59 45 00.4",6.11,"M3II-III...",204599
105966,"21 27 40.03","+27 36 30.8",5.39,"A1V",204414
105972,"21 27 46.16","+66 48 32.9",5.42,"B7V",204770
105986,"21 27 54.32","+46 33 41.5",6.86,"B3III",204536
105998,"21 28 04.98","+62 05 47.4",6.7,"K0III",204721
106003,"21 28 08.16","+32 13 30.5",5.75,"F0V",204485
106004,"21 28 10.50","-52 18 08.6",6.79,"K0III",204110
106007,"21 28 13.94","-11 34 05.4",6.61,"F7V",204363
106015,"21 28 21.65","-02 53 07.1",6.88,"K0",204404
106021,"21 28 24.83","+08 11 44.6",6.39,"M1",204445
106032,"21 28 39.58","+70 33 38.5",3.23,"B2IIIv SB",205021
106036,"21 28 42.26","+25 55 17.0",6.56,"K2III",204540
106039,"21 28 43.32","-21 48 25.8",4.5,"K0III",204381
106044,"21 28 44.79","-69 30 19.0",5.47,"M5III",203881
106049,"21 28 48.52","+49 47 42.4",6.79,"A3",204699
106052,"21 28 52.72","+55 25 07.2",6.14,"B8III",204754
106053,"21 28 52.79","+11 05 05.2",6.65,"F4II",204509
106062,"21 28 59.76","+22 10 45.9",5.84,"M4III",204585
106064,"21 28 59.92","+17 54 21.3",6.42,"K5",204560
106065,"21 29 00.08","-53 42 21.1",6.39,"K2IIICN...",204228
106067,"21 29 03.73","-31 14 18.7",6.52,"A1V",204394
106071,"21 29 06.34","+44 55 23.1",6.94,"B8Ib",204710
106081,"21 29 15.41","+28 35 00.0",6.75,"K2III",204642
106085,"21 29 20.54","+67 03 03.6",6.91,"A2",205022
106093,"21 29 26.91","+46 32 25.2",5.22,"K0III",204771
106103,"21 29 34.49","+06 34 53.0",6.41,"K0",204603
106108,"21 29 36.72","+46 25 35.2",6.72,"A3",204812
106115,"21 29 40.15","-14 01 36.4",6.86,"K4III",204548
106128,"21 29 51.43","-43 30 26.3",6.96,"K0/K1III",204437
106140,"21 29 56.88","+23 38 19.8",4.52,"M1III",204724
106143,"21 29 59.55","-19 08 51.8",6.57,"F3V",204577
106145,"21 30 00.89","+45 29 39.1",6.95,"B5",204860
106171,"21 30 20.31","+52 57 28.6",6.02,"A3V",204965
106184,"21 30 25.83","+44 52 29.9",6.77,"A5",204918
106199,"21 30 40.37","-14 17 28.1",6.63,"K2/K3III",204692
106215,"21 30 48.55","+31 57 27.9",6.96,"A5",204890
106226,"21 30 59.13","+70 49 23.6",6.97,"A2Vn",205372
106227,"21 30 59.29","+60 27 34.0",5.53,"B1II",205139
106230,"21 31 01.20","+59 25 05.0",6.86,"K0",205113
106243,"21 31 09.62","+12 08 15.0",6.1,"B9.5V",204862
106256,"21 31 18.16","+52 11 43.5",6.69,"K0",205084
106259,"21 31 21.83","-83 02 01.3",6.95,"A2V",203153
106267,"21 31 27.46","+52 37 11.5",6.17,"G2Ib+...",205114
106278,"21 31 33.52","-05 34 16.2",2.9,"G0Ib",204867
106293,"21 31 42.39","+48 35 04.8",6.84,"A0III:",205116
106306,"21 31 50.15","+23 50 42.6",6.43,"G8Ib",205011
106320,"21 32 02.86","-84 48 36.0",6.42,"K3III",202418
106327,"21 32 05.86","-41 10 45.6",5.29,"K0III",204783
106340,"21 32 14.58","-33 56 40.6",5.97,"A2V",204854
106346,"21 32 17.08","+48 26 37.9",6.58,"B9IV",205210
106351,"21 32 22.09","-12 16 02.2",6.73,"K5III",204971
106355,"21 32 27.00","+23 23 40.5",6.69,"B9sp...",205087
106363,"21 32 33.22","-24 35 25.6",6.43,"A7V",204943
106373,"21 32 39.96","+42 17 44.4",6.92,"K0",205212
106393,"21 32 56.58","+49 58 39.4",5.77,"A0V",205314
106409,"21 33 10.12","+48 18 12.4",6.83,"A1III",205331
106419,"21 33 17.62","-52 44 15.9",6.43,"K4III",204873
106420,"21 33 17.89","+45 51 14.5",6.27,"K1Ibvar",205349
106424,"21 33 21.07","-80 02 21.5",6.47,"A0V",203955
106429,"21 33 23.53","-44 50 55.3",5.57,"K0III",204960
106474,"21 33 54.47","-82 40 59.1",6.35,"B3IV",203532
106481,"21 33 58.87","+45 35 31.4",3.98,"G8III",205435
106483,"21 34 01.37","-46 36 38.2",6.91,"K1III",205048
106488,"21 34 07.61","-04 22 05.4",6.69,"A2",205244
106495,"21 34 15.09","-03 24 37.9",6.85,"K0",205260
106500,"21 34 17.18","-42 55 28.8",6.32,"K1IIICN...",205096
106515,"21 34 25.84","+66 43 35.5",6.95,"K1III",205741
106518,"21 34 27.46","+51 41 54.5",6.17,"B9III",205551
106527,"21 34 33.97","+22 45 16.7",6.45,"F7V",205420
106541,"21 34 40.01","-36 38 49.1",6.88,"K2II/III",205186
106544,"21 34 42.76","+01 49 45.1",6.41,"M3",205358
106550,"21 34 45.89","+18 19 44.0",6.47,"K2",205422
106551,"21 34 46.48","+38 32 01.8",4.87,"K1III",205512
106554,"21 34 46.99","+19 56 11.1",6.89,"K0",205436
106559,"21 34 51.07","-20 05 03.8",5.7,"F5V",205289
106564,"21 34 52.99","-29 41 45.9",6.42,"B8IIIw",205265
106566,"21 34 53.27","-51 49 37.3",6.72,"G6III/IV",205123
106568,"21 34 54.98","-20 15 09.2",6.74,"F7V",205306
106578,"21 35 08.64","+43 42 11.8",6.81,"B8",205601
106586,"21 35 13.67","-34 19 46.0",6.86,"F5V",205294
106590,"21 35 15.91","-23 27 15.4",6.39,"K1III",205342
106592,"21 35 17.63","-03 58 59.9",5.79,"G9III:",205423
106595,"21 35 19.02","+28 11 51.7",6.25,"F0IV",205539
106604,"21 35 25.91","+68 13 09.3",6.47,"Ap Si",205938
106605,"21 35 27.03","+24 27 07.9",6.22,"A4V",205541
106642,"21 36 02.44","+45 22 28.5",5.96,"M4IIIe-M6e",205730
106643,"21 36 05.09","+15 04 56.0",6.5,"G8II",205603
106654,"21 36 10.90","-26 10 17.2",5.73,"A7/A8IV",205471
106661,"21 36 14.02","+30 03 19.0",6.36,"G8III-IV",205688
106686,"21 36 32.60","-05 03 09.0",6.93,"K0",205605
106703,"21 36 48.75","-33 02 52.4",6.1,"A5V",205529
106711,"21 36 56.98","+40 24 48.6",5.04,"A5V",205835
106715,"21 36 58.54","-18 44 37.2",6.9,"K3III",205624
106723,"21 37 04.82","-19 27 57.6",4.51,"B3V:p",205637
106752,"21 37 27.88","+44 41 47.8",6.19,"A7III",205939
106755,"21 37 29.12","+04 40 56.8",6.54,"A5",205782
106758,"21 37 33.77","-00 23 25.8",6.22,"A2V",205765
106771,"21 37 38.81","+54 02 31.9",6.16,"K1III",206040
106783,"21 37 43.61","+06 37 06.2",6.19,"A2V",205811
106786,"21 37 45.04","-07 51 14.9",4.68,"A7V",205767
106787,"21 37 45.37","+19 19 06.9",5.46,"F1IV",205852
106790,"21 37 48.66","+39 19 01.8",6.76,"B9",205952
106801,"21 37 55.23","+62 04 55.0",4.76,"B2Ib",206165
106818,"21 38 02.80","-64 49 26.9",6.22,"A0/A1IV",205417
106834,"21 38 16.97","-69 37 48.4",6.78,"B8V",205348
106856,"21 38 31.87","+05 46 18.0",5.66,"A9IV-Vn",205924
106870,"21 38 41.24","-04 09 01.2",6.73,"M...",205925
106872,"21 38 45.16","+25 29 55.7",6.18,"G9III",206027
106881,"21 38 56.15","-79 26 33.1",6.17,"F4IV",204904
106886,"21 38 57.62","+57 29 20.6",5.74,"O6 (f)",206267
106897,"21 39 01.11","+20 15 55.6",5.77,"F2V",206043
106907,"21 39 06.07","-33 40 43.5",6.28,"G8IV",205872
106913,"21 39 09.90","-27 18 22.9",6.75,"G2V",205905
106938,"21 39 28.09","-10 34 36.4",6.07,"K0",206005
106942,"21 39 31.39","-00 03 04.1",6.66,"F7III",206058
106944,"21 39 33.28","+02 14 37.5",5.1,"K0III",206067
106955,"21 39 42.47","-42 26 44.1",6.64,"A9IV/V",205913
106968,"21 39 52.08","-43 07 55.2",6.73,"K1III",205933
106969,"21 39 53.72","+39 30 53.8",6.98,"A2",206261
106970,"21 39 53.96","+44 25 55.7",6.77,"B9",206280
106973,"21 39 55.11","+51 28 36.8",6.74,"K1II-III",206349
106978,"21 39 59.74","-52 21 32.5",6.2,"F7III",205877
106981,"21 40 01.86","+09 11 05.0",6.96,"A7Vvar",206155
106985,"21 40 05.34","-16 39 44.1",3.69,"A7III:mp...",206088
106999,"21 40 11.06","+43 16 25.7",5.09,"M1IIIvar",206330
107019,"21 40 27.34","-34 32 04.5",6.71,"K0/K1III",206063
107026,"21 40 32.38","+59 45 09.7",6.9,"G8III-IV",206536
107028,"21 40 33.47","+10 36 44.1",6.9,"K0",206228
107030,"21 40 33.69","-55 44 16.8",6.33,"K0III-IV",205935
107041,"21 40 43.30","+54 52 19.7",6.16,"K0III",206509
107046,"21 40 48.23","+03 53 48.8",6.83,"K5",206262
107066,"21 41 03.78","+34 40 30.5",6.93,"K2",206401
107079,"21 41 18.66","-35 35 06.2",6.92,"K2/K3III",206181
107084,"21 41 22.86","+21 56 38.5",6.99,"A0",206403
107089,"21 41 28.47","-77 23 22.1",3.73,"K0III",205478
107095,"21 41 32.93","-14 02 48.7",5.16,"G2V",206301
107097,"21 41 34.27","+40 48 19.2",6.07,"A2V",206538
107103,"21 41 39.36","-32 31 51.1",6.87,"G8III/IV",206252
107112,"21 41 46.22","-25 06 05.5",6.51,"K1III",206291
107119,"21 41 55.08","+71 18 40.3",4.55,"K0III",206952
107128,"21 42 00.64","-23 15 45.5",5.24,"K0III",206356
107129,"21 42 01.08","+35 30 36.7",5.98,"C6.3",206570
107136,"21 42 05.66","+51 11 22.7",4.69,"B3IV",206672
107140,"21 42 08.35","+45 45 56.7",6.11,"M4.5",206632
107144,"21 42 10.12","+01 17 07.0",5.66,"K2III",206445
107151,"21 42 15.44","+05 40 48.5",5.3,"M2III",206487
107162,"21 42 22.94","+41 04 37.3",5.73,"A0V",206644
107164,"21 42 24.19","+57 44 09.8",6.9,"B0V:pe",206773
107173,"21 42 32.95","+10 49 27.6",6.06,"B5IV",206540
107186,"21 42 38.81","+49 36 01.0",6.1,"G8II",206731
107188,"21 42 39.42","-18 51 58.7",4.72,"G8III",206453
107191,"21 42 40.56","+63 43 17.6",6.88,"F5",206913
107197,"21 42 45.37","+59 16 15.0",6.1,"K1III",206842
107214,"21 42 54.65","+23 19 18.4",6.98,"K1III",206646
107215,"21 42 56.02","+54 33 42.9",6.96,"K2",206823
107225,"21 43 02.01","-43 29 45.4",6.67,"G0IV",206395
107230,"21 43 04.13","+72 19 12.7",5.18,"K0III",207130
107232,"21 43 04.40","-14 23 59.1",5.88,"A9/F0V",206561
107235,"21 43 06.48","+41 09 18.0",5.51,"M2III",206749
107238,"21 43 13.48","-19 37 15.4",6.23,"A0m...",206546
107253,"21 43 25.63","+38 17 01.0",5.69,"A0V",206774
107259,"21 43 30.45","+58 46 48.2",4.23,"M2Ia",206936
107268,"21 43 36.63","+38 18 16.7",6.99,"A0",206807
107271,"21 43 39.79","+07 31 43.7",6.47,"K0",206689
107297,"21 43 58.12","+22 48 55.4",6.43,"K2",206793
107299,"21 43 59.16","-57 19 30.4",6.49,"F7IV/V",206429
107300,"21 44 00.50","-57 16 58.5",6.86,"F6IV/V",206428
107302,"21 44 00.98","-14 44 57.8",5.96,"A7IV/V",206677
107310,"21 44 08.40","+28 44 35.6",4.49,"F6V",206826
107315,"21 44 11.14","+09 52 30.0",2.38,"K2Ibvar",206778
107323,"21 44 18.01","-55 28 22.9",6.88,"M2IIIp",206502
107326,"21 44 19.18","+28 46 54.2",6.89,"A5",206874
107336,"21 44 23.88","-04 43 51.2",6.66,"A2",206766
107339,"21 44 25.43","+46 51 46.0",6.61,"F5",206963
107344,"21 44 29.41","-38 33 07.7",6.28,"K1IIICN...",206642
107348,"21 44 30.69","+17 21 00.2",4.34,"G5Ib",206859
107350,"21 44 31.19","+14 46 20.0",5.96,"G0V",206860
107354,"21 44 38.70","+25 38 42.0",4.14,"F5IV",206901
107355,"21 44 38.89","+58 13 32.3",6.8,"G9III",207086
107367,"21 44 48.20","+02 59 31.7",6.98,"K2",206863
107374,"21 44 53.28","+62 27 38.1",5.94,"O9II",207198
107380,"21 44 56.79","-33 01 32.0",4.35,"B9.5V",206742
107382,"21 45 00.25","-09 04 56.7",5.1,"G8II-III",206834
107398,"21 45 12.40","+52 16 03.3",6.4,"K5Ib",207119
107409,"21 45 18.67","-49 29 56.0",6.46,"K1III",206690
107412,"21 45 21.85","-12 47 00.1",6.69,"F5V",206893
107418,"21 45 26.93","+61 07 14.9",4.25,"A2Iavar",207260
107423,"21 45 28.81","-71 00 31.8",6.02,"B8IV",206399
107445,"21 45 44.45","+35 51 26.2",6.44,"G8III",207088
107462,"21 45 56.45","+25 35 00.4",6.57,"B8",207071
107472,"21 46 04.36","+22 56 56.0",5.29,"K0Ib",207089
107487,"21 46 16.26","-09 16 33.4",6.0,"M3III",207005
107488,"21 46 16.59","+43 03 38.7",6.52,"A4V+...",207218
107496,"21 46 19.73","-62 32 58.9",6.91,"K1III",206691
107502,"21 46 23.84","+25 33 48.1",6.28,"K3III:",207134
107504,"21 46 24.12","-32 42 52.7",6.76,"K3III",206958
107516,"21 46 31.83","-02 12 46.1",6.52,"M8IIIvar",207076
107517,"21 46 32.08","-11 21 57.4",5.57,"A1V",207052
107527,"21 46 42.07","-11 41 51.1",6.99,"F6V",207061
107531,"21 46 46.23","+13 43 10.6",6.67,"A3",207165
107533,"21 46 47.61","+49 18 34.5",4.23,"B3III",207330
107555,"21 47 00.87","+70 09 03.4",6.45,"A0V",207636
107556,"21 47 02.29","-16 07 35.6",2.85,"A5mF2 (IV)",207098
107558,"21 47 04.70","+17 11 38.7",6.18,"F3V",207223
107575,"21 47 13.96","+02 41 10.1",5.63,"A1V",207203
107585,"21 47 24.79","-04 36 31.0",6.85,"A2",207204
107586,"21 47 25.31","+60 41 33.7",5.53,"M1III",207528
107593,"21 47 34.61","-37 57 07.1",6.78,"K0III",207104
107596,"21 47 38.20","-05 55 00.6",6.17,"A7V",207235
107608,"21 47 44.17","-30 53 53.9",5.02,"A1V",207155
107637,"21 48 08.41","+36 34 49.5",6.25,"K5",207446
107648,"21 48 14.98","+65 10 14.4",6.74,"K0",207684
107649,"21 48 15.61","-47 18 10.4",5.57,"G2V",207129
107657,"21 48 23.51","+32 47 46.2",6.82,"A0",207469
107664,"21 48 29.34","+38 38 54.9",6.1,"B8V",207516
107669,"21 48 34.74","-47 46 32.3",6.79,"F0V",207193
107690,"21 48 54.41","-56 16 26.4",6.55,"B9V",207158
107702,"21 49 01.93","-05 24 13.1",6.66,"K0",207435
107710,"21 49 08.12","+66 47 31.9",6.49,"F3IV",207826
107723,"21 49 19.01","+61 16 22.1",6.18,"M1II-III",207780
107726,"21 49 21.58","+15 45 40.2",6.84,"K0",207545
107734,"21 49 26.87","+20 27 44.8",6.27,"B2V",207563
107749,"21 49 40.10","+41 08 55.7",6.48,"A2Ib",207673
107750,"21 49 41.02","-12 43 22.5",6.31,"A1/A2III",207503
107757,"21 49 45.43","-46 36 39.2",6.98,"K2III",207376
107763,"21 49 50.68","+30 10 27.4",5.07,"A1Vs",207650
107773,"21 50 00.13","-64 42 44.8",5.62,"K1III",207229
107775,"21 50 01.93","-47 43 30.4",6.54,"K0III",207400
107777,"21 50 02.48","+52 41 50.3",6.58,"B0.5III",207793
107788,"21 50 08.64","+17 17 09.4",5.34,"F2III-IV",207652
107797,"21 50 12.97","-16 50 41.6",6.38,"K3III",207552
107813,"21 50 30.82","+32 39 27.8",6.79,"K0",207756
107820,"21 50 35.42","-08 58 56.8",6.54,"K0",207627
107835,"21 50 47.23","-69 37 45.9",5.52,"M0III",207241
107843,"21 50 54.25","-82 43 07.8",5.27,"G8/K0III+..",206240
107856,"21 51 04.97","+39 32 11.9",6.2,"B9p HgMn",207857
107877,"21 51 24.39","-23 16 13.5",6.85,"F6V",207692
107886,"21 51 33.73","+00 46 14.1",6.6,"K0",207796
107887,"21 51 34.24","+19 49 35.9",5.78,"B8III",207840
107893,"21 51 37.25","+65 45 09.9",6.37,"Am+...",208132
107896,"21 51 40.18","+19 18 25.0",6.82,"F6V",207859
107901,"21 51 41.66","-18 37 21.9",6.19,"F0V",207760
107914,"21 51 48.27","+64 53 59.8",6.84,"K0",208141
107919,"21 51 51.86","+11 05 28.3",6.66,"A5",207861
107923,"21 51 55.39","+48 26 13.5",6.88,"K5Ib",207991
107928,"21 51 58.64","-55 46 44.7",6.98,"K0III",207618
107929,"21 52 00.45","+55 47 31.0",6.56,"A1p",208063
107930,"21 52 01.02","+55 47 48.3",5.7,"B6IV-V",208095
107952,"21 52 12.97","+79 33 06.3",6.51,"K5",208742
107956,"21 52 18.17","+21 16 23.2",6.27,"M8III",207932
107962,"21 52 21.24","-03 10 28.7",6.62,"A0",207888
107963,"21 52 21.47","-41 24 45.4",6.84,"K2III",207765
107971,"21 52 27.07","+54 40 58.7",6.83,"K1III-IV",208107
107975,"21 52 29.96","+28 47 37.3",5.52,"F6IVwvar",207978
107984,"21 52 35.15","+62 42 43.8",6.7,"B1III",208218
107993,"21 52 44.94","-03 59 31.4",6.66,"G5",207920
107995,"21 52 46.86","+73 42 08.0",6.64,"A2V",208509
108012,"21 52 58.35","+15 55 55.6",6.89,"K2",208007
108018,"21 53 00.95","-10 33 45.0",6.89,"K0",207936
108022,"21 53 03.76","+25 55 30.5",5.09,"B3V",208057
108029,"21 53 07.14","+56 12 45.2",6.86,"K0",208219
108034,"21 53 11.93","+71 59 23.0",6.99,"B9",208510
108035,"21 53 14.71","-36 53 47.4",6.96,"K0III",207895
108036,"21 53 17.58","-13 33 06.5",5.08,"F3IV",207958
108039,"21 53 19.82","+53 59 50.0",6.61,"A2",208253
108058,"21 53 36.03","-10 18 41.8",6.57,"B9V",208008
108060,"21 53 37.37","+19 40 06.2",5.69,"A0Vs",208108
108084,"21 53 54.79","+28 20 32.0",6.78,"A2",208174
108085,"21 53 55.65","-37 21 53.4",3.0,"B8III",207971
108090,"21 53 57.72","+06 51 53.2",6.14,"G0IIIs",208110
108102,"21 54 10.34","-04 16 33.4",5.71,"K2III",208111
108119,"21 54 17.44","+19 43 05.3",6.36,"K0III+...",208202
108123,"21 54 19.06","-36 03 41.5",6.74,"K3III",208033
108127,"21 54 22.03","+12 45 03.9",6.61,"B9",208189
108129,"21 54 22.48","-85 02 00.9",6.59,"K0/K1III",206053
108133,"21 54 26.54","+80 18 30.9",6.43,"M3",209111
108144,"21 54 35.90","-03 18 04.3",6.24,"F5IV",208177
108151,"21 54 42.92","+67 45 13.5",6.96,"F0",208629
108165,"21 54 53.16","+56 36 40.4",5.74,"B8Ibvar",208501
108174,"21 54 59.59","+53 56 07.4",6.92,"F5",208502
108195,"21 55 11.34","-61 53 11.0",5.92,"F1III",207964
108209,"21 55 20.60","+61 32 30.5",6.17,"G8Ib...",208606
108212,"21 55 20.98","+20 50 56.6",6.68,"K1III",208363
108213,"21 55 21.26","+36 08 46.6",6.72,"K0",208442
108220,"21 55 27.44","-70 06 55.0",6.65,"A1/A2V",207870
108226,"21 55 30.99","+65 19 14.9",5.84,"B2.5Ve",208682
108232,"21 55 34.15","-70 04 05.6",6.63,"A8/A9V",207896
108233,"21 55 35.10","+53 14 35.6",6.68,"K2II-III",208563
108258,"21 55 55.45","-46 55 40.1",6.55,"F5V",208215
108259,"21 55 55.60","-30 36 21.1",6.41,"G8III",208285
108268,"21 56 03.42","-52 27 49.2",6.5,"G6III",208184
108278,"21 56 12.02","+33 21 57.0",6.99,"K2",208548
108281,"21 56 14.04","-57 53 58.6",6.17,"A3m...",208149
108294,"21 56 22.79","-37 15 13.1",5.45,"A3V",208321
108296,"21 56 23.98","+21 14 23.4",6.39,"K5V",208527
108301,"21 56 27.30","+59 47 42.4",6.89,"A0",208744
108316,"21 56 35.95","+21 09 40.1",6.87,"K0",208551
108317,"21 56 39.14","+63 37 32.0",5.11,"M2 comp",208816
108327,"21 56 46.00","-17 53 49.4",6.76,"A0/A1V",208482
108339,"21 56 56.39","+12 04 35.5",5.54,"A2Vnn",208565
108347,"21 57 02.14","-37 44 48.7",6.18,"F2/F3V",208435
108348,"21 57 02.22","+48 40 06.8",6.51,"B8V",208727
108353,"21 57 04.90","+46 35 32.8",6.78,"K0",208728
108354,"21 57 05.08","-76 12 40.9",6.68,"G8III",207883
108364,"21 57 11.09","+66 09 22.2",6.41,"B2V",208947
108378,"21 57 24.19","+66 08 20.7",6.55,"K5",208971
108402,"21 57 39.35","-08 33 51.6",6.8,"B9",208612
108420,"21 57 51.07","+74 59 48.3",6.32,"K5",209258
108431,"21 57 55.03","-54 59 33.2",4.4,"F0IV",208450
108453,"21 58 13.28","-05 25 28.8",6.33,"F5IV",208703
108456,"21 58 13.53","+82 52 10.8",6.92,"F6IV-V",209942
108471,"21 58 27.31","+14 01 20.4",6.53,"K2",208789
108473,"21 58 28.56","+03 46 38.1",6.95,"G0V",208776
108478,"21 58 30.07","-59 00 44.0",6.13,"F3V",208496
108479,"21 58 30.13","-41 43 15.5",6.77,"K5III",208625
108484,"21 58 34.95","-44 03 45.0",6.54,"G8IV",208627
108490,"21 58 41.08","+29 48 48.8",6.95,"F8V-VI",208906
108494,"21 58 43.78","-21 10 58.5",6.06,"M2III",208735
108505,"21 58 53.51","+62 41 52.6",5.96,"M3III",209112
108506,"21 58 54.99","-04 22 21.0",6.24,"K2V",208801
108513,"21 58 59.64","+19 01 13.4",6.5,"K0",208897
108535,"21 59 15.10","+73 10 49.0",5.04,"F5V",209369
108543,"21 59 17.88","-38 23 42.3",5.5,"K1II/III",208737
108553,"21 59 22.86","+57 39 30.8",6.58,"A0III-IV",209124
108566,"21 59 31.73","+10 34 35.3",6.99,"K5",208942
108603,"22 00 03.38","+65 25 58.0",6.93,"K5",209317
108612,"22 00 07.92","+06 43 02.8",6.0,"B3III",209008
108621,"22 00 17.09","+34 37 46.6",6.87,"K5",209126
108626,"22 00 24.22","-55 53 00.4",6.02,"B9IV/V",208796
108632,"22 00 26.71","+33 00 20.8",6.46,"F5III",209149
108650,"22 00 39.27","+62 29 16.1",6.67,"B0IV",209339
108661,"22 00 50.22","-28 27 13.5",5.43,"B8/B9V+...",209014
108681,"22 00 59.08","-36 33 22.4",6.71,"K2III",208992
108691,"22 01 05.01","+00 36 17.1",5.6,"K4III:",209128
108693,"22 01 05.32","+13 07 11.9",5.61,"F4III",209166
108699,"22 01 09.24","+08 15 25.8",5.65,"K5III",209167
108745,"22 01 43.00","+41 32 21.0",6.99,"K2",209342
108758,"22 01 50.58","+52 52 56.1",5.79,"B5III",209419
108759,"22 01 52.65","-77 39 45.1",6.39,"A5IV/V",208500
108766,"22 02 01.37","+10 58 25.7",6.36,"B5IIIn",209288
108772,"22 02 04.58","+58 00 01.3",5.55,"O9V",209481
108779,"22 02 07.33","-75 40 44.4",6.67,"K3III",208638
108784,"22 02 11.78","-17 54 12.0",6.28,"K0III",209240
108789,"22 02 16.00","+36 58 58.2",6.95,"M2III",209394
108797,"22 02 26.25","-16 57 53.4",6.39,"A0/1V + K1/2",209278
108809,"22 02 32.98","-32 08 01.7",6.63,"F6/F7V",209253
108812,"22 02 37.25","+33 22 45.8",6.99,"A3",209439
108814,"22 02 38.49","+15 59 11.5",6.71,"A0",209380
108817,"22 02 41.33","-27 22 02.3",6.91,"K3III",209280
108829,"22 02 49.53","+66 03 51.3",6.76,"B8",209691
108845,"22 02 56.68","+44 38 59.8",5.57,"A0IV",209515
108849,"22 03 03.74","-76 07 05.8",5.94,"F3III",208741
108868,"22 03 16.43","-06 31 20.7",5.55,"K0III",209396
108870,"22 03 17.44","-56 46 47.3",4.69,"K5V",209100
108874,"22 03 18.83","-02 09 19.2",4.74,"B7IVe",209409
108875,"22 03 19.02","+11 23 11.6",5.83,"B9.5V",209459
108903,"22 03 35.50","-55 58 36.2",6.88,"F7V",209268
108917,"22 03 47.16","+64 37 39.9",4.26,"Am",209790
108924,"22 03 52.93","+63 07 11.2",5.26,"M5III",209772
108925,"22 03 53.86","+59 48 52.5",6.69,"B1V",209744
108933,"22 04 06.72","+44 20 42.4",6.56,"A2",209679
108938,"22 04 12.85","+59 52 01.8",6.96,"B8III",209809
108952,"22 04 23.83","-29 54 59.5",6.45,"K5III",209476
108960,"22 04 29.92","-25 52 59.9",6.73,"G8III",209506
108963,"22 04 31.11","+10 14 25.2",6.93,"K0",209615
108969,"22 04 34.51","+32 56 30.3",6.36,"G5Ia",209693
108975,"22 04 36.76","-26 49 20.4",5.97,"B3V (+B)",209522
108978,"22 04 39.16","-28 26 06.2",6.99,"K0III",209523
108991,"22 04 47.43","-00 54 22.5",5.29,"A5m",209625
109002,"22 04 56.56","+47 14 04.2",6.92,"K0III SB",209813
109005,"22 05 00.48","+62 47 07.9",5.27,"K4III",209960
109009,"22 05 03.47","+14 48 57.4",6.38,"M2.5III:",209709
109017,"22 05 08.79","+62 16 47.4",5.07,"O9.5Ib",209975
109023,"22 05 11.32","+26 40 25.0",5.75,"K2III",209761
109029,"22 05 13.86","+63 34 42.3",6.93,"G5",210011
109033,"22 05 16.52","+46 44 41.6",6.16,"M4III",209857
109052,"22 05 32.15","+00 37 39.4",6.99,"K0",209726
109056,"22 05 34.65","+28 57 50.4",5.69,"B9Vn",209833
109068,"22 05 40.69","+05 03 29.8",4.86,"K4III",209747
109074,"22 05 47.03","-00 19 11.4",2.95,"G2Ib",209750
109079,"22 05 50.44","+45 06 45.0",6.5,"A0V",209932
109081,"22 05 50.95","-59 38 09.4",5.62,"K4III",209529
109082,"22 05 51.22","+48 13 53.4",6.26,"B2V SB",209961
109096,"22 05 58.55","+53 37 24.1",6.98,"K0Ib",209992
109102,"22 06 01.96","+45 00 51.8",5.09,"K5III",209945
109108,"22 06 04.14","-43 57 58.1",6.94,"K0III",209661
109111,"22 06 06.90","-39 32 35.0",4.47,"M0III",209688
109121,"22 06 12.25","+45 14 55.3",6.19,"A3V",209993
109124,"22 06 13.55","+56 20 36.2",6.38,"A0III",210071
109139,"22 06 26.21","-13 52 10.3",4.29,"B8V",209819
109155,"22 06 38.87","+02 26 22.2",6.51,"B9",209905
109176,"22 07 00.47","+25 20 42.2",3.77,"F5V",210027
109181,"22 07 02.57","+11 46 03.9",6.83,"M1III",209977
109190,"22 07 09.65","+58 50 26.8",6.34,"G6III",210220
109191,"22 07 10.73","+72 22 21.9",6.84,"A0",210431
109199,"22 07 15.10","-22 14 26.6",6.83,"G8III/IV",209925
109201,"22 07 18.10","-10 26 48.7",6.87,"M3",209950
109205,"22 07 25.59","+53 18 26.8",6.17,"A3Ib",210221
109209,"22 07 28.52","+19 28 31.6",5.74,"F2V:",210074
109212,"22 07 29.95","+18 00 02.8",6.31,"M1",210090
109214,"22 07 30.33","-68 01 24.1",6.99,"G0V",209653
109220,"22 07 35.26","-14 29 26.5",6.7,"A2/A3III",210000
109240,"22 07 50.33","+21 42 11.1",5.79,"B7Vn",210129
109245,"22 07 53.19","-70 17 08.6",6.67,"F7/F8V",209635
109268,"22 08 13.88","-46 57 38.2",1.73,"B7IV",209952
109272,"22 08 16.28","+49 47 49.2",6.41,"K5III",210289
109276,"22 08 17.26","+25 32 37.0",6.08,"F1IV",210210
109281,"22 08 18.81","+24 09 25.1",6.57,"G2V",210211
109282,"22 08 19.36","-34 33 21.1",6.98,"M3III",210050
109285,"22 08 22.95","-32 59 18.2",4.5,"A2V",210049
109289,"22 08 25.93","-34 02 37.4",4.99,"K4III",210066
109303,"22 08 40.86","+45 44 31.7",6.11,"K2III comp",210334
109304,"22 08 41.81","+47 56 00.9",6.86,"A0",210353
109306,"22 08 42.63","-33 07 32.7",6.37,"A2III/IV",210111
109316,"22 08 47.37","-13 18 01.6",6.91,"F5V",210172
109332,"22 08 58.99","-18 31 10.5",5.8,"B2III",210191
109342,"22 09 05.23","+44 51 17.1",6.74,"A0",210387
109349,"22 09 09.20","+02 44 02.6",6.64,"A0",210267
109352,"22 09 13.68","+33 10 21.0",5.58,"G6III:",210354
109354,"22 09 15.19","+44 50 47.3",6.73,"B9",210405
109365,"22 09 24.58","-70 54 14.6",6.83,"K0III",209840
109369,"22 09 26.84","-08 11 09.1",6.99,"G5",210269
109375,"22 09 28.94","-23 39 32.8",6.36,"G8III",210244
109378,"22 09 29.82","-07 32 51.2",6.54,"G0",210277
109393,"22 09 44.49","+64 07 20.6",6.93,"A2",210641
109400,"22 09 48.37","+72 20 28.3",4.79,"G8III",210807
109404,"22 09 55.71","-34 00 54.1",5.37,"A5IV",210271
109408,"22 09 57.82","-48 06 27.0",6.43,"K3III",210204
109410,"22 09 59.25","+33 10 41.8",4.28,"F5III",210459
109412,"22 10 00.13","-28 17 33.0",6.44,"A5V",210300
109418,"22 10 06.56","+35 12 50.2",6.98,"A2",210513
109422,"22 10 08.48","-32 32 54.4",4.94,"F6V",210302
109424,"22 10 10.27","+56 05 02.0",6.94,"B6:V:",210628
109427,"22 10 11.82","+06 11 52.0",3.52,"A2V",210418
109434,"22 10 15.32","+72 06 40.7",6.36,"B9MNp...",210873
109439,"22 10 18.96","+19 36 59.6",6.18,"G0V",210460
109442,"22 10 21.10","-03 53 38.3",6.28,"A1Vnn",210419
109445,"22 10 22.02","+14 37 47.7",6.36,"K0III",210461
109458,"22 10 30.18","+20 58 40.8",6.45,"A3III",210516
109460,"22 10 31.74","-10 49 13.7",6.64,"K0",210422
109466,"22 10 33.70","-04 16 00.7",5.98,"K0III-IV",210434
109471,"22 10 37.46","+11 37 28.8",5.78,"M1III",210502
109472,"22 10 37.46","-11 33 53.9",5.43,"B5III",210424
109474,"22 10 38.90","+70 07 57.1",5.52,"F2V",210884
109477,"22 10 42.33","-75 52 52.9",6.54,"K2IIICN...",209855
109492,"22 10 51.26","+58 12 04.5",3.39,"K1Ibv SB",210745
109493,"22 10 51.70","+30 33 11.0",6.3,"A8IV",210594
109509,"22 11 02.30","-21 13 57.7",6.1,"F6/F7V",210464
109511,"22 11 03.73","+43 01 50.6",6.76,"K0",210666
109514,"22 11 04.80","+48 40 38.6",6.64,"B9",210697
109521,"22 11 09.78","+50 49 23.8",5.38,"A5V",210715
109550,"22 11 27.14","-43 50 33.2",6.62,"G8IV",210441
109551,"22 11 27.14","-27 09 08.2",6.87,"K1III",210524
109556,"22 11 30.58","+59 24 52.3",5.05,"O6e",210839
109561,"22 11 38.00","-34 27 54.2",6.68,"K1/K2III+..",210525
109572,"22 11 48.52","+56 50 20.6",5.24,"F8V",210855
109577,"22 11 51.33","+16 02 26.1",5.93,"K1III",210702
109584,"22 11 55.13","-76 06 57.3",6.13,"K0III",210056
109585,"22 11 56.74","+59 05 03.8",6.29,"K0III",210905
109591,"22 12 01.79","+47 05 44.2",6.7,"A0",210820
109592,"22 12 02.01","+60 45 32.7",5.37,"K1III",210939
109595,"22 12 02.25","-38 18 10.3",6.9,"F3V",210571
109602,"22 12 08.09","+24 57 02.3",5.97,"K0",210762
109620,"22 12 22.45","+63 17 27.9",5.76,"M3III",211029
109624,"22 12 25.74","-14 11 37.8",6.04,"F0V",210705
109629,"22 12 28.95","+76 27 42.5",6.93,"K2",211374
109631,"22 12 29.87","-40 12 10.9",6.59,"K0III",210622
109647,"22 12 43.89","-04 43 14.1",6.39,"F7V",210763
109654,"22 12 47.81","+34 36 17.0",5.34,"K2III",210889
109659,"22 12 52.72","+73 18 25.7",6.11,"A3V+...",211300
109667,"22 12 57.50","-26 19 39.8",6.19,"A3V",210739
109691,"22 13 10.01","+18 16 47.6",6.5,"K2",210890
109693,"22 13 10.17","+86 06 28.3",5.27,"B9.5Vn",212710
109694,"22 13 10.69","+86 13 16.9",6.59,"K0",212774
109696,"22 13 11.51","+25 56 27.3",6.59,"K0IV",210925
109720,"22 13 26.37","-11 55 33.9",6.93,"G5IV",210845
109730,"22 13 38.65","+28 36 28.9",5.87,"K2III",211006
109734,"22 13 43.12","-68 07 35.0",6.84,"K3III",210563
109737,"22 13 44.39","-25 10 51.3",5.58,"F7II",210848
109745,"22 13 49.18","+45 26 26.2",5.53,"A0III",211096
109746,"22 13 49.71","+63 09 44.5",6.13,"B8Vn",211242
109754,"22 13 52.70","+39 42 53.6",4.5,"K3III",211073
109786,"22 14 18.02","-21 04 28.9",5.33,"K1III",210960
109788,"22 14 18.45","+17 11 22.4",6.5,"K4III",211076
109789,"22 14 18.74","-27 46 00.9",5.45,"B7V",210934
109810,"22 14 29.18","+07 58 34.2",6.65,"A0",211048
109821,"22 14 38.21","-41 22 47.1",6.23,"G5V",210918
109822,"22 14 38.22","-15 49 03.6",6.55,"K0/K1V",211038
109831,"22 14 44.33","+42 57 14.3",5.72,"A2Vnn",211211
109837,"22 14 46.92","+04 16 56.7",6.97,"K0",211115
109838,"22 14 47.11","-24 00 16.8",6.89,"F3IV/V",211024
109843,"22 14 48.57","+22 31 24.4",6.62,"G8Ib-II",211153
109857,"22 15 01.68","+57 02 36.5",4.18,"F0IV",211336
109862,"22 15 03.53","+43 46 24.4",6.82,"K0",211274
109880,"22 15 17.01","-70 39 10.4",6.88,"K0III",210742
109902,"22 15 35.03","-44 27 05.4",6.1,"G8/K0III",211053
109908,"22 15 36.88","-41 20 48.3",4.79,"G8III+...",211088
109937,"22 15 58.17","+37 44 55.4",4.14,"K3III",211388
109939,"22 15 59.81","+08 32 58.6",6.21,"A1Vn",211287
109972,"22 16 26.51","+57 13 12.8",5.88,"G8III",211554
109973,"22 16 26.57","-41 37 37.9",5.11,"G8III",211202
109977,"22 16 29.66","+27 48 14.5",6.38,"G9III",211432
109984,"22 16 33.67","-01 35 46.9",6.16,"A5Vn",211356
109990,"22 16 37.44","-25 53 53.3",6.14,"K1II/III",211291
109992,"22 16 40.30","+22 53 46.1",6.92,"Am",211433
109993,"22 16 40.91","+29 10 23.5",6.67,"G5IV",211460
110000,"22 16 48.04","-12 49 53.2",5.34,"K1III",211361
110003,"22 16 49.97","-07 46 59.7",4.17,"G8III-IV",211391
110009,"22 16 52.60","-09 02 24.1",5.8,"K3III:",211392
110018,"22 16 59.79","-23 08 24.4",6.17,"K0III",211364
110023,"22 17 06.50","-05 23 14.0",5.75,"G6III",211434
110031,"22 17 10.01","-34 45 38.7",6.83,"K3III",211367
110055,"22 17 28.31","+49 07 37.0",6.46,"K0",211660
110073,"22 17 47.31","+26 56 11.5",6.63,"K5II",211606
110078,"22 17 50.70","-77 30 41.7",5.49,"F3III",210853
110088,"22 18 02.09","-62 48 40.8",6.98,"F5V",211299
110089,"22 18 04.04","+13 57 01.3",6.83,"K0",211607
110091,"22 18 04.30","-00 14 15.1",6.39,"F3V",211575
110103,"22 18 12.59","+62 48 15.7",5.75,"K3III",211833
110109,"22 18 15.18","-53 37 31.9",5.36,"G1V",211415
110116,"22 18 20.40","+76 29 16.8",6.62,"A1Vn",212150
110130,"22 18 30.18","-60 15 34.2",2.87,"K3III",211416
110159,"22 18 47.00","+19 57 44.2",6.86,"K2",211718
110166,"22 18 52.46","+16 15 28.7",6.89,"A3III",211733
110171,"22 18 56.17","+37 46 09.0",6.19,"A9IIIp",211797
110179,"22 19 00.70","-13 18 17.9",5.96,"K0III",211676
110198,"22 19 19.85","-28 12 30.9",6.85,"K5III",211687
110204,"22 19 23.70","+15 32 44.8",6.91,"K2V",211800
110207,"22 19 25.74","+60 08 52.0",6.87,"A2Ib",211971
110256,"22 20 01.48","-80 26 22.7",5.09,"M6III",210967
110266,"22 20 06.24","+56 55 04.8",6.55,"B6II",212043
110273,"22 20 11.91","-07 49 16.0",5.35,"B8IIIMNp...",211838
110298,"22 20 27.56","+05 47 22.2",5.37,"B5IV",211924
110300,"22 20 28.19","+37 17 53.1",6.9,"K0",212002
110311,"22 20 36.25","-57 30 35.1",6.41,"K3/K4III",211726
110314,"22 20 38.77","+58 24 35.5",6.46,"G8III",212136
110316,"22 20 39.52","+50 58 50.9",6.4,"K2",212071
110323,"22 20 42.33","+14 01 56.5",6.55,"K0",211960
110325,"22 20 44.56","-34 30 59.4",6.92,"K1III",211863
110341,"22 20 55.77","+08 11 12.1",6.18,"F6V",211976
110346,"22 21 00.05","+26 56 06.6",6.46,"M4III",212047
110351,"22 21 01.53","+46 32 11.6",4.55,"B6V",212120
110355,"22 21 03.74","-62 32 53.5",6.61,"F7/F8V",211729
110371,"22 21 19.33","+28 19 49.9",4.78,"B9III",212097
110383,"22 21 28.77","+14 22 12.7",6.94,"A7V",212075
110386,"22 21 31.07","+12 12 18.6",4.82,"B2IV-V",212076
110391,"22 21 35.58","-21 35 52.9",5.12,"K0III",212010
110395,"22 21 39.30","-01 23 14.5",3.86,"A0V",212061
110405,"22 21 45.17","+66 42 22.5",6.62,"G5III+...",212391
110408,"22 21 50.86","+42 04 41.4",6.38,"B5V",212222
110410,"22 21 51.75","+63 08 23.8",6.95,"A0",212365
110412,"22 21 52.83","+40 39 59.1",6.54,"K2",212212
110434,"22 22 05.20","+15 39 05.4",6.68,"A0",212186
110478,"22 22 44.18","-45 56 52.5",6.42,"S5,7:",212087
110487,"22 22 50.28","+36 39 32.1",6.45,"K0",212334
110497,"22 23 00.17","+57 17 04.6",6.18,"B8III-IV",212454
110498,"22 23 00.50","+62 25 09.6",6.04,"A1V",212495
110504,"22 23 07.02","+55 57 47.6",6.44,"G8Iavar",212466
110506,"22 23 07.79","-45 55 42.0",5.62,"F3III-IV",212132
110520,"22 23 24.65","-46 40 07.0",6.93,"A1V",212180
110522,"22 23 27.62","+00 36 31.1",6.94,"A2",212318
110529,"22 23 30.79","-24 45 45.6",5.53,"K0IIICN...",212271
110532,"22 23 32.15","-07 11 40.0",5.92,"G6V",212320
110538,"22 23 33.64","+52 13 46.2",4.42,"G9III",212496
110548,"22 23 39.36","+20 50 53.8",6.2,"F7V",212395
110550,"22 23 41.68","+78 14 35.9",6.77,"B9.5III",212937
110566,"22 23 54.06","+38 34 23.9",6.18,"F5IV:",212487
110569,"22 23 56.39","+31 15 42.3",6.96,"M4.5III:",212470
110573,"22 24 00.48","+15 16 53.4",6.79,"B9V",212442
110578,"22 24 06.87","-04 50 13.2",5.79,"A0V",212404
110600,"22 24 24.94","+16 15 46.8",6.94,"F4III",212500
110602,"22 24 27.03","-13 31 45.9",5.76,"K0III",212430
110609,"22 24 31.00","+49 28 35.0",4.55,"B9Iab",212593
110618,"22 24 34.39","-72 15 13.6",5.28,"A3V: + F9V",211998
110619,"22 24 35.80","-01 11 12.4",6.74,"K0",212474
110624,"22 24 37.52","-39 07 37.3",6.85,"Ap",212385
110629,"22 24 39.11","-41 26 24.9",6.64,"F5V",212386
110649,"22 24 56.19","-57 47 47.8",5.31,"F9V",212330
110661,"22 25 03.33","+51 15 20.9",6.52,"M0",212691
110668,"22 25 10.39","-70 25 53.3",5.78,"F3III",212211
110672,"22 25 16.61","+01 22 38.6",4.8,"B1Ve",212571
110696,"22 25 40.68","+18 26 39.3",6.26,"K0",212670
110706,"22 25 46.88","+63 19 42.0",6.86,"M4III",212882
110707,"22 25 48.04","-20 14 13.2",6.73,"A1V+G8/K1III",212600
110712,"22 25 51.03","-75 00 56.6",6.12,"G3IV",212168
110724,"22 26 00.16","+80 42 05.6",6.68,"K0",213417
110725,"22 26 00.78","+70 46 15.2",5.47,"K2III",213022
110746,"22 26 10.70","-23 40 56.8",6.29,"A0V",212643
110753,"22 26 14.46","-02 47 19.6",6.94,"F5",212695
110778,"22 26 34.15","-16 44 31.7",5.55,"G3V",212697
110780,"22 26 34.65","-07 22 38.9",6.85,"F0",212717
110785,"22 26 37.22","+04 23 37.1",5.76,"F7V",212754
110786,"22 26 41.65","-11 13 41.4",6.98,"A3",212741
110787,"22 26 42.45","+78 47 09.4",5.83,"A2m",213403
110790,"22 26 45.56","+37 26 37.4",6.46,"B2V",212883
110807,"22 26 59.16","+56 26 00.8",6.59,"B5III",212986
110817,"22 27 05.31","+65 07 56.2",5.52,"B0.5Ib",213087
110821,"22 27 06.71","-01 18 32.9",6.77,"G0",212837
110828,"22 27 10.91","+61 54 44.6",6.61,"K0",213048
110838,"22 27 19.87","-64 57 59.0",4.51,"B8V",212581
110842,"22 27 21.21","-58 00 02.3",6.87,"A1m A5-F0",212661
110849,"22 27 26.50","+39 48 36.1",6.16,"B2V",212978
110873,"22 27 46.22","+31 50 23.9",6.0,"K2",212988
110882,"22 27 51.48","+04 41 47.1",4.78,"K0III",212943
110896,"22 28 03.51","+44 07 14.0",6.56,"K5",213061
110907,"22 28 11.15","+27 01 08.0",6.48,"G8III",213025
110913,"22 28 13.91","+24 47 33.4",6.78,"B9",213027
110919,"22 28 19.48","+64 05 06.8",6.3,"K0",213242
110935,"22 28 37.44","-67 29 20.0",5.56,"A3V",212728
110936,"22 28 39.18","-39 07 53.0",5.47,"G8III",212953
110960,"22 28 49.80","-00 01 12.2",3.65,"F3III-IV",213051
110965,"22 28 55.74","-60 03 14.5",6.88,"G8III",212878
110986,"22 29 07.95","+09 07 44.7",5.6,"K5III",213119
110988,"22 29 09.23","+58 24 14.7",6.31,"A0",213307
110992,"22 29 10.21","+26 45 47.6",5.79,"K2II",213179
110991,"22 29 10.25","+58 24 54.7",4.07,"G2Ibvar",213306
110997,"22 29 16.15","-43 29 44.0",3.97,"G6/G8III",213009
111006,"22 29 22.34","+54 14 45.3",6.78,"B2IV",213322
111022,"22 29 31.82","+47 42 24.8",4.34,"M0II",213310
111041,"22 29 44.05","+35 43 32.6",6.56,"A2V",213272
111043,"22 29 45.45","-43 44 57.2",4.12,"M4.5IIIa",213080
111045,"22 29 45.94","-27 06 26.0",5.95,"F0V",213135
111049,"22 29 50.91","-78 12 47.4",6.8,"K3III",212610
111056,"22 29 52.97","+78 49 27.6",5.45,"A3V",213798
111058,"22 29 53.47","+52 24 59.6",6.51,"G5III",213388
111062,"22 29 57.95","+04 25 55.4",5.51,"F5IVs",213235
111066,"22 30 01.39","-12 54 54.4",6.41,"F2/F3IV/V",213198
111068,"22 30 01.79","+32 34 21.6",5.64,"B9.5V",213323
111072,"22 30 06.53","+49 21 23.3",6.41,"K2III SB",213389
111075,"22 30 08.40","+31 12 57.0",6.59,"A0",213340
111085,"22 30 15.72","-42 17 27.8",6.94,"B9V",213155
111086,"22 30 17.33","-14 35 08.3",6.36,"B8II",213236
111088,"22 30 18.71","+57 13 31.6",6.62,"A3Ia SB",213470
111104,"22 30 29.26","+43 07 24.2",4.52,"B2IV",213420
111112,"22 30 32.63","+61 37 25.6",6.98,"A0",213530
111123,"22 30 38.82","-10 40 40.4",4.82,"A0IVs",213320
111127,"22 30 42.91","-44 05 37.4",6.95,"A0/A1V",213220
111138,"22 30 53.75","-26 04 24.8",6.43,"K1III",213296
111143,"22 31 00.49","-49 25 58.1",6.81,"G4IV",213240
111169,"22 31 17.38","+50 16 56.8",3.76,"A1V",213558
111170,"22 31 18.22","-06 33 17.6",6.15,"F7V",213429
111171,"22 31 18.42","-02 54 40.3",6.15,"K0",213428
111188,"22 31 30.29","-32 20 45.7",4.29,"A1V",213398
111191,"22 31 34.37","+29 32 34.2",6.33,"A5m",213534
111196,"22 31 37.83","-85 58 02.6",5.76,"K0III",211539
111200,"22 31 41.28","-10 54 19.7",6.39,"A8III",213464
111206,"22 31 45.22","-35 17 25.6",6.6,"K0III",213412
111237,"22 32 11.50","-43 15 47.1",6.91,"K0III",213457
111242,"22 32 16.27","+76 13 35.3",5.7,"A2V",214035
111247,"22 32 18.69","+54 02 13.2",6.41,"G8III",213720
111259,"22 32 26.37","+39 46 47.1",5.88,"A6V",213660
111274,"22 32 33.89","-06 28 02.1",6.94,"G0",213575
111278,"22 32 35.38","+20 13 47.8",6.43,"F1V",213617
111282,"22 32 39.37","+13 02 40.2",6.56,"F2III",213619
111296,"22 32 46.90","+15 51 47.6",6.35,"K0",213644
111302,"22 32 51.36","+74 04 24.1",6.96,"K2",214071
111310,"22 33 00.01","-61 58 55.5",4.91,"M4III",213442
111314,"22 33 02.70","+69 54 48.1",6.01,"A9III",213973
111325,"22 33 16.76","+70 22 25.3",6.26,"A0V",214019
111355,"22 33 34.61","+40 49 08.5",6.54,"K0",213835
111362,"22 33 40.57","+56 37 28.7",5.72,"G8III-IV",213930
111379,"22 33 53.12","+61 46 41.1",6.55,"A2",214007
111382,"22 33 54.70","-44 41 25.2",6.78,"K0III-IV",213658
111394,"22 34 02.89","-01 34 27.0",5.88,"G6III",213789
111397,"22 34 05.22","-32 08 31.5",6.68,"B7III",213728
111398,"22 34 06.63","-09 36 30.5",6.54,"K0",213780
111425,"22 34 27.07","-34 40 30.9",6.84,"K0/K1III",213770
111441,"22 34 35.95","+00 35 43.3",6.72,"K5+...",213893
111443,"22 34 36.55","+26 35 53.6",6.88,"K2",213947
111449,"22 34 41.50","-20 42 28.3",5.21,"F7V",213845
111487,"22 35 15.67","+45 09 12.3",6.99,"K5",214097
111497,"22 35 21.33","-00 07 02.5",4.04,"B9IV-Vn",213998
111504,"22 35 26.36","-78 46 17.6",6.15,"K1III",213402
111512,"22 35 33.12","-51 36 14.2",6.77,"K0III",213882
111515,"22 35 36.36","-23 59 27.9",5.97,"K1III",213986
111532,"22 35 45.78","+73 38 35.3",5.08,"F3III-IV",214470
111539,"22 35 48.82","-17 27 37.1",6.39,"K4III",214028
111541,"22 35 49.68","+20 16 28.4",6.61,"K0",214128
111543,"22 35 51.98","+56 04 14.1",6.37,"A3V",214279
111544,"22 35 52.10","+39 37 41.4",6.6,"B2V",214168
111546,"22 35 52.28","+39 38 03.6",5.73,"B1Ve",214167
111548,"22 35 52.84","-57 53 01.4",6.22,"F0Vn",213884
111550,"22 35 53.38","+50 04 14.8",6.29,"B3V",214240
111563,"22 36 06.43","-16 23 16.6",6.84,"B1/B2Ib",214080
111567,"22 36 07.90","+35 34 39.5",6.11,"K0",214200
111587,"22 36 21.70","-72 42 46.3",6.72,"K1III",213742
111589,"22 36 22.33","+37 50 32.1",6.84,"B2V",214263
111594,"22 36 29.27","-40 34 57.0",6.28,"A3Vn",214085
111600,"22 36 35.47","-31 39 49.3",5.82,"K2III",214122
111601,"22 36 36.34","+11 41 47.8",6.42,"A1III",214203
111610,"22 36 38.96","-48 18 21.8",6.65,"M3III",214066
111616,"22 36 42.42","-43 28 15.5",6.75,"F6V",214094
111627,"22 36 48.69","+35 39 08.7",6.28,"K5",214313
111643,"22 36 58.82","-40 35 27.1",5.85,"A1V",214150
111649,"22 37 04.86","+12 34 36.8",6.3,"K5",214298
111660,"22 37 12.86","+75 22 18.5",5.8,"M1III",214710
111664,"22 37 14.95","+42 48 37.2",6.87,"K5",214421
111674,"22 37 22.47","+51 32 43.3",4.64,"A8IV",214454
111701,"22 37 38.88","+63 46 09.6",6.66,"K0",214584
111710,"22 37 45.42","-04 13 39.9",5.04,"K2III",214376
111718,"22 37 47.75","-39 51 25.6",6.54,"F7V",214291
111753,"22 38 17.41","+45 10 58.6",6.38,"G2III+...",214558
111761,"22 38 22.10","-07 53 51.2",6.23,"G1IV-V",214448
111795,"22 38 37.87","+56 47 44.6",5.11,"M4III",214665
111797,"22 38 39.05","+63 35 04.3",5.19,"A3IV",214734
111801,"22 38 44.70","-28 44 53.5",6.46,"K1III",214462
111805,"22 38 47.28","+44 18 49.5",6.82,"G0",214608
111807,"22 38 50.03","+04 31 48.8",6.82,"A3",214546
111809,"22 38 51.46","-33 04 53.0",5.66,"A0V",214484
111810,"22 38 52.62","+19 31 21.0",5.84,"G8II",214567
111815,"22 38 55.61","-38 28 38.3",6.58,"K3III",214465
111819,"22 38 56.53","-39 09 17.7",6.95,"K0III",214466
111828,"22 39 04.59","+37 22 31.6",6.83,"B2:V SB",214652
111833,"22 39 08.40","-52 41 31.0",6.67,"F1III",214441
111841,"22 39 15.68","+39 03 01.0",4.89,"O9V",214680
111843,"22 39 16.06","-10 01 40.0",6.93,"G0",214572
111852,"22 39 24.82","+81 23 31.4",6.82,"F8",215318
111862,"22 39 30.38","-68 03 37.2",6.9,"K0III",214343
111864,"22 39 31.33","+37 21 13.1",6.65,"K0",214716
111866,"22 39 33.01","+38 44 54.5",6.96,"F0",214712
111868,"22 39 34.05","+51 09 19.9",6.79,"F5",214780
111869,"22 39 34.32","+37 35 34.1",6.03,"G3Ib-IICNe.",214714
111879,"22 39 44.12","-28 19 32.0",6.3,"K0/K1III",214599
111884,"22 39 47.01","+19 40 52.1",6.33,"A2V",214698
111898,"22 39 59.38","-83 15 06.0",6.68,"A9IV",213615
111907,"22 40 05.76","+40 40 12.7",6.78,"M0",214806
111910,"22 40 07.88","-09 21 33.7",6.89,"G0",214686
111925,"22 40 18.40","+53 50 45.5",5.94,"B8V",214878
111934,"22 40 22.38","-30 39 30.1",5.88,"K2/K3III",214690
111938,"22 40 27.16","+04 34 31.1",6.81,"K0",214786
111944,"22 40 30.78","+44 16 34.6",4.5,"K3III",214868
111954,"22 40 39.33","-27 02 37.0",4.18,"B8V",214748
111965,"22 40 47.96","-03 33 14.9",6.32,"F6V",214810
111967,"22 40 48.86","-57 25 20.3",5.98,"K4III",214632
111974,"22 40 52.52","+14 32 55.9",5.72,"G3V+...",214850
111988,"22 41 02.76","+51 45 30.5",6.77,"K2",214976
111990,"22 41 03.86","+36 15 48.8",6.64,"K5",214929
112021,"22 41 25.64","-12 13 47.7",6.78,"K2III",214873
112029,"22 41 27.67","+10 49 53.0",3.41,"B8.5V",214923
112031,"22 41 28.65","+40 13 31.7",5.25,"B2IIIv SB",214993
112032,"22 41 31.28","+30 57 57.1",6.36,"K5",214979
112041,"22 41 35.94","+41 32 56.3",5.93,"G9III",215030
112051,"22 41 45.41","+29 18 27.7",4.8,"A1IV",214994
112067,"22 41 57.40","+14 30 59.2",5.92,"K0III:",214995
112078,"22 42 05.99","-05 06 06.6",6.28,"M0",214983
112098,"22 42 20.81","+53 54 31.6",6.14,"K2",215159
112102,"22 42 22.08","-29 21 39.6",6.12,"M3III",214966
112117,"22 42 36.88","-47 12 36.0",5.99,"G0",214953
112122,"22 42 39.93","-46 53 04.4",2.07,"M5III",214952
112127,"22 42 43.05","-44 14 53.2",6.06,"K1IV",214987
112131,"22 42 49.18","+00 13 54.6",6.97,"F0",215093
112138,"22 42 52.98","+04 58 07.5",6.78,"K2",215128
112144,"22 42 55.45","+37 48 09.9",6.43,"B1V",215191
112153,"22 42 58.09","+01 13 02.6",6.93,"A3",215129
112158,"22 43 00.13","+30 13 16.7",2.93,"G2II-III..",215182
112168,"22 43 03.40","-08 18 41.2",6.45,"A5V",215114
112170,"22 43 04.32","+47 10 07.5",6.39,"A1V+...",215242
112169,"22 43 04.37","+65 20 10.5",6.76,"B1.5V",215371
112179,"22 43 14.25","-06 57 46.5",6.4,"A0Vn",215143
112183,"22 43 15.39","+56 24 29.7",6.91,"F0",215322
112197,"22 43 25.63","+62 40 17.0",6.74,"G5",215383
112203,"22 43 29.97","-41 24 50.8",4.84,"K0III",215104
112211,"22 43 35.25","-18 49 49.1",4.68,"K3III",215167
112221,"22 43 41.59","+47 24 42.4",6.78,"K0",215344
112222,"22 43 42.69","+10 56 23.2",6.51,"G8IV",215243
112241,"22 44 05.21","+39 27 55.5",5.93,"K5III+...",215359
112242,"22 44 05.49","+41 49 09.2",5.11,"K0III",215373
112259,"22 44 16.48","-60 29 58.8",6.29,"F3V",215121
112281,"22 44 33.93","-63 57 14.0",6.93,"A1V",215131
112286,"22 44 37.23","-62 32 53.9",6.78,"K0/K1III",215158
112300,"22 44 49.12","+52 31 01.9",6.43,"K2",215518
112305,"22 44 52.97","+39 12 03.9",6.47,"K5",215473
112324,"22 45 03.70","+58 08 50.6",6.45,"F5",215588
112358,"22 45 28.19","+19 21 59.1",6.27,"G6III:",215510
112355,"22 45 29.59","-88 49 05.5",6.55,"A7IV",206553
112362,"22 45 32.36","-25 14 13.0",6.52,"A0IV",215452
112368,"22 45 34.64","+30 26 36.3",6.37,"K1III-IV",215549
112369,"22 45 36.07","+52 53 25.2",6.99,"K0",215633
112374,"22 45 37.85","-53 30 00.6",4.84,"K2IIICNIV",215369
112381,"22 45 40.81","-46 32 50.3",5.52,"K3III",215405
112405,"22 46 03.72","-81 22 53.8",4.13,"A9IV/V",214846
112408,"22 46 04.73","-55 03 48.9",6.62,"K2/K3III",215424
112414,"22 46 07.85","-48 58 43.3",6.63,"F9V",215456
112417,"22 46 10.11","+44 32 45.5",5.84,"F0III-IV",215664
112420,"22 46 14.23","-11 09 58.4",6.67,"M0",215553
112428,"22 46 21.06","+46 12 54.5",6.55,"K5",215705
112432,"22 46 28.22","-49 41 06.4",6.49,"K0III-IV",215504
112433,"22 46 28.59","+07 34 58.6",6.91,"F2",215638
112434,"22 46 29.59","+54 52 19.5",6.85,"A0",215757
112440,"22 46 31.84","+23 33 56.4",3.97,"G8II-III",215665
112447,"22 46 41.44","+12 10 26.7",4.2,"F7V",215648
112449,"22 46 43.64","-46 56 22.1",6.56,"A5",215545
112472,"22 46 54.37","-33 10 56.9",6.81,"G8/K0III",215616
112492,"22 47 09.10","-41 41 30.7",6.84,"K3III",215627
112500,"22 47 18.90","+53 22 54.6",6.85,"A2",215869
112501,"22 47 19.21","-34 09 42.4",6.28,"K1III",215669
112505,"22 47 21.68","+14 07 23.5",6.95,"K2",215762
112508,"22 47 23.23","+58 28 58.8",6.33,"B9.5IV",215907
112512,"22 47 25.11","-17 33 02.7",6.8,"F6V",215709
112519,"22 47 28.95","+83 09 13.4",4.77,"K3III",216446
112525,"22 47 32.35","-69 28 28.4",6.86,"A7IV",215505
112529,"22 47 33.19","-19 36 46.3",5.24,"G8III",215721
112533,"22 47 35.71","-65 33 36.8",6.49,"K1III",215562
112542,"22 47 42.75","-14 03 23.1",5.68,"B9V",215766
112554,"22 47 47.19","-38 13 18.9",6.72,"F6V",215724
112559,"22 47 50.30","-04 13 41.8",6.67,"G5V",215812
112562,"22 47 52.94","+65 03 43.8",6.87,"B0.5V:nn",216014
112567,"22 47 56.13","-25 54 42.3",6.31,"G8III",215782
112585,"22 48 08.01","+49 34 57.8",6.81,"M3III",215953
112590,"22 48 11.07","+37 25 00.6",5.82,"G8III:",215943
112603,"22 48 21.30","-61 41 03.7",6.36,"K0III",215682
112612,"22 48 28.19","-27 33 50.7",6.83,"G8III/IV",215852
112615,"22 48 30.19","-10 33 19.8",6.19,"A9III-IV",215874
112623,"22 48 33.20","-51 19 00.1",3.49,"A3V",215789
112635,"22 48 44.24","+62 56 18.7",6.07,"K0",216102
112641,"22 48 47.88","+54 24 53.6",6.14,"B5Vn",216057
112655,"22 48 55.27","-63 43 06.3",6.51,"B9.5V",215769
112670,"22 49 00.68","+68 34 12.2",6.19,"F5",216172
112693,"22 49 17.17","-23 05 33.1",6.93,"K3III",215981
112694,"22 49 17.45","-70 20 53.0",6.35,"A2V",215729
112697,"22 49 17.58","+50 58 37.4",6.75,"G0",216106
112714,"22 49 32.10","+10 28 43.3",6.55,"F0IV-V",216048
112716,"22 49 35.51","-13 35 33.1",4.05,"K5III",216032
112725,"22 49 40.90","-77 03 03.8",6.73,"A7V",215631
112724,"22 49 40.91","+66 12 02.6",3.5,"K0III",216228
112731,"22 49 46.23","+55 54 09.7",5.43,"K1III",216174
112746,"22 49 59.25","-32 48 19.4",6.34,"F0V",216042
112748,"22 50 00.10","+24 36 06.1",3.51,"M2III",216131
112761,"22 50 10.09","+50 40 36.9",6.23,"G4Ib",216206
112778,"22 50 21.77","+41 57 12.3",5.91,"B3IV:var",216200
112781,"22 50 22.75","-80 07 25.7",5.32,"B6IV",215573
112803,"22 50 39.10","+19 08 28.4",6.52,"K0",216201
112832,"22 51 02.15","-39 09 24.5",5.43,"K3III",216149
112833,"22 51 02.94","+85 22 24.5",5.89,"K5",217157
112850,"22 51 13.31","+48 43 59.7",6.88,"B9",216321
112862,"22 51 20.94","-29 32 10.6",5.99,"G8/K0III",216210
112864,"22 51 22.51","+61 41 47.9",5.61,"G2IV+...",216380
112871,"22 51 26.66","+26 23 27.6",6.94,"A3",216285
112876,"22 51 29.45","+62 58 20.3",6.65,"G5",216425
112895,"22 51 45.00","-59 52 52.9",6.47,"K1IIICN...",216169
112917,"22 52 01.95","+43 18 44.5",4.95,"M0III",216397
112924,"22 52 09.98","-63 11 18.8",6.14,"K0III",216187
112932,"22 52 20.65","+10 24 51.9",6.86,"F5",216384
112935,"22 52 23.77","+09 50 08.0",5.16,"F7IV",216385
112948,"22 52 31.56","-32 52 31.6",4.46,"A0III",216336
112950,"22 52 32.87","+03 33 08.1",6.64,"A0",216400
112958,"22 52 35.71","-19 02 16.4",6.99,"F6V",216357
112961,"22 52 36.86","-07 34 46.8",3.73,"M2IIIvar",216386
112970,"22 52 42.16","+67 59 24.0",6.98,"F2",216606
112974,"22 52 46.36","-10 03 32.0",6.74,"F8",216402
112981,"22 52 49.35","+46 32 54.3",6.82,"B9",216511
112986,"22 52 52.23","+50 24 44.2",6.46,"B8V",216523
112987,"22 52 54.24","+38 36 57.8",6.93,"M0",216512
112997,"22 53 02.28","+16 50 28.5",5.86,"K1III SB",216489
112998,"22 53 03.77","+60 06 03.7",6.01,"K2V:",216595
113009,"22 53 11.37","+40 10 02.6",6.33,"B7III-IV",216538
113018,"22 53 15.46","-45 08 51.7",6.85,"K0III",216406
113028,"22 53 27.59","-05 59 16.5",6.94,"A2",216503
113031,"22 53 28.69","-11 36 59.5",5.8,"B8IV/V",216494
113044,"22 53 37.74","-48 35 53.1",6.03,"G3IV",216435
113048,"22 53 40.16","+44 44 57.1",5.79,"A3m",216608
113064,"22 53 52.15","+01 50 35.5",6.81,"K5",216565
113080,"22 54 05.60","-19 10 30.5",6.37,"K5III",216553
113084,"22 54 06.91","+40 22 36.6",5.82,"K0III",216646
113085,"22 54 07.09","-12 11 25.1",6.86,"K2/K3III",216567
113102,"22 54 17.17","+56 19 58.9",6.85,"G8III",216730
113105,"22 54 18.08","+17 47 42.2",6.6,"K0",216635
113116,"22 54 24.38","+84 20 46.0",4.7,"K4III",217382
113127,"22 54 34.13","-07 12 16.3",6.2,"K3III",216637
113131,"22 54 35.62","+16 56 30.7",6.39,"S5,1",216672
113136,"22 54 39.04","-15 49 14.7",3.27,"A3V",216627
113137,"22 54 39.56","-70 04 26.0",6.04,"G4IV-V",216437
113148,"22 54 45.60","-16 16 18.3",5.53,"K1III",216640
113159,"22 54 54.74","-22 22 06.5",6.76,"F7V",216664
113167,"22 54 59.47","+01 03 53.6",6.11,"A7III",216701
113174,"22 55 02.58","+37 04 36.5",5.91,"F5II",216756
113184,"22 55 10.94","-04 59 16.4",5.72,"K0III-IV",216718
113186,"22 55 13.62","+08 48 57.9",4.91,"A1V",216735
113189,"22 55 14.87","-36 23 18.9",6.4,"K2III",216666
113190,"22 55 16.19","-48 29 30.8",6.67,"F7V:",216656
113204,"22 55 30.57","-20 08 21.7",6.36,"K4/K5III",216727
113222,"22 55 44.49","+36 21 05.0",5.73,"B7III",216831
113227,"22 55 47.02","+44 18 29.7",6.81,"K0",216850
113234,"22 55 51.54","-31 37 59.5",6.09,"K3III",216761
113240,"22 55 54.32","-41 05 48.5",6.72,"K1III",216742
113246,"22 55 56.89","-32 32 22.9",4.2,"G8III",216763
113249,"22 55 58.35","+62 25 56.2",6.53,"K5",216945
113281,"22 56 23.63","+41 36 14.0",5.6,"B2IV",216916
113283,"22 56 23.83","-31 33 54.6",6.48,"K4Vp",216803
113288,"22 56 26.00","+49 44 00.8",4.99,"K5Ibvar",216946
113307,"22 56 47.82","-47 58 09.2",5.72,"Am...",216823
113311,"22 56 51.44","+11 50 54.0",6.53,"A3Vs",216900
113327,"22 57 04.49","+48 41 02.7",5.34,"B4IIIpe",217050
113331,"22 57 06.84","-03 14 42.9",6.6,"A0",216931
113345,"22 57 17.21","-04 48 36.3",6.31,"G9III",216953
113354,"22 57 25.69","+43 00 46.1",6.64,"K5",217073
113357,"22 57 27.85","+20 46 07.3",5.45,"G5V",217014
113360,"22 57 32.76","+03 48 36.6",6.28,"K1III",217019
113368,"22 57 38.83","-29 37 18.6",1.17,"A3V",216956
113371,"22 57 40.74","+39 18 31.6",6.17,"B2IV-V",217101
113387,"22 57 48.12","+73 08 00.9",6.54,"K0",217295
113402,"22 57 59.33","-59 05 21.8",6.7,"F2IV",216910
113421,"22 58 15.54","-02 23 43.2",6.17,"G8IV",217107
113433,"22 58 23.61","-01 24 36.7",6.38,"F0V",217131
113445,"22 58 34.85","+09 21 26.0",6.43,"G2V+...",217166
113447,"22 58 35.01","-35 31 22.6",6.15,"F7V",217096
113465,"22 58 42.64","+07 20 24.9",6.35,"A1V",217186
113498,"22 59 09.00","+59 48 52.8",6.46,"B9III",217348
113501,"22 59 10.37","+52 39 16.0",6.31,"K2",217314
113503,"22 59 11.80","+11 43 44.2",5.76,"A7V",217232
113505,"22 59 12.85","+52 18 10.8",6.98,"B9",217315
113521,"22 59 27.40","+00 57 47.1",5.43,"K1III:",217264
113531,"22 59 35.68","-13 04 15.2",6.12,"K3/K4III",217251
113532,"22 59 35.76","-29 27 44.4",5.51,"F0V",217236
113561,"23 00 05.10","+56 56 43.4",5.1,"G0Ia",217476
113562,"23 00 05.77","-25 09 50.4",5.66,"K0IICNIII",217303
113583,"23 00 19.93","-08 52 49.7",6.81,"F2",217376
113593,"23 00 24.58","-25 37 36.3",6.3,"K1III",217358
113601,"23 00 32.36","+13 28 07.1",6.7,"K2",217427
113603,"23 00 34.39","+45 22 29.3",6.51,"A3V",217491
113610,"23 00 37.88","+00 11 09.0",6.22,"G4III",217428
113621,"23 00 42.40","+31 04 58.7",6.6,"B9p...",217477
113622,"23 00 42.90","+03 00 43.2",5.85,"K4III",217459
113638,"23 00 52.87","-52 45 14.8",4.11,"G8III",217364
113640,"23 00 54.75","+38 42 28.3",6.57,"B3Vp",217543
113657,"23 01 07.50","-50 57 00.1",5.68,"K3III",217403
113664,"23 01 14.77","+80 46 54.2",6.68,"A3",217992
113669,"23 01 19.35","-28 51 14.1",5.55,"K3III",217484
113673,"23 01 23.03","-22 47 27.0",6.27,"A2V",217498
113674,"23 01 23.65","-07 03 40.1",6.23,"K5III",217531
113684,"23 01 30.72","+57 06 19.7",6.24,"K2II",217673
113686,"23 01 31.70","-04 42 41.3",5.94,"K0",217563
113705,"23 01 43.56","+03 31 51.7",6.44,"G5",217590
113719,"23 01 51.44","+34 36 45.4",6.74,"F0",217649
113725,"23 01 55.04","-63 05 08.0",6.88,"K3III",217453
113726,"23 01 55.25","+42 19 33.5",3.62,"B6pv SB",217675
113750,"23 02 11.32","+44 34 22.4",6.43,"K0",217731
113766,"23 02 21.04","+23 20 25.7",6.84,"A0",217715
113781,"23 02 32.56","-06 34 26.1",6.18,"M2III",217701
113783,"23 02 33.35","+31 46 53.6",6.56,"F2IV",217754
113784,"23 02 34.07","-36 25 14.9",6.46,"K1III",217642
113787,"23 02 35.17","+16 13 56.7",6.56,"F0III",217732
113788,"23 02 36.34","+42 45 28.1",5.09,"A3Vn",217782
113792,"23 02 37.77","-18 32 30.1",6.78,"A2/A3V",217684
113793,"23 02 39.04","+63 20 27.0",6.85,"K0",217872
113797,"23 02 43.88","+55 14 10.9",6.51,"B9III He wk",217833
113801,"23 02 44.29","-20 52 13.4",5.97,"K0III",217703
113802,"23 02 45.15","+44 03 31.6",6.37,"B2V",217811
113821,"23 02 56.76","-47 50 53.8",6.64,"B9V",217670
113829,"23 03 05.05","+20 55 07.1",6.65,"G5V",217813
113852,"23 03 21.33","+58 33 50.0",6.43,"G8IV",217944
113853,"23 03 23.71","+60 26 43.5",6.74,"B2V",217943
113860,"23 03 29.76","-34 44 58.6",5.12,"A9V",217792
113864,"23 03 32.85","+67 12 33.1",5.25,"K3III",218029
113872,"23 03 38.12","-26 48 47.9",6.82,"M1III",217825
113877,"23 03 42.49","-40 49 01.3",6.85,"M1III",217807
113878,"23 03 44.22","-30 26 41.6",6.78,"K0III",217826
113881,"23 03 46.33","+28 04 56.8",2.44,"M2II-IIIvar",217906
113889,"23 03 52.61","+03 49 12.3",4.48,"B6Ve",217891
113896,"23 03 57.09","-04 47 41.8",6.68,"F8V",217877
113902,"23 03 59.63","-41 28 44.5",5.79,"K0III",217842
113904,"23 04 00.80","+06 36 58.8",6.42,"F2V",217926
113919,"23 04 10.83","+50 03 06.1",4.64,"K0III",218031
113947,"23 04 32.66","+63 14 26.1",6.63,"K0",218139
113952,"23 04 36.36","+31 18 27.2",6.77,"F4II",218043
113957,"23 04 39.57","-53 57 52.7",5.37,"K5III",217902
113963,"23 04 45.62","+15 12 19.3",2.49,"B9.5III",218045
113967,"23 04 50.20","-27 08 09.8",6.97,"A3III",218003
113969,"23 04 52.15","-68 49 13.4",5.53,"F4III",217831
113975,"23 04 55.32","+56 41 26.1",6.81,"A0",218151
113993,"23 05 06.32","+58 43 56.7",6.91,"G8III",218187
113994,"23 05 06.40","+16 33 48.1",6.43,"G8IV",218101
113996,"23 05 09.71","-07 41 37.7",5.44,"F2V",218060
113998,"23 05 12.88","-17 04 44.9",6.15,"K4III",218061
114005,"23 05 17.61","+01 18 25.8",6.39,"G9III",218103
114010,"23 05 22.11","-16 53 54.4",6.86,"K0III",218071
114031,"23 05 33.03","+14 57 32.7",6.8,"A0",218155
114054,"23 05 52.52","-07 56 12.1",6.71,"A0",218173
114074,"23 06 12.27","+36 49 13.0",6.76,"K0",218259
114078,"23 06 16.65","+75 34 53.0",6.81,"B9",218466
114081,"23 06 18.00","+18 31 03.4",6.16,"F6Vs",218235
114092,"23 06 28.54","+61 26 24.6",6.75,"F5V",218375
114096,"23 06 31.71","+19 54 39.0",6.44,"F7V",218261
114104,"23 06 36.81","+59 25 11.2",4.84,"B0.5IV",218376
114119,"23 06 40.81","-23 44 35.2",4.48,"G8III",218240
114131,"23 06 52.77","-43 31 13.2",4.28,"F5me...",218227
114132,"23 06 53.60","-38 53 32.3",5.62,"A0V",218242
114139,"23 06 57.95","-30 02 53.3",6.57,"F5IV/V",218283
114144,"23 07 00.26","+09 24 34.3",4.54,"M2III",218329
114148,"23 07 02.66","+03 03 07.9",6.98,"K0",218330
114152,"23 07 04.99","+35 38 11.3",6.38,"K0",218365
114155,"23 07 06.74","+25 28 06.0",4.76,"K0IIp",218356
114159,"23 07 09.43","-49 36 22.1",6.33,"K4III",218255
114162,"23 07 10.05","+52 48 59.6",6.12,"K0III",218416
114163,"23 07 10.45","+59 43 38.6",6.41,"B2.5IV",218440
114167,"23 07 14.81","-50 41 11.8",5.81,"F6.5IV-V+..",218268
114174,"23 07 18.00","+46 04 05.4",6.66,"B2V",218407
114183,"23 07 25.52","+20 34 54.2",6.73,"K0",218381
114187,"23 07 27.74","+32 49 31.3",6.13,"A3",218395
114189,"23 07 28.65","+21 08 03.7",5.97,"A5V",218396
114200,"23 07 39.28","+46 23 14.3",5.3,"K5III",218452
114210,"23 07 45.25","+49 17 43.6",5.68,"F5V",218470
114212,"23 07 47.74","+63 38 00.5",6.25,"B3V",218537
114222,"23 07 53.84","+75 23 15.3",4.41,"G2III",218658
114227,"23 07 57.20","+64 13 21.2",6.21,"K0",218560
114237,"23 08 12.39","+44 33 42.6",6.51,"A2IV",218525
114254,"23 08 21.10","-28 49 24.8",5.6,"G8III",218434
114258,"23 08 23.54","-79 28 50.2",6.11,"A7Vn",218108
114268,"23 08 35.55","-73 35 10.0",6.18,"K3III",218288
114273,"23 08 40.84","+02 07 39.4",5.42,"G8IV",218527
114291,"23 08 51.64","-25 49 49.8",6.74,"F6V",218522
114327,"23 09 16.35","+65 12 41.1",6.67,"B5",218723
114329,"23 09 16.74","+49 39 02.2",6.75,"B3IV SB:",218674
114336,"23 09 22.68","+18 44 09.5",6.75,"B9",218624
114341,"23 09 26.76","-21 10 20.9",3.68,"K1III",218594
114347,"23 09 31.45","+08 40 37.8",5.05,"M4Sv",218634
114348,"23 09 32.46","+29 40 10.6",6.59,"K2III",218660
114365,"23 09 44.14","+59 19 57.7",5.68,"A5III",218753
114366,"23 09 44.62","-28 05 18.9",5.88,"K2III",218619
114367,"23 09 44.73","-67 52 34.2",6.47,"F3IV",218497
114371,"23 09 49.53","-14 30 37.9",6.43,"A0V",218639
114373,"23 09 52.44","+39 28 09.2",6.66,"A2Vm",218725
114375,"23 09 54.88","-22 27 27.3",4.71,"A3IV:",218640
114377,"23 09 55.71","+67 14 31.3",6.66,"A0",218829
114378,"23 09 57.17","+14 25 36.3",6.54,"G0V",218687
114382,"23 09 57.64","-42 51 40.2",5.83,"F4IV",218630
114389,"23 10 01.47","+09 49 19.6",5.39,"B9III",218700
114404,"23 10 08.86","+33 46 04.4",6.69,"M3",218742
114406,"23 10 09.50","+57 26 54.3",6.94,"K2III+...",218803
114407,"23 10 09.72","-40 35 29.2",5.9,"M4III",218655
114408,"23 10 11.99","-66 51 27.8",6.47,"K0IV",218558
114421,"23 10 21.43","-45 14 47.9",3.88,"K0III SB",218670
114428,"23 10 27.03","-60 33 51.6",6.72,"A7III",218631
114430,"23 10 27.36","+43 32 41.1",5.91,"F5IV",218804
114445,"23 10 39.62","-05 57 37.0",6.96,"B8",218769
114449,"23 10 42.62","+17 35 40.0",5.68,"K4III",218792
114453,"23 10 46.62","-29 31 30.0",6.53,"F0V",218759
114456,"23 10 50.15","+45 30 46.7",6.98,"K0",218868
114486,"23 11 10.78","+30 02 35.0",6.9,"K0III",218880
114489,"23 11 14.07","+05 00 15.6",6.66,"M5III:",218853
114501,"23 11 23.51","+50 46 16.8",6.81,"F8",218925
114520,"23 11 44.19","+08 43 12.5",5.15,"A5Vn",218918
114526,"23 11 49.31","+26 50 51.3",6.19,"G8III-IV",218935
114550,"23 12 12.43","-80 54 45.6",6.43,"K4III",218559
114565,"23 12 24.98","+36 58 04.0",6.92,"K0",219028
114570,"23 12 32.92","+49 24 21.5",4.53,"F0V",219080
114604,"23 13 01.54","+42 03 44.1",6.91,"A2",219109
114607,"23 13 04.01","+29 26 29.8",6.34,"G8III",219110
114608,"23 13 05.02","+08 57 48.4",6.69,"M...",219081
114622,"23 13 14.74","+57 10 03.5",5.57,"K3Vvar",219134
114626,"23 13 15.28","-49 37 06.9",6.8,"G8/K0III",219023
114641,"23 13 26.51","+11 03 54.1",5.85,"G5III:",219139
114686,"23 13 59.34","+19 38 02.1",6.47,"K2",219196
114699,"23 14 05.98","-62 41 56.3",6.12,"G5IV",219077
114708,"23 14 07.99","-70 03 30.2",6.9,"G5V",219048
114714,"23 14 14.34","+50 37 04.5",6.32,"A0V",219290
114724,"23 14 19.33","-06 02 54.7",4.22,"M2III",219215
114725,"23 14 21.72","+29 46 18.7",6.41,"F6IVw",219291
114742,"23 14 36.42","+24 06 10.4",6.36,"K2III",219310
114745,"23 14 37.02","+74 13 52.5",5.89,"A0V",219485
114750,"23 14 40.18","-10 41 19.1",6.13,"K5III",219279
114775,"23 14 58.53","-41 06 18.5",5.77,"K2III",219263
114809,"23 15 23.04","+25 40 20.0",6.81,"G5III",219418
114810,"23 15 23.45","-56 41 30.5",6.57,"F0III",219301
114822,"23 15 34.26","-03 29 46.9",5.56,"A3V",219402
114831,"23 15 37.71","+70 53 17.1",5.55,"F0IV",219586
114834,"23 15 40.16","+01 18 30.2",6.76,"F5",219420
114842,"23 15 44.63","-29 50 51.0",6.52,"K0III",219409
114844,"23 15 46.28","+28 14 52.5",6.51,"G5III",219477
114855,"23 15 53.28","-09 05 15.7",4.24,"K0III",219449
114863,"23 15 57.83","+24 46 15.4",6.57,"F5V",219487
114864,"23 15 58.31","-01 25 26.0",6.93,"K0",219461
114868,"23 16 00.75","+35 23 59.4",6.87,"F0",219512
114899,"23 16 25.42","-55 31 37.1",6.93,"F3/F5IV",219458
114904,"23 16 27.05","+61 57 46.6",6.53,"B0Vn",219634
114921,"23 16 39.79","-44 29 20.9",5.92,"K1III",219507
114924,"23 16 42.19","+53 12 50.6",5.58,"F7V",219623
114937,"23 16 49.85","-41 11 40.0",6.49,"K0III",219531
114939,"23 16 50.95","-07 43 35.3",4.93,"M3III",219576
114948,"23 16 57.47","-62 00 04.1",5.64,"F7V",219482
114951,"23 16 58.60","-18 52 23.4",6.93,"K2III",219578
114952,"23 16 59.07","-07 09 39.2",6.71,"F0",219592
114969,"23 17 08.73","-28 26 16.9",6.24,"M1/M2III",219580
114971,"23 17 09.49","+03 16 56.1",3.7,"G7III",219615
114981,"23 17 16.59","+45 09 51.5",6.44,"K0IV",219668
114984,"23 17 18.86","+75 17 56.5",6.35,"A2Vs",219841
114996,"23 17 25.81","-58 14 09.3",3.99,"F1III",219571
114998,"23 17 28.35","-16 10 19.9",6.72,"B5II/III",219639
115011,"23 17 37.32","+18 18 17.5",6.73,"F0",219675
115015,"23 17 40.06","-11 42 46.6",6.33,"A1/A2IV/V",219659
115022,"23 17 44.62","+49 00 55.0",4.82,"M2III",219734
115029,"23 17 53.73","+30 27 30.9",6.99,"K2III",219736
115033,"23 17 54.20","-09 10 57.0",4.41,"B5Vn",219688
115036,"23 17 55.99","+45 29 20.2",6.48,"B9p...",219749
115038,"23 17 56.58","-13 47 42.5",6.59,"K2/K3IIICNp",219702
115043,"23 18 00.73","-61 00 12.4",6.74,"K1IIICN...",219631
115044,"23 18 01.38","+79 52 27.5",6.98,"A2",219977
115054,"23 18 09.79","-40 49 26.6",5.54,"F5V",219693
115062,"23 18 19.99","-67 28 16.4",6.15,"K2/K3III",219644
115065,"23 18 23.33","+41 46 25.3",5.98,"A7m",219815
115077,"23 18 28.91","+27 36 14.1",6.91,"K0III",219800
115078,"23 18 29.64","-18 50 29.7",6.75,"M1III",219758
115088,"23 18 37.41","+68 06 41.1",4.75,"K0III",219916
115098,"23 18 46.03","-47 26 07.3",6.59,"A0V",219761
115102,"23 18 49.43","-32 31 54.6",4.41,"K1III",219784
115113,"23 18 54.82","-30 33 09.9",6.94,"K0III",219804
115115,"23 18 57.65","-09 36 38.6",4.99,"A0V",219832
115120,"23 19 02.37","+45 08 12.4",6.51,"A5Vn",219891
115121,"23 19 03.28","-28 23 16.3",6.49,"K5III",219823
115125,"23 19 06.37","-13 27 17.0",5.19,"K2V",
115126,"23 19 06.51","-13 27 30.4",5.2,"G6/G8IV",219834
115129,"23 19 08.55","-79 28 20.8",6.34,"K0III",219572
115141,"23 19 23.77","+62 44 23.2",6.66,"K5Ibvar",219978
115142,"23 19 23.86","-05 07 27.5",5.56,"F3IV",219877
115144,"23 19 24.11","-18 04 31.4",5.96,"K2/K3III",219879
115145,"23 19 24.47","+35 49 30.5",6.74,"B9",219926
115148,"23 19 27.40","+34 47 35.5",6.32,"B8III",219927
115152,"23 19 29.79","+48 37 30.7",5.44,"K0III",219945
115171,"23 19 41.37","+48 22 51.1",6.29,"K1III",219962
115178,"23 19 43.12","-33 42 28.7",6.35,"K2III",219912
115182,"23 19 48.08","+07 58 55.8",6.91,"K0",219949
115187,"23 19 49.86","+57 14 37.1",6.89,"K2",220007
115191,"23 19 52.38","+42 04 40.9",5.81,"M0III",219981
115197,"23 19 59.72","-47 32 24.6",6.82,"K1III",219914
115198,"23 20 00.65","+61 08 59.4",6.94,"B2IV",220057
115214,"23 20 11.63","+23 05 28.3",6.63,"K2",219992
115218,"23 20 14.37","+61 58 12.5",6.39,"K1V",220074
115220,"23 20 15.68","-03 55 07.9",6.64,"F2",219983
115227,"23 20 20.54","+05 22 53.2",5.05,"K2III",220009
115228,"23 20 20.82","+60 16 29.2",6.62,"F5II",220102
115245,"23 20 34.54","+62 12 47.8",6.41,"K2III",220130
115249,"23 20 38.11","+21 11 21.8",6.92,"K2",220043
115250,"23 20 38.22","+23 44 25.3",4.58,"A5V",220061
115257,"23 20 40.95","-05 54 28.2",6.17,"K0III",220035
115261,"23 20 44.11","+44 06 58.5",6.25,"A5Vn",220105
115271,"23 20 49.50","+30 24 54.3",5.58,"M0III",220088
115272,"23 20 50.13","-50 18 23.0",6.04,"Fm...",220003
115280,"23 20 53.17","+38 10 56.9",5.77,"F5V",220117
115284,"23 20 55.98","-18 32 36.2",6.99,"K0/K1III+..",220065
115288,"23 20 57.57","+17 15 09.3",6.67,"A9III",220091
115312,"23 21 15.51","-26 59 12.3",5.65,"G5IV",220096
115316,"23 21 21.55","-04 40 21.7",6.79,"A0",220134
115355,"23 21 54.93","+31 48 44.9",5.35,"B6III",220222
115360,"23 21 58.31","+26 36 32.8",6.59,"F5V",220242
115366,"23 22 04.94","+28 41 42.0",6.74,"F5III",220254
115389,"23 22 28.58","+25 55 06.6",6.38,"K3III",220288
115395,"23 22 32.52","+60 08 00.6",5.56,"K3II",220369
115404,"23 22 39.10","-15 02 21.8",5.19,"A3V",220278
115407,"23 22 40.50","+20 49 43.5",6.28,"B9.5V",220318
115417,"23 22 48.48","+20 33 32.3",6.62,"G2V",220334
115433,"23 22 56.68","-60 03 21.0",6.08,"M3III",220263
115438,"23 22 58.30","-20 06 01.2",3.96,"K0III",220321
115444,"23 23 04.56","+12 18 50.2",5.09,"K3III",220363
115462,"23 23 22.09","-55 33 12.1",6.57,"K2III",220330
115476,"23 23 31.90","+00 17 28.7",6.33,"K2",220406
115484,"23 23 38.41","+54 01 51.5",6.84,"A2",220485
115495,"23 23 45.32","-08 27 36.3",6.69,"K0",220436
115496,"23 23 45.41","-43 07 28.0",6.12,"K3III",220401
115500,"23 23 47.38","+32 31 52.4",6.7,"FVw",220460
115503,"23 23 51.56","+65 20 36.3",6.97,"F2",220550
115510,"23 23 54.45","-53 48 31.2",6.13,"A4III",220392
115522,"23 24 04.02","-21 46 27.2",6.46,"F3IV/V",220466
115528,"23 24 07.76","-18 41 17.2",6.18,"K0III",220465
115529,"23 24 07.91","+57 32 07.9",6.79,"B2V",220562
115530,"23 24 08.88","+41 36 46.3",6.37,"M0",220524
115537,"23 24 13.24","-51 53 27.9",5.75,"M0III",220440
115544,"23 24 16.47","+03 42 56.1",6.62,"K2III comp",220512
115547,"23 24 18.86","-72 09 54.3",6.88,"G0V",220367
115549,"23 24 19.10","+23 45 35.8",6.97,"K0III",220539
115550,"23 24 20.91","+86 25 03.9",6.61,"F0",221142
115567,"23 24 34.91","+41 06 46.5",6.72,"B8III",220575
115569,"23 24 35.96","+63 51 12.8",6.75,"K0",220638
115590,"23 24 50.25","+62 16 58.2",4.96,"M1III",220652
115591,"23 24 50.82","+32 23 05.5",5.56,"B9III",220599
115620,"23 25 19.37","-56 50 56.2",5.6,"K0III",220572
115623,"23 25 22.66","+23 24 14.4",4.42,"F8IV",220657
115643,"23 25 36.11","+52 58 46.2",6.76,"M0",220719
115645,"23 25 38.82","+68 57 21.7",6.81,"K0",220781
115646,"23 25 39.44","+24 57 13.6",6.97,"A3",220694
115669,"23 26 02.82","-20 38 30.7",4.38,"K4III",220704
115678,"23 26 11.78","+70 41 07.5",6.66,"A2",220841
115681,"23 26 12.26","-27 25 28.7",6.58,"G8III",220717
115691,"23 26 20.95","+61 05 12.7",6.6,"F0II",220819
115696,"23 26 27.34","+40 23 13.0",6.81,"G5",220807
115709,"23 26 35.44","-21 44 27.0",6.43,"K0III",220766
115713,"23 26 36.54","-52 43 18.9",5.53,"F4V",220729
115724,"23 26 43.65","+02 28 42.0",6.72,"K0",220796
115738,"23 26 55.91","+01 15 21.0",4.95,"A0p",220825
115742,"23 26 57.04","-15 14 51.7",6.91,"A3III",220811
115746,"23 26 59.92","+87 18 26.8",5.56,"A7IV",221525
115755,"23 27 07.33","+42 54 43.1",5.75,"B9III",220885
115756,"23 27 07.47","-66 34 51.1",6.47,"K4III",220759
115759,"23 27 09.08","-50 09 26.2",6.22,"B9V",220802
115760,"23 27 09.57","-62 44 13.7",6.84,"M0II/III",220780
115768,"23 27 14.77","+01 07 21.7",6.26,"G7III",220858
115769,"23 27 14.93","-58 28 34.6",5.63,"G8III",220790
115770,"23 27 16.42","+70 21 35.3",5.6,"A6IV",220974
115772,"23 27 17.22","+65 37 15.8",6.84,"K0",220940
115806,"23 27 40.37","+25 10 02.5",5.99,"A0MNp...",220933
115827,"23 27 56.46","-15 17 57.1",6.73,"K5III",220935
115830,"23 27 58.17","+06 22 44.8",4.27,"K1III",220954
115833,"23 28 00.69","-35 32 40.2",6.34,"K2III",220929
115836,"23 28 03.57","-87 28 56.1",5.5,"K2III",219765
115839,"23 28 05.14","-11 26 58.9",6.37,"G6/G8III",220957
115856,"23 28 23.55","+19 53 08.2",6.67,"F0",221011
115858,"23 28 25.25","-25 25 13.8",6.9,"A3",220978
115892,"23 28 46.70","-05 23 21.8",6.99,"K2",221044
115899,"23 28 51.98","+53 40 00.5",6.94,"K0",221124
115902,"23 28 57.67","+75 13 31.6",6.65,"A0",221215
115906,"23 29 00.69","-09 15 57.7",6.2,"K0",221081
115907,"23 29 00.80","-44 29 52.9",6.43,"K2III",221051
115908,"23 29 00.93","-63 06 38.2",5.66,"Ap Si",221006
115915,"23 29 05.70","+23 02 53.8",6.45,"G9III",221113
115919,"23 29 09.26","+12 45 37.8",4.54,"G8III",221115
115930,"23 29 16.92","-54 30 05.2",6.53,"K0III",221069
115942,"23 29 25.79","-52 40 42.8",6.8,"K0III",221099
115944,"23 29 26.93","+46 27 53.8",6.88,"A2",221169
115945,"23 29 27.00","-01 47 28.2",6.35,"K0",221147
115951,"23 29 30.32","-01 02 09.0",6.88,"G0",221146
115953,"23 29 31.98","-04 31 55.9",6.26,"K3IIIvar",221148
115990,"23 30 01.92","+58 32 56.1",4.89,"B3IV",221253
115996,"23 30 07.39","+49 07 59.3",6.19,"K5III",221246
116025,"23 30 34.20","-41 59 19.0",6.78,"K2III",221241
116030,"23 30 39.54","+38 39 44.0",6.07,"G9III",221293
116060,"23 31 01.15","-06 17 16.8",6.39,"K0",221308
116076,"23 31 17.20","+39 14 11.0",5.22,"K0III",221345
116085,"23 31 20.95","+59 09 54.9",6.76,"K2V",221354
116097,"23 31 26.92","-44 50 36.7",6.02,"K0III",221323
116102,"23 31 30.12","+28 39 58.3",6.53,"K0III",221364
116106,"23 31 31.40","-04 05 13.0",6.5,"F8V",221356
116118,"23 31 42.04","-21 22 10.0",6.24,"F0V",221357
116119,"23 31 43.05","+28 24 12.7",6.41,"A1p Sr(CrEu)",221394
116127,"23 31 50.28","+44 04 22.2",6.78,"K2",221422
116131,"23 31 51.66","-41 45 08.6",6.57,"K2III",221370
116141,"23 31 55.99","-25 44 39.1",6.57,"K0III",221387
116146,"23 31 57.56","-01 05 09.3",6.39,"K1III",221409
116161,"23 32 11.48","+65 44 20.9",6.65,"F0",221512
116163,"23 32 12.67","-11 32 40.3",6.64,"K5/M0",221427
116164,"23 32 12.71","+07 05 06.1",6.8,"F5",221445
116181,"23 32 24.78","+34 57 08.5",6.66,"B8V",221491
116183,"23 32 25.89","-10 59 55.6",6.78,"G5",221472
116187,"23 32 29.03","+23 50 37.2",6.41,"K5",221493
116188,"23 32 29.30","+72 00 03.5",6.73,"A2",221583
116196,"23 32 34.99","+53 41 11.0",6.83,"K0",221538
116204,"23 32 40.60","-45 07 17.3",6.9,"A1V",221473
116228,"23 32 56.44","+46 07 25.3",6.61,"M0",221588
116231,"23 32 58.19","-37 49 06.1",4.38,"B9.5IVMNpe.",221507
116247,"23 33 16.63","-20 54 52.3",4.7,"A0V",221565
116250,"23 33 19.55","-77 23 07.2",5.82,"G2V",221420
116265,"23 33 28.08","+24 20 32.7",6.91,"A5",221605
116264,"23 33 28.09","+22 29 55.7",5.33,"M5IIIa",221615
116266,"23 33 28.62","-04 24 04.5",6.92,"F5",221600
116277,"23 33 34.64","+17 49 07.6",6.81,"G2IV",221627
116292,"23 33 42.99","+45 03 29.1",6.25,"G8II",221661
116297,"23 33 49.22","+46 40 52.0",6.81,"K0",221672
116307,"23 33 55.50","+20 50 27.5",6.1,"M3III",221662
116310,"23 33 57.15","+31 19 31.2",4.97,"K4III",221673
116312,"23 33 58.19","+43 54 15.2",6.93,"B9",221681
116323,"23 34 08.95","-01 14 51.1",5.91,"A2m",221675
116338,"23 34 25.10","+05 28 14.0",6.9,"F2",221701
116354,"23 34 37.55","+40 14 11.6",5.55,"A1III",221756
116355,"23 34 38.21","+33 29 50.2",5.63,"K0III:",221758
116365,"23 34 46.73","+38 01 26.3",6.18,"K5",221776
116368,"23 34 49.33","-15 14 44.9",5.95,"K4III",221745
116370,"23 34 50.34","-42 41 03.4",6.65,"A5V",221736
116380,"23 34 59.03","+71 38 31.4",5.86,"K0Ib",221861
116383,"23 34 59.61","+24 25 33.1",6.67,"K1III-IV",221786
116387,"23 35 02.17","-56 49 31.1",6.73,"F2IV",221738
116389,"23 35 04.53","-42 36 54.4",4.69,"A2V",221760
116396,"23 35 10.90","+12 39 43.6",6.95,"A3",221813
116417,"23 35 26.82","+08 31 11.1",6.68,"K5",221832
116418,"23 35 27.09","+52 17 27.5",6.9,"K0",221863
116421,"23 35 28.53","+31 00 59.6",6.86,"F9V",221830
116422,"23 35 28.61","+01 18 47.5",6.47,"K0",221833
116427,"23 35 31.22","+32 11 52.3",6.53,"K0",221850
116428,"23 35 32.07","-07 27 52.1",6.4,"G5III:",221835
116436,"23 35 39.99","-27 29 24.4",6.66,"F8V",221839
116440,"23 35 42.60","+51 15 50.1",6.87,"M1III",221913
116465,"23 35 55.94","+24 33 39.6",6.44,"M1III",221905
116482,"23 36 09.66","-26 52 34.7",6.57,"A2m...",221907
116495,"23 36 23.35","+02 06 07.5",5.68,"F6Vbwvar",221950
116505,"23 36 30.52","+32 54 15.1",6.35,"F6V",221970
116510,"23 36 33.96","-44 53 34.0",6.92,"A7III",221943
116539,"23 37 05.35","-31 52 16.1",6.51,"K1III",222004
116582,"23 37 32.03","+44 25 44.5",5.81,"B8V",222109
116584,"23 37 33.71","+46 27 33.0",3.81,"G8III-IV",222107
116591,"23 37 39.54","-13 03 37.1",5.66,"K0III",222093
116592,"23 37 39.66","+16 49 31.8",6.26,"A1V",222098
116602,"23 37 50.94","-45 29 32.4",4.74,"A2V",222095
116611,"23 37 56.77","+18 24 02.2",5.49,"A1Vn",222133
116613,"23 37 58.19","+46 11 58.1",6.58,"G5",222143
116624,"23 38 02.98","-15 05 41.4",6.38,"K0III",222125
116626,"23 38 03.62","+43 04 40.4",6.96,"K0",222174
116631,"23 38 08.18","+43 16 05.1",4.29,"B8V",222173
116639,"23 38 12.38","-08 37 39.0",6.89,"G5",222157
116650,"23 38 22.17","+58 39 14.7",6.99,"K1III",222218
116653,"23 38 23.69","-76 52 10.2",5.99,"K0II/III",222060
116657,"23 38 26.44","+42 30 41.4",6.91,"B9",222207
116679,"23 38 43.65","-62 53 07.7",6.63,"G6IV",222167
116687,"23 38 49.11","+62 08 05.9",6.59,"A3II",222275
116709,"23 39 08.35","+50 28 18.3",5.35,"B9V",222304
116714,"23 39 10.16","+75 17 34.3",5.95,"A3V",222386
116727,"23 39 20.98","+77 37 55.1",3.21,"K1IV",222404
116728,"23 39 21.17","+74 00 09.4",5.98,"G8III",222387
116737,"23 39 27.92","-46 38 16.4",6.07,"A+...",222287
116749,"23 39 41.06","-66 15 13.1",6.92,"K5III",222272
116758,"23 39 47.04","-14 13 19.4",4.97,"A7IV",222345
116765,"23 39 52.87","+63 43 31.6",6.85,"A2",222407
116768,"23 39 54.99","+09 40 38.4",5.99,"A2m",222377
116771,"23 39 56.82","+05 37 38.5",4.13,"F7V",222368
116774,"23 39 59.86","-47 19 35.4",6.94,"K1III",222363
116777,"23 40 01.06","+27 30 53.7",6.66,"K1III",222390
116781,"23 40 02.82","+37 39 10.2",6.49,"F2IV",222399
116805,"23 40 24.44","+44 20 02.3",4.15,"B9IVn",222439
116820,"23 40 38.21","-32 04 22.8",5.3,"K0III",222433
116824,"23 40 40.47","+36 43 14.6",6.24,"F1V",222451
116847,"23 41 04.56","+41 51 02.0",6.85,"K2",222499
116849,"23 41 05.55","+46 13 06.0",6.97,"F5",222516
116851,"23 41 06.98","-24 09 37.6",6.61,"M1III",222485
116853,"23 41 08.87","-11 40 50.4",5.89,"K0III",222493
116876,"23 41 26.80","+49 30 44.9",6.26,"A4V",222570
116882,"23 41 29.62","+40 33 16.8",6.92,"F5",222556
116889,"23 41 34.51","-18 01 36.8",5.36,"K4/K5III",222547
116901,"23 41 45.80","-17 48 59.5",4.82,"G2Ib/II",222574
116912,"23 41 54.56","+57 15 35.9",6.24,"G8III",222618
116918,"23 41 56.71","+07 15 02.3",5.89,"A3Vn",222602
116928,"23 42 02.88","+01 46 49.5",4.49,"A7V",222603
116940,"23 42 14.25","+44 45 19.7",6.99,"F0",222642
116941,"23 42 14.68","+44 59 30.3",6.43,"K5III",222641
116948,"23 42 20.93","+64 30 55.4",6.52,"M2III:",222670
116957,"23 42 27.81","-15 26 52.7",5.27,"K3III",222643
116962,"23 42 31.41","+61 40 45.8",6.4,"K2III",222682
116971,"23 42 43.28","-14 32 41.1",4.49,"B9V",222661
116972,"23 42 43.81","+16 20 08.5",6.3,"K0",222683
116991,"23 43 05.03","+51 56 21.6",6.44,"K0",222748
116993,"23 43 05.66","+53 09 09.4",6.63,"B8",222762
116994,"23 43 05.95","-46 18 43.8",6.63,"G8IV",222688
117020,"23 43 22.36","+10 19 53.4",5.09,"M2III",222764
117057,"23 43 51.79","-33 25 39.9",6.95,"F5V",222801
117060,"23 43 53.97","-45 27 44.7",6.84,"K1III",222804
117073,"23 43 59.44","+29 21 41.6",4.93,"K0III",222842
117075,"23 44 01.05","-45 04 59.3",6.08,"G8IV",222803
117088,"23 44 12.03","-64 24 16.3",5.73,"K3II",222820
117089,"23 44 12.06","-18 16 36.9",5.24,"B9V",222847
117105,"23 44 25.00","-70 29 25.4",6.06,"G8IV",222805
117107,"23 44 29.10","-26 14 47.7",6.23,"F3/F5V",222872
117125,"23 44 40.68","-78 47 29.2",5.74,"K1III",222806
117129,"23 44 45.40","+43 44 46.5",6.93,"A0",222922
117133,"23 44 48.37","+55 47 58.9",6.46,"G4III:",222932
117137,"23 44 48.93","+07 11 30.6",6.88,"K0",222919
117155,"23 45 04.00","+21 23 23.7",6.76,"K2",222940
117173,"23 45 21.77","+10 10 47.5",6.54,"A3",222962
117182,"23 45 29.31","+20 24 55.7",6.56,"K0",222978
117218,"23 46 00.84","-18 40 42.1",5.28,"F2:V+...",223024
117219,"23 46 01.18","-40 10 56.9",6.32,"A7V",223011
117221,"23 46 02.04","+46 25 13.0",4.97,"G5Ib",223047
117245,"23 46 23.54","+03 29 12.7",4.95,"C5II",223075
117246,"23 46 25.52","+28 42 13.1",6.97,"K5III",223094
117265,"23 46 36.73","+66 46 56.1",5.95,"B2IV",223128
117299,"23 47 01.91","+57 27 05.0",5.55,"K3II",223173
117301,"23 47 03.39","+58 39 06.7",4.88,"K1III",223165
117314,"23 47 15.94","-11 54 39.2",5.74,"K0III",223170
117315,"23 47 15.99","-50 13 35.1",5.18,"B3V",223145
117320,"23 47 21.16","-48 16 30.2",6.89,"G2V",223171
117324,"23 47 23.28","-68 23 38.0",6.89,"F2V",223148
117332,"23 47 29.38","+25 34 46.5",6.78,"K3III",223211
117340,"23 47 33.05","+46 49 57.3",6.08,"B3IV",223229
117371,"23 47 54.75","+67 48 24.5",5.05,"A1Vn",223274
117374,"23 47 56.35","-66 34 02.9",6.73,"F5V",223226
117375,"23 47 56.49","-02 45 41.8",5.49,"G8III",223252
117389,"23 48 06.97","-50 53 27.1",6.88,"G8III",223256
117394,"23 48 12.11","+08 14 44.4",6.66,"F0",223277
117398,"23 48 14.46","+07 09 47.7",6.89,"G5",223292
117420,"23 48 32.48","-06 22 49.4",6.09,"K4III",223311
117426,"23 48 35.39","+36 16 28.4",6.95,"G0",223331
117430,"23 48 39.03","+64 52 35.3",6.41,"A0sp...",223358
117444,"23 48 48.10","-47 39 00.0",6.65,"G8III",223328
117445,"23 48 49.36","+02 12 52.2",6.47,"F5III-IV",223346
117447,"23 48 50.17","+62 12 52.3",5.43,"A3Ia comp",223385
117450,"23 48 53.91","+59 58 44.2",6.33,"A0V",223386
117452,"23 48 55.48","-28 07 48.1",4.59,"A0V",223352
117453,"23 48 55.81","-46 50 31.8",6.97,"M0/M1III",223341
117472,"23 49 11.89","+58 57 47.6",6.36,"F2IV",223421
117481,"23 49 19.58","-27 51 14.9",6.95,"F6/F7V",223408
117491,"23 49 27.48","+01 04 34.3",5.77,"A5m",223438
117494,"23 49 31.58","-15 51 40.3",6.21,"K1/K2III",223428
117500,"23 49 39.35","+28 50 32.4",5.95,"A2m",223461
117503,"23 49 40.96","+36 25 31.4",5.86,"G1IIIe",223460
117507,"23 49 44.69","-62 50 21.9",6.59,"K5III",223444
117510,"23 49 49.61","-25 19 52.6",6.44,"A3V",223466
117528,"23 50 06.06","-11 06 11.2",6.78,"F2",223509
117541,"23 50 14.65","-09 58 27.6",5.93,"K0IV",223524
117551,"23 50 22.12","+51 37 18.1",6.47,"F3V",223552
117553,"23 50 24.44","+63 44 37.1",6.95,"K2",223578
117557,"23 50 26.90","-14 34 44.8",6.68,"K3III",223542
117567,"23 50 33.26","-14 24 05.2",5.7,"K4III",223559
117571,"23 50 35.63","-47 22 37.3",6.49,"G8III",223549
117602,"23 50 59.26","+63 59 05.5",6.81,"A0",223624
117605,"23 51 01.01","-48 39 33.7",6.85,"K1III",223600
117607,"23 51 06.80","+02 14 16.3",6.96,"G5",223617
117622,"23 51 18.53","+40 11 55.3",6.78,"F8",223636
117628,"23 51 21.25","+09 18 48.6",5.77,"M3III",223637
117629,"23 51 21.32","-18 54 33.0",5.17,"Ap Si",223640
117655,"23 51 39.33","-34 41 29.5",6.7,"K0III",223666
117656,"23 51 40.20","+04 41 52.2",6.82,"K2",223685
117659,"23 51 43.05","-40 49 39.1",6.65,"K2III",223677
117672,"23 51 50.86","+42 54 35.4",6.82,"K0",223705
117673,"23 51 52.45","+37 53 29.1",6.95,"F5...",223718
117674,"23 51 53.56","+04 44 43.3",6.79,"A2",223707
117681,"23 51 56.92","+77 35 58.6",6.56,"F5V",223731
117683,"23 51 57.83","+02 55 49.5",5.59,"K4II",223719
117689,"23 52 06.69","-82 01 07.6",5.1,"G7III",223647
117710,"23 52 23.42","+21 40 16.0",6.13,"M2III",223755
117712,"23 52 24.52","+75 32 40.2",6.36,"K3V",223778
117718,"23 52 29.29","+19 07 13.3",5.06,"M2III",223768
117722,"23 52 30.05","-14 15 04.3",5.85,"K2III",223774
117730,"23 52 37.12","+10 56 50.4",5.3,"A4Vn",223781
117734,"23 52 39.87","-18 33 42.7",6.83,"A1V",223785
117735,"23 52 40.21","+21 44 33.4",6.68,"G9III",223792
117737,"23 52 40.88","-24 59 06.7",6.77,"K1III",223786
117756,"23 52 50.49","-08 59 48.1",5.76,"K0III",223807
117761,"23 52 55.52","-03 09 19.4",5.93,"G9III",223825
117762,"23 52 56.31","+36 57 16.1",6.52,"G0",223848
117769,"23 53 00.07","+41 20 44.5",6.94,"M2III",223835
117770,"23 53 00.88","+17 53 59.3",6.57,"K2",223837
117774,"23 53 04.75","+02 05 26.3",6.29,"A1V",223855
117775,"23 53 04.84","+60 42 16.2",6.71,"K5",223866
117797,"23 53 20.81","-24 13 45.2",6.23,"A5V",223884
117807,"23 53 34.25","+51 31 21.2",6.78,"K0",223916
117815,"23 53 39.94","-65 56 50.4",6.64,"G0V",223913
117825,"23 53 48.58","-83 00 25.1",6.79,"M0III",223833
117830,"23 53 49.99","+60 51 12.3",6.92,"A0Ia comp",223960
117844,"23 54 04.00","+39 16 56.9",6.62,"F8",223971
117860,"23 54 21.39","-27 02 34.5",6.34,"A2V+...",223991
117863,"23 54 23.04","+57 29 57.8",4.51,"F8Iavar",224014
117880,"23 54 38.34","-40 18 00.5",6.03,"F8IV",224022
117887,"23 54 46.65","+00 06 33.6",5.78,"M5IIb",224062
117888,"23 54 47.56","+18 44 48.5",6.92,"K3III",224060
117893,"23 54 49.28","+74 24 36.4",6.59,"B9",224098
117906,"23 54 56.38","+29 28 32.2",6.77,"B9",224083
117917,"23 55 03.86","-09 27 38.2",6.73,"F0",224093
117925,"23 55 07.33","+47 43 42.8",6.97,"K0",224100
117927,"23 55 07.78","+07 04 15.7",6.22,"B9V",224103
117931,"23 55 16.57","-31 55 17.3",6.09,"B6/B7",224113
117932,"23 55 16.68","-31 53 03.4",6.84,"A",224112
117939,"23 55 23.02","+25 57 18.1",6.52,"K5",224128
117954,"23 55 32.56","+52 44 07.9",6.61,"K0",224152
117956,"23 55 33.48","+47 21 21.0",6.01,"G8Ib",224165
117957,"23 55 33.84","+57 24 43.8",6.03,"B0.5IIv SB",224151
117962,"23 55 37.70","+08 13 23.9",6.84,"A0",224155
117963,"23 55 37.93","+46 21 30.0",6.94,"B9",224166
117978,"23 55 45.71","-13 09 08.7",6.6,"K1III",224172
117979,"23 55 47.64","+48 13 13.4",6.69,"K0",224175
117986,"23 55 54.63","+15 13 49.1",6.45,"M3",224186
117990,"23 55 58.38","+21 09 57.3",6.75,"A5",224204
118027,"23 56 27.56","+83 11 28.0",6.57,"A3V",224309
118029,"23 56 29.94","-24 44 14.1",6.31,"G8III/IV",224283
118048,"23 56 41.52","+22 38 53.2",6.18,"M2III",224303
118054,"23 56 47.29","+04 43 30.4",6.87,"F0",224315
118057,"23 56 55.63","+55 50 25.3",6.56,"K0",224320
118071,"23 57 03.63","+42 39 29.7",6.01,"F8III",224342
118076,"23 57 08.12","-26 37 24.6",6.26,"K3III",224350
118077,"23 57 08.49","+55 42 20.6",5.57,"G8Ib",224355
118081,"23 57 10.14","-20 50 01.0",6.45,"G8/K0III",224349
118090,"23 57 19.52","+61 01 34.4",6.63,"M0",224364
118092,"23 57 19.78","-62 57 23.8",5.95,"A2p",224361
118114,"23 57 32.99","-82 10 11.1",5.72,"K0III",224362
118116,"23 57 33.52","+60 01 25.0",6.47,"B9III-IV",224404
118121,"23 57 34.97","-64 17 53.1",5.0,"A1V",224392
118131,"23 57 45.55","+25 08 29.3",4.63,"M3III",224427
118133,"23 57 46.20","+11 28 27.8",6.65,"B9V",224429
118162,"23 58 06.86","+50 26 49.5",6.72,"G5",224465
118177,"23 58 21.14","+35 00 46.9",6.7,"A3",224492
118178,"23 58 21.17","-15 50 50.9",6.28,"K1IIICN...",224481
118179,"23 58 21.65","-63 00 11.2",6.86,"G8IV",224472
118197,"23 58 31.06","-57 16 50.9",6.69,"G3III/IV",224505
118209,"23 58 40.41","-03 33 20.9",4.88,"G9III",224533
118214,"23 58 46.43","+46 24 47.4",6.55,"B4Vne",224559
118224,"23 58 49.24","+32 22 54.2",6.53,"B6IVe",224544
118234,"23 58 55.72","-52 44 45.4",5.13,"K1III",224554
118243,"23 59 00.53","+55 45 17.8",4.88,"B1V...",224572
118256,"23 59 09.64","-42 14 13.0",6.78,"A7Vn",224596
118268,"23 59 18.60","+06 51 48.9",4.03,"F4IV",224617
118277,"23 59 27.90","-29 29 06.6",5.59,"K5III",224630
118281,"23 59 29.33","+33 43 26.9",5.81,"F8",224635
118285,"23 59 30.37","+86 42 23.1",6.75,"A0",224687
118298,"23 59 40.62","-05 53 34.5",6.55,"G5",224661
118307,"23 59 46.49","-00 16 48.2",6.83,"M2III:",224677
118309,"23 59 47.81","+11 16 24.3",6.74,"A2",224674
118318,"23 59 51.30","+11 40 25.4",6.99,"K2",224673
118322,"23 59 54.91","-65 34 37.5",4.49,"B9IV",224686
